fixture_id	method	method_short	background_recording_id	background_window_id	mad_stratum	injection_seed	source_count	crowding_case	source_index	morphology	truth_center_y	truth_center_x	source_on_truth_center_score_z	intervention_truth_center_score_z	source_on_native_full_pixel_rank	source_on_native_full_pixel_count	source_on_local_pixel_rank	source_on_local_pixel_count	intervention_local_pixel_rank	source_on_top4_cutoff_score_z	source_on_top4_cutoff_margin_z	source_on_strongest_outside_match_radius_score_z	source_on_strongest_outside_match_radius_margin_z	source_on_strongest_outside_match_radius_distance_px	source_on_top4_min_distance_to_truth_px	source_on_top4_displaced	source_on_recovered	intervention_recovered	classification	native_candidates_semantics
060126_10_rest__window_1_low_mad__sources_1__seed_3101	raw_frozen_handcrafted_stack	raw	060126_10_rest	060126_10_rest__window_1_low_mad	low_mad	3101	1	single	0	crescent	40	41	3.977637628049545	3.2015655481122796	2	4096	1	49	1	3.558248937942302	0.419388690107243	4.0909068668819755	-0.11326923883243056	28.42534080710379	0.0	False	True	True	recovered_source_on	unknown_not_negative
060126_10_rest__window_1_low_mad__sources_1__seed_3101	jepa_conditional_pixel_residual_frozen_handcrafted_stack	jepa_residual	060126_10_rest	060126_10_rest__window_1_low_mad	low_mad	3101	1	single	0	crescent	40	41	0.3770564513500625	0.22113553442404243	1439	4096	23	49	22	2.688188968326022	-2.3111325169759596	3.3164907774569246	-2.939434326106862	31.144823004794873	31.144823004794873	True	False	True	native_background_competition	unknown_not_negative
060126_10_rest__window_1_low_mad__sources_1__seed_3101	random_encoder_conditional_pixel_residual_frozen_handcrafted_stack	random_residual	060126_10_rest	060126_10_rest__window_1_low_mad	low_mad	3101	1	single	0	crescent	40	41	2.4672938858133695	2.0109341530660734	68	4096	8	49	1	3.518569501033111	-1.0512756152197413	4.0211978895685885	-1.553904003755219	19.924858845171276	19.4164878389476	True	False	True	native_background_competition	unknown_not_negative
060126_10_rest__window_1_low_mad__sources_1__seed_3102	raw_frozen_handcrafted_stack	raw	060126_10_rest	060126_10_rest__window_1_low_mad	low_mad	3102	1	single	0	ellipse	29	49	3.9129626606963814	2.359130199367708	5	4096	4	49	3	3.558248937942302	0.35471372275407953	4.0909068668819755	-0.17794420618559403	32.202484376209235	2.23606797749979	False	True	True	recovered_source_on	unknown_not_negative
060126_10_rest__window_1_low_mad__sources_1__seed_3102	jepa_conditional_pixel_residual_frozen_handcrafted_stack	jepa_residual	060126_10_rest	060126_10_rest__window_1_low_mad	low_mad	3102	1	single	0	ellipse	29	49	3.494184312081896	1.8492492234220705	2	4096	2	49	2	2.8326314631440006	0.6615528489378955	3.2664978610357007	0.22768645104619534	39.81205847478876	1.4142135623730951	False	True	True	recovered_source_on	unknown_not_negative
060126_10_rest__window_1_low_mad__sources_1__seed_3102	random_encoder_conditional_pixel_residual_frozen_handcrafted_stack	random_residual	060126_10_rest	060126_10_rest__window_1_low_mad	low_mad	3102	1	single	0	ellipse	29	49	0.7360864122113056	1.476614984054696	1028	4096	16	49	3	3.4990956293647453	-2.7630092171534395	3.917316255577362	-3.181229843366056	16.1245154965971	2.0	False	True	True	recovered_source_on	unknown_not_negative
060126_10_rest__window_1_low_mad__sources_1__seed_3103	raw_frozen_handcrafted_stack	raw	060126_10_rest	060126_10_rest__window_1_low_mad	low_mad	3103	1	single	0	crescent	48	12	3.3611311474139445	-0.06571411533862515	10	4096	1	49	40	3.474147491956623	-0.11301634454267839	4.0909068668819755	-0.729775719468031	51.97114584074513	38.07886552931954	True	False	True	native_background_competition	unknown_not_negative
060126_10_rest__window_1_low_mad__sources_1__seed_3103	jepa_conditional_pixel_residual_frozen_handcrafted_stack	jepa_residual	060126_10_rest	060126_10_rest__window_1_low_mad	low_mad	3103	1	single	0	crescent	48	12	2.274486530859446	1.6894337776481994	44	4096	8	49	2	2.710647112815366	-0.43616058195592	3.2504866610697545	-0.9760001302103083	11.180339887498949	2.0	False	True	True	recovered_source_on	unknown_not_negative
060126_10_rest__window_1_low_mad__sources_1__seed_3103	random_encoder_conditional_pixel_residual_frozen_handcrafted_stack	random_residual	060126_10_rest	060126_10_rest__window_1_low_mad	low_mad	3103	1	single	0	crescent	48	12	1.2912148681364568	1.6382371175724648	494	4096	4	49	1	3.4797574972779928	-2.188542629141536	4.004927311935773	-2.7137124437993156	35.4682957019364	31.304951684997057	True	False	True	native_background_competition	unknown_not_negative
060126_10_rest__window_1_low_mad__sources_2__seed_3101	raw_frozen_handcrafted_stack	raw	060126_10_rest	060126_10_rest__window_1_low_mad	low_mad	3101	2	separated	0	ellipse	52	20	3.7620762298039505	0.8428423746960099	6	4096	2	49	9	3.599202089459877	0.16287414034407366	4.0909068668819755	-0.32883063707802496	43.41658669218482	1.4142135623730951	False	True	True	recovered_source_on	unknown_not_negative
060126_10_rest__window_1_low_mad__sources_2__seed_3101	raw_frozen_handcrafted_stack	raw	060126_10_rest	060126_10_rest__window_1_low_mad	low_mad	3101	2	separated	1	crescent	11	24	2.374142325437302	1.221219782471828	88	4096	4	49	11	3.599202089459877	-1.2250597640225749	4.0909068668819755	-1.7167645414446735	61.07372593840988	21.840329667841555	True	False	True	native_background_competition	unknown_not_negative
060126_10_rest__window_1_low_mad__sources_2__seed_3101	jepa_conditional_pixel_residual_frozen_handcrafted_stack	jepa_residual	060126_10_rest	060126_10_rest__window_1_low_mad	low_mad	3101	2	separated	0	ellipse	52	20	1.807107434889688	1.3751470367603613	111	4096	4	49	4	2.6765185074055076	-0.8694110725158195	3.317450338328011	-1.510342903438323	18.027756377319946	12.165525060596439	True	False	True	native_background_competition	unknown_not_negative
060126_10_rest__window_1_low_mad__sources_2__seed_3101	jepa_conditional_pixel_residual_frozen_handcrafted_stack	jepa_residual	060126_10_rest	060126_10_rest__window_1_low_mad	low_mad	3101	2	separated	1	crescent	11	24	-0.2663043880123056	0.6497731813952267	2494	4096	21	49	8	2.6765185074055076	-2.9428228954178133	3.317450338328011	-3.5837547263403167	29.5296461204668	15.811388300841896	True	False	True	native_background_competition	unknown_not_negative
060126_10_rest__window_1_low_mad__sources_2__seed_3101	random_encoder_conditional_pixel_residual_frozen_handcrafted_stack	random_residual	060126_10_rest	060126_10_rest__window_1_low_mad	low_mad	3101	2	separated	0	ellipse	52	20	1.5595359444172354	0.6166616104903561	343	4096	8	49	16	3.484900124036627	-1.9253641796193914	4.091216732556994	-2.5316807881397585	34.438350715445125	32.55764119219941	True	False	True	native_background_competition	unknown_not_negative
060126_10_rest__window_1_low_mad__sources_2__seed_3101	random_encoder_conditional_pixel_residual_frozen_handcrafted_stack	random_residual	060126_10_rest	060126_10_rest__window_1_low_mad	low_mad	3101	2	separated	1	crescent	11	24	2.1902623875610203	1.5037815955075216	113	4096	6	49	7	3.484900124036627	-1.2946377364756065	4.091216732556994	-1.9009543449959736	14.866068747318506	9.219544457292887	True	False	True	native_background_competition	unknown_not_negative
060126_10_rest__window_1_low_mad__sources_2__seed_3102	raw_frozen_handcrafted_stack	raw	060126_10_rest	060126_10_rest__window_1_low_mad	low_mad	3102	2	overlap	0	ellipse	30	30	2.056500204289427	1.3590578924646857	162	4096	11	49	20	3.558248937942302	-1.501748733652875	4.0909068668819755	-2.0344066625925485	43.278170016764804	1.4142135623730951	False	False	False	attenuation_or_response_failure	unknown_not_negative
060126_10_rest__window_1_low_mad__sources_2__seed_3102	raw_frozen_handcrafted_stack	raw	060126_10_rest	060126_10_rest__window_1_low_mad	low_mad	3102	2	overlap	1	crescent	32	31	4.760884517158066	4.057172888796715	5	4096	5	49	4	3.558248937942302	1.2026355792157637	4.0909068668819755	0.6699776502760901	41.23105625617661	1.0	False	True	True	recovered_source_on	unknown_not_negative
060126_10_rest__window_1_low_mad__sources_2__seed_3102	jepa_conditional_pixel_residual_frozen_handcrafted_stack	jepa_residual	060126_10_rest	060126_10_rest__window_1_low_mad	low_mad	3102	2	overlap	0	ellipse	30	30	0.055585429185130396	0.9972805931597017	1963	4096	18	49	2	2.705701077688853	-2.6501156485037227	3.335083598184758	-3.279498168999628	21.18962010041709	19.1049731745428	True	False	True	native_background_competition	unknown_not_negative
060126_10_rest__window_1_low_mad__sources_2__seed_3102	jepa_conditional_pixel_residual_frozen_handcrafted_stack	jepa_residual	060126_10_rest	060126_10_rest__window_1_low_mad	low_mad	3102	2	overlap	1	crescent	32	31	-0.1662019013578482	0.8069827152649606	2317	4096	31	49	4	2.705701077688853	-2.8719029790467014	3.335083598184758	-3.5012854995426066	21.587033144922902	20.396078054371138	True	False	False	attenuation_or_response_failure	unknown_not_negative
060126_10_rest__window_1_low_mad__sources_2__seed_3102	random_encoder_conditional_pixel_residual_frozen_handcrafted_stack	random_residual	060126_10_rest	060126_10_rest__window_1_low_mad	low_mad	3102	2	overlap	0	ellipse	30	30	1.557820678900238	1.906822823915026	345	4096	20	49	9	3.367272255714597	-1.8094515768143589	4.053594460981089	-2.4957737820808514	10.295630140987	2.23606797749979	False	False	False	attenuation_or_response_failure	unknown_not_negative
060126_10_rest__window_1_low_mad__sources_2__seed_3102	random_encoder_conditional_pixel_residual_frozen_handcrafted_stack	random_residual	060126_10_rest	060126_10_rest__window_1_low_mad	low_mad	3102	2	overlap	1	crescent	32	31	2.5945099562616813	2.7925165473476907	47	4096	6	49	1	3.367272255714597	-0.7727622994529155	4.053594460981089	-1.4590845047194079	11.704699910719626	1.4142135623730951	False	True	True	recovered_source_on	unknown_not_negative
060126_10_rest__window_1_low_mad__sources_2__seed_3103	raw_frozen_handcrafted_stack	raw	060126_10_rest	060126_10_rest__window_1_low_mad	low_mad	3103	2	near_neighbor	0	ellipse	33	15	1.587552497147624	1.4966629160188052	320	4096	10	49	4	3.558248937942302	-1.9706964407946779	4.267509814772065	-2.6799573176244413	6.324555320336759	6.324555320336759	True	False	True	native_background_competition	unknown_not_negative
060126_10_rest__window_1_low_mad__sources_2__seed_3103	raw_frozen_handcrafted_stack	raw	060126_10_rest	060126_10_rest__window_1_low_mad	low_mad	3103	2	near_neighbor	1	crescent	35	22	2.124776387547284	2.5259101847199066	143	4096	6	49	1	3.558248937942302	-1.433472550395018	4.0909068668819755	-1.9661304793346916	47.01063709417264	1.0	False	True	True	recovered_source_on	unknown_not_negative
060126_10_rest__window_1_low_mad__sources_2__seed_3103	jepa_conditional_pixel_residual_frozen_handcrafted_stack	jepa_residual	060126_10_rest	060126_10_rest__window_1_low_mad	low_mad	3103	2	near_neighbor	0	ellipse	33	15	0.5243305068958769	1.1507600950206887	1219	4096	27	49	3	2.689269721160686	-2.1649392142648094	3.2307313837350833	-2.7064008768392065	6.4031242374328485	6.4031242374328485	True	False	True	native_background_competition	unknown_not_negative
060126_10_rest__window_1_low_mad__sources_2__seed_3103	jepa_conditional_pixel_residual_frozen_handcrafted_stack	jepa_residual	060126_10_rest	060126_10_rest__window_1_low_mad	low_mad	3103	2	near_neighbor	1	crescent	35	22	1.348075938707327	1.160879453579346	340	4096	2	49	2	2.689269721160686	-1.3411937824533593	3.2307313837350833	-1.8826554450277564	12.165525060596439	12.165525060596439	True	False	True	native_background_competition	unknown_not_negative
060126_10_rest__window_1_low_mad__sources_2__seed_3103	random_encoder_conditional_pixel_residual_frozen_handcrafted_stack	random_residual	060126_10_rest	060126_10_rest__window_1_low_mad	low_mad	3103	2	near_neighbor	0	ellipse	33	15	0.7604783551188978	1.5953370943533918	995	4096	19	49	1	3.575426864243548	-2.8149485091246502	4.063810482862952	-3.3033321277440546	23.323807579381203	17.029386365926403	True	False	True	native_background_competition	unknown_not_negative
060126_10_rest__window_1_low_mad__sources_2__seed_3103	random_encoder_conditional_pixel_residual_frozen_handcrafted_stack	random_residual	060126_10_rest	060126_10_rest__window_1_low_mad	low_mad	3103	2	near_neighbor	1	crescent	35	22	0.7624049489813812	1.0576238793483723	992	4096	25	49	4	3.575426864243548	-2.813021915262167	4.063810482862952	-3.3014055338815713	19.1049731745428	15.524174696260024	True	False	True	native_background_competition	unknown_not_negative
060126_10_rest__window_1_low_mad__sources_4__seed_3101	raw_frozen_handcrafted_stack	raw	060126_10_rest	060126_10_rest__window_1_low_mad	low_mad	3101	4	separated	0	ellipse	13	51	2.2383140409930276	2.4623987160600413	123	4096	11	49	4	3.5992002961107143	-1.3608862551176868	5.434545711519703	-3.196231670526675	26.0	1.4142135623730951	False	True	True	recovered_source_on	unknown_not_negative
060126_10_rest__window_1_low_mad__sources_4__seed_3101	raw_frozen_handcrafted_stack	raw	060126_10_rest	060126_10_rest__window_1_low_mad	low_mad	3101	4	separated	1	crescent	27	20	0.06502718986164442	1.7890973723576615	1929	4096	23	49	1	3.5992002961107143	-3.53417310624907	5.434545711519703	-5.369518521658058	23.259406699226016	23.259406699226016	True	False	True	native_background_competition	unknown_not_negative
060126_10_rest__window_1_low_mad__sources_4__seed_3101	raw_frozen_handcrafted_stack	raw	060126_10_rest	060126_10_rest__window_1_low_mad	low_mad	3101	4	separated	2	ellipse	37	41	5.434545711519703	4.055559265730257	1	4096	1	49	1	3.5992002961107143	1.8353454154089883	4.442247923574908	0.9922977879447945	24.698178070456937	0.0	False	True	True	recovered_source_on	unknown_not_negative
060126_10_rest__window_1_low_mad__sources_4__seed_3101	raw_frozen_handcrafted_stack	raw	060126_10_rest	060126_10_rest__window_1_low_mad	low_mad	3101	4	separated	3	crescent	41	51	1.62810825881709	1.038522983710898	318	4096	9	49	10	3.5992002961107143	-1.9710920372936243	5.434545711519703	-3.8064374527026126	10.770329614269007	10.770329614269007	True	False	True	native_background_competition	unknown_not_negative
060126_10_rest__window_1_low_mad__sources_4__seed_3101	jepa_conditional_pixel_residual_frozen_handcrafted_stack	jepa_residual	060126_10_rest	060126_10_rest__window_1_low_mad	low_mad	3101	4	separated	0	ellipse	13	51	1.02085686042031	0.6035404620545047	650	4096	16	49	6	2.9180419088493776	-1.8971850484290675	3.298162466289909	-2.277305605869599	47.50789408087881	26.0	True	False	True	native_background_competition	unknown_not_negative
060126_10_rest__window_1_low_mad__sources_4__seed_3101	jepa_conditional_pixel_residual_frozen_handcrafted_stack	jepa_residual	060126_10_rest	060126_10_rest__window_1_low_mad	low_mad	3101	4	separated	1	crescent	27	20	-0.6598921199856302	-0.5370097373070548	3033	4096	33	49	41	2.9180419088493776	-3.577934028835008	3.298162466289909	-3.958054586275539	14.142135623730951	11.40175425099138	True	False	False	attenuation_or_response_failure	unknown_not_negative
060126_10_rest__window_1_low_mad__sources_4__seed_3101	jepa_conditional_pixel_residual_frozen_handcrafted_stack	jepa_residual	060126_10_rest	060126_10_rest__window_1_low_mad	low_mad	3101	4	separated	2	ellipse	37	41	2.9180419088493776	1.7376363013032636	6	4096	1	49	2	2.9180419088493776	0.0	3.298162466289909	-0.3801205574405313	31.0	0.0	False	True	True	recovered_source_on	unknown_not_negative
060126_10_rest__window_1_low_mad__sources_4__seed_3101	jepa_conditional_pixel_residual_frozen_handcrafted_stack	jepa_residual	060126_10_rest	060126_10_rest__window_1_low_mad	low_mad	3101	4	separated	3	crescent	41	51	2.082541819062454	1.435106005704959	67	4096	11	49	5	2.9180419088493776	-0.8355000897869238	3.298162466289909	-1.215620647227455	41.19465984809196	1.0	False	True	True	recovered_source_on	unknown_not_negative
060126_10_rest__window_1_low_mad__sources_4__seed_3101	random_encoder_conditional_pixel_residual_frozen_handcrafted_stack	random_residual	060126_10_rest	060126_10_rest__window_1_low_mad	low_mad	3101	4	separated	0	ellipse	13	51	0.6745628097850764	1.2693075895023993	1084	4096	3	49	1	3.607575805922782	-2.9330129961377054	4.5474729184188085	-3.8729101086337323	26.0	10.0	True	False	True	native_background_competition	unknown_not_negative
060126_10_rest__window_1_low_mad__sources_4__seed_3101	random_encoder_conditional_pixel_residual_frozen_handcrafted_stack	random_residual	060126_10_rest	060126_10_rest__window_1_low_mad	low_mad	3101	4	separated	1	crescent	27	20	-0.6871508247909122	-0.0033068486910868833	3157	4096	45	49	9	3.607575805922782	-4.294726630713694	4.5474729184188085	-5.2346237432097205	23.259406699226016	9.219544457292887	True	False	True	native_background_competition	unknown_not_negative
060126_10_rest__window_1_low_mad__sources_4__seed_3101	random_encoder_conditional_pixel_residual_frozen_handcrafted_stack	random_residual	060126_10_rest	060126_10_rest__window_1_low_mad	low_mad	3101	4	separated	2	ellipse	37	41	4.5474729184188085	2.2279281872544607	1	4096	1	49	1	3.607575805922782	0.9398971124960265	4.017845329573099	0.5296275888457096	17.08800749063506	0.0	False	True	True	recovered_source_on	unknown_not_negative
060126_10_rest__window_1_low_mad__sources_4__seed_3101	random_encoder_conditional_pixel_residual_frozen_handcrafted_stack	random_residual	060126_10_rest	060126_10_rest__window_1_low_mad	low_mad	3101	4	separated	3	crescent	41	51	-0.33009712372665306	0.6001681750350241	2614	4096	13	49	4	3.607575805922782	-3.9376729296494353	4.5474729184188085	-4.877570042145462	10.770329614269007	10.770329614269007	True	False	True	native_background_competition	unknown_not_negative
060126_10_rest__window_1_low_mad__sources_4__seed_3102	raw_frozen_handcrafted_stack	raw	060126_10_rest	060126_10_rest__window_1_low_mad	low_mad	3102	4	overlap	0	crescent	42	42	2.811903803680839	3.42695709918834	43	4096	7	49	2	3.5685826217165375	-0.7566788180356987	4.0909068668819755	-1.2790030632011367	26.40075756488817	1.4142135623730951	False	True	True	recovered_source_on	unknown_not_negative
060126_10_rest__window_1_low_mad__sources_4__seed_3102	raw_frozen_handcrafted_stack	raw	060126_10_rest	060126_10_rest__window_1_low_mad	low_mad	3102	4	overlap	1	ellipse	43	38	0.9545001388645561	1.2241664020338265	786	4096	22	49	14	3.5685826217165375	-2.6140824828519813	4.0909068668819755	-3.1364067280174193	29.154759474226502	3.1622776601683795	True	False	True	native_background_competition	unknown_not_negative
060126_10_rest__window_1_low_mad__sources_4__seed_3102	raw_frozen_handcrafted_stack	raw	060126_10_rest	060126_10_rest__window_1_low_mad	low_mad	3102	4	overlap	2	crescent	34	17	-0.4480822254282291	1.3778187539917965	2778	4096	38	49	6	3.5685826217165375	-4.016664847144766	4.0909068668819755	-4.538989092310205	51.884487084291386	22.80350850198276	True	False	True	native_background_competition	unknown_not_negative
060126_10_rest__window_1_low_mad__sources_4__seed_3102	raw_frozen_handcrafted_stack	raw	060126_10_rest	060126_10_rest__window_1_low_mad	low_mad	3102	4	overlap	3	ellipse	47	14	0.8220724740166726	1.1328093650417417	924	4096	27	49	14	3.5685826217165375	-2.746510147699865	4.0909068668819755	-3.268834392865303	50.21951811795888	25.96150997149434	True	False	True	native_background_competition	unknown_not_negative
060126_10_rest__window_1_low_mad__sources_4__seed_3102	jepa_conditional_pixel_residual_frozen_handcrafted_stack	jepa_residual	060126_10_rest	060126_10_rest__window_1_low_mad	low_mad	3102	4	overlap	0	crescent	42	42	1.3893115206786912	1.1364881677760512	327	4096	7	49	2	2.7396196172485348	-1.3503080965698435	3.240906102824158	-1.8515945821454667	28.071337695236398	28.071337695236398	True	False	True	native_background_competition	unknown_not_negative
060126_10_rest__window_1_low_mad__sources_4__seed_3102	jepa_conditional_pixel_residual_frozen_handcrafted_stack	jepa_residual	060126_10_rest	060126_10_rest__window_1_low_mad	low_mad	3102	4	overlap	1	ellipse	43	38	-0.5543808518191794	-0.640909774310414	2883	4096	36	49	48	2.7396196172485348	-3.294000469067714	3.240906102824158	-3.795286954643337	24.020824298928627	24.020824298928627	True	False	False	attenuation_or_response_failure	unknown_not_negative
060126_10_rest__window_1_low_mad__sources_4__seed_3102	jepa_conditional_pixel_residual_frozen_handcrafted_stack	jepa_residual	060126_10_rest	060126_10_rest__window_1_low_mad	low_mad	3102	4	overlap	2	crescent	34	17	-1.384073080594261	0.04468412018747925	3736	4096	46	49	12	2.7396196172485348	-4.123692697842795	3.240906102824158	-4.624979183418419	10.44030650891055	7.615773105863909	True	False	True	native_background_competition	unknown_not_negative
060126_10_rest__window_1_low_mad__sources_4__seed_3102	jepa_conditional_pixel_residual_frozen_handcrafted_stack	jepa_residual	060126_10_rest	060126_10_rest__window_1_low_mad	low_mad	3102	4	overlap	3	ellipse	47	14	2.386509444551383	1.7250170979406758	33	4096	8	49	2	2.7396196172485348	-0.3531101726971517	3.2377781875569176	-0.8512687430055346	10.770329614269007	3.0	False	True	True	recovered_source_on	unknown_not_negative
060126_10_rest__window_1_low_mad__sources_4__seed_3102	random_encoder_conditional_pixel_residual_frozen_handcrafted_stack	random_residual	060126_10_rest	060126_10_rest__window_1_low_mad	low_mad	3102	4	overlap	0	crescent	42	42	2.6025678757038615	2.2077105368228342	46	4096	3	49	1	3.4606412717592328	-0.8580733960553713	4.020719188806862	-1.4181513131030008	22.135943621178654	21.213203435596427	True	False	True	native_background_competition	unknown_not_negative
060126_10_rest__window_1_low_mad__sources_4__seed_3102	random_encoder_conditional_pixel_residual_frozen_handcrafted_stack	random_residual	060126_10_rest	060126_10_rest__window_1_low_mad	low_mad	3102	4	overlap	1	ellipse	43	38	-0.08248278691268977	0.458538099053643	2189	4096	43	49	18	3.4606412717592328	-3.5431240586719226	4.020719188806862	-4.103201975719552	22.20360331117452	22.20360331117452	True	False	False	attenuation_or_response_failure	unknown_not_negative
060126_10_rest__window_1_low_mad__sources_4__seed_3102	random_encoder_conditional_pixel_residual_frozen_handcrafted_stack	random_residual	060126_10_rest	060126_10_rest__window_1_low_mad	low_mad	3102	4	overlap	2	crescent	34	17	0.18668166422482704	1.002156456330317	1757	4096	20	49	1	3.4606412717592328	-3.2739596075344055	4.020719188806862	-3.834037524582035	22.20360331117452	16.64331697709324	True	False	True	native_background_competition	unknown_not_negative
060126_10_rest__window_1_low_mad__sources_4__seed_3102	random_encoder_conditional_pixel_residual_frozen_handcrafted_stack	random_residual	060126_10_rest	060126_10_rest__window_1_low_mad	low_mad	3102	4	overlap	3	ellipse	47	14	1.0603595484544863	0.6048658108396492	669	4096	15	49	17	3.4606412717592328	-2.4002817233047464	4.020719188806862	-2.960359640352376	33.421549934136806	29.546573405388315	True	False	True	native_background_competition	unknown_not_negative
060126_10_rest__window_1_low_mad__sources_4__seed_3103	raw_frozen_handcrafted_stack	raw	060126_10_rest	060126_10_rest__window_1_low_mad	low_mad	3103	4	near_neighbor	0	crescent	14	49	3.9346303810483017	3.1744847458623577	3	4096	2	49	2	3.5720407324301617	0.3625896486181399	4.0909068668819755	-0.15627648583367382	46.17358552246078	1.0	False	True	True	recovered_source_on	unknown_not_negative
060126_10_rest__window_1_low_mad__sources_4__seed_3103	raw_frozen_handcrafted_stack	raw	060126_10_rest	060126_10_rest__window_1_low_mad	low_mad	3103	4	near_neighbor	1	ellipse	10	51	-0.8566079980719873	-0.0649733159226582	3342	4096	41	49	39	3.5720407324301617	-4.428648730502149	4.619912967224341	-5.476520965296328	4.123105625617661	4.123105625617661	True	False	False	attenuation_or_response_failure	unknown_not_negative
060126_10_rest__window_1_low_mad__sources_4__seed_3103	raw_frozen_handcrafted_stack	raw	060126_10_rest	060126_10_rest__window_1_low_mad	low_mad	3103	4	near_neighbor	2	crescent	24	16	0.41370190370199333	-0.4177255519713713	1421	4096	19	49	46	3.5720407324301617	-3.1583388287281684	4.619912967224341	-4.206211063522348	35.4400902933387	16.1245154965971	True	False	True	native_background_competition	unknown_not_negative
060126_10_rest__window_1_low_mad__sources_4__seed_3103	raw_frozen_handcrafted_stack	raw	060126_10_rest	060126_10_rest__window_1_low_mad	low_mad	3103	4	near_neighbor	3	ellipse	35	23	-0.3417709993584676	0.9528706203923152	2617	4096	40	49	13	3.5720407324301617	-3.913811731788629	4.619912967224341	-4.961683966582808	34.20526275297414	3.1622776601683795	True	False	True	native_background_competition	unknown_not_negative
060126_10_rest__window_1_low_mad__sources_4__seed_3103	jepa_conditional_pixel_residual_frozen_handcrafted_stack	jepa_residual	060126_10_rest	060126_10_rest__window_1_low_mad	low_mad	3103	4	near_neighbor	0	crescent	14	49	2.1841280034918054	1.7612313903606043	46	4096	5	49	2	2.7394838605971055	-0.5553558571053001	3.387408294274009	-1.2032802907822036	45.27692569068709	1.0	False	True	True	recovered_source_on	unknown_not_negative
060126_10_rest__window_1_low_mad__sources_4__seed_3103	jepa_conditional_pixel_residual_frozen_handcrafted_stack	jepa_residual	060126_10_rest	060126_10_rest__window_1_low_mad	low_mad	3103	4	near_neighbor	1	ellipse	10	51	1.5273555767119673	0.6679553121313547	229	4096	6	49	19	2.7394838605971055	-1.2121282838851382	3.387408294274009	-1.8600527175620416	49.09175083453431	4.123105625617661	True	False	False	attenuation_or_response_failure	unknown_not_negative
060126_10_rest__window_1_low_mad__sources_4__seed_3103	jepa_conditional_pixel_residual_frozen_handcrafted_stack	jepa_residual	060126_10_rest	060126_10_rest__window_1_low_mad	low_mad	3103	4	near_neighbor	2	crescent	24	16	-0.7635160772216932	-0.2889782577283538	3146	4096	35	49	36	2.7394838605971055	-3.5029999378187986	3.387408294274009	-4.1509243714957025	14.317821063276353	6.4031242374328485	True	False	False	attenuation_or_response_failure	unknown_not_negative
060126_10_rest__window_1_low_mad__sources_4__seed_3103	jepa_conditional_pixel_residual_frozen_handcrafted_stack	jepa_residual	060126_10_rest	060126_10_rest__window_1_low_mad	low_mad	3103	4	near_neighbor	3	ellipse	35	23	0.8095254462234602	1.1231760467742236	888	4096	23	49	11	2.7394838605971055	-1.9299584143736452	3.387408294274009	-2.5778828480505487	13.152946437965905	13.152946437965905	True	False	True	native_background_competition	unknown_not_negative
060126_10_rest__window_1_low_mad__sources_4__seed_3103	random_encoder_conditional_pixel_residual_frozen_handcrafted_stack	random_residual	060126_10_rest	060126_10_rest__window_1_low_mad	low_mad	3103	4	near_neighbor	0	crescent	14	49	0.6938909870317986	1.7750020810174418	1071	4096	19	49	1	3.3982893839180295	-2.704398396886231	4.283886448546103	-3.5899954615143046	15.652475842498529	8.06225774829855	True	False	True	native_background_competition	unknown_not_negative
060126_10_rest__window_1_low_mad__sources_4__seed_3103	random_encoder_conditional_pixel_residual_frozen_handcrafted_stack	random_residual	060126_10_rest	060126_10_rest__window_1_low_mad	low_mad	3103	4	near_neighbor	1	ellipse	10	51	-0.14072165930702502	0.44239282934385576	2291	4096	15	49	20	3.3982893839180295	-3.5390110432250546	4.283886448546103	-4.424608107853128	19.4164878389476	12.529964086141668	True	False	True	native_background_competition	unknown_not_negative
060126_10_rest__window_1_low_mad__sources_4__seed_3103	random_encoder_conditional_pixel_residual_frozen_handcrafted_stack	random_residual	060126_10_rest	060126_10_rest__window_1_low_mad	low_mad	3103	4	near_neighbor	2	crescent	24	16	0.01685938697089678	-0.30692846751764713	2027	4096	35	49	48	3.3982893839180295	-3.3814299969471326	4.283886448546103	-4.267027061575207	19.235384061671343	10.770329614269007	True	False	True	native_background_competition	unknown_not_negative
060126_10_rest__window_1_low_mad__sources_4__seed_3103	random_encoder_conditional_pixel_residual_frozen_handcrafted_stack	random_residual	060126_10_rest	060126_10_rest__window_1_low_mad	low_mad	3103	4	near_neighbor	3	ellipse	35	23	0.7722364027769222	1.0686443666475007	982	4096	28	49	11	3.3982893839180295	-2.6260529811411075	4.283886448546103	-3.511650045769181	18.439088914585774	15.297058540778355	True	False	True	native_background_competition	unknown_not_negative
060126_10_rest__window_2_median_mad__sources_1__seed_3101	raw_frozen_handcrafted_stack	raw	060126_10_rest	060126_10_rest__window_2_median_mad	median_mad	3101	1	single	0	crescent	51	27	1.0153508102297204	1.069308762923567	730	4096	13	49	5	4.239060531683088	-3.2237097214533676	8.107623077990656	-7.0922722677609356	19.0	17.029386365926403	True	False	True	native_background_competition	unknown_not_negative
060126_10_rest__window_2_median_mad__sources_1__seed_3101	jepa_conditional_pixel_residual_frozen_handcrafted_stack	jepa_residual	060126_10_rest	060126_10_rest__window_2_median_mad	median_mad	3101	1	single	0	crescent	51	27	-0.9242339646930986	0.06978550954002971	3430	4096	2	49	12	3.105982782436959	-4.030216747130058	3.449064950975748	-4.373298915668847	26.248809496813376	15.264337522473747	True	False	True	native_background_competition	unknown_not_negative
060126_10_rest__window_2_median_mad__sources_1__seed_3101	random_encoder_conditional_pixel_residual_frozen_handcrafted_stack	random_residual	060126_10_rest	060126_10_rest__window_2_median_mad	median_mad	3101	1	single	0	crescent	51	27	0.9873496449382909	0.6124729099148907	775	4096	10	49	15	4.5945173998712034	-3.6071677549329126	5.780979028428908	-4.793629383490617	22.02271554554524	14.317821063276353	True	False	True	native_background_competition	unknown_not_negative
060126_10_rest__window_2_median_mad__sources_1__seed_3102	raw_frozen_handcrafted_stack	raw	060126_10_rest	060126_10_rest__window_2_median_mad	median_mad	3102	1	single	0	crescent	50	16	1.9570875839681607	2.082810702369029	252	4096	16	49	7	4.21957295196981	-2.2624853680016495	8.107628274342057	-6.150540690373896	30.01666203960727	10.198039027185569	True	False	True	native_background_competition	unknown_not_negative
060126_10_rest__window_2_median_mad__sources_1__seed_3102	jepa_conditional_pixel_residual_frozen_handcrafted_stack	jepa_residual	060126_10_rest	060126_10_rest__window_2_median_mad	median_mad	3102	1	single	0	crescent	50	16	-1.122364525846975	-0.1448465519266201	3651	4096	38	49	35	3.0983110990913496	-4.220675624938325	3.449009190466771	-4.571373716313746	36.6742416417845	7.280109889280518	True	False	True	native_background_competition	unknown_not_negative
060126_10_rest__window_2_median_mad__sources_1__seed_3102	random_encoder_conditional_pixel_residual_frozen_handcrafted_stack	random_residual	060126_10_rest	060126_10_rest__window_2_median_mad	median_mad	3102	1	single	0	crescent	50	16	-0.08418129194721202	-0.06214577242410137	2201	4096	33	49	24	4.6793638290385	-4.763545120985712	5.778052782229114	-5.862234074176326	33.0	5.385164807134504	True	False	True	native_background_competition	unknown_not_negative
060126_10_rest__window_2_median_mad__sources_1__seed_3103	raw_frozen_handcrafted_stack	raw	060126_10_rest	060126_10_rest__window_2_median_mad	median_mad	3103	1	single	0	ellipse	28	33	1.7621930427494346	1.9391035851996583	307	4096	7	49	4	4.239094740996483	-2.476901698247049	8.107628274342057	-6.345435231592623	26.419689627245813	22.47220505424423	True	False	True	native_background_competition	unknown_not_negative
060126_10_rest__window_2_median_mad__sources_1__seed_3103	jepa_conditional_pixel_residual_frozen_handcrafted_stack	jepa_residual	060126_10_rest	060126_10_rest__window_2_median_mad	median_mad	3103	1	single	0	ellipse	28	33	-0.0046135431693098425	-0.10146828830085688	2056	4096	9	49	14	3.111845546674056	-3.116459089843366	3.458947961197239	-3.463561504366549	24.20743687382041	18.027756377319946	True	False	False	attenuation_or_response_failure	unknown_not_negative
060126_10_rest__window_2_median_mad__sources_1__seed_3103	random_encoder_conditional_pixel_residual_frozen_handcrafted_stack	random_residual	060126_10_rest	060126_10_rest__window_2_median_mad	median_mad	3103	1	single	0	ellipse	28	33	1.116374375444238	0.16374959762908636	677	4096	7	49	14	4.589672848860823	-3.473298473416585	5.774284165380619	-4.657909789936381	27.202941017470888	21.540659228538015	True	False	True	native_background_competition	unknown_not_negative
060126_10_rest__window_2_median_mad__sources_2__seed_3101	raw_frozen_handcrafted_stack	raw	060126_10_rest	060126_10_rest__window_2_median_mad	median_mad	3101	2	separated	0	ellipse	9	46	1.0643939081838782	1.352817453137662	705	4096	15	49	12	4.239094740996483	-3.174700832812605	8.107628274342057	-7.043234366158178	42.0	38.2099463490856	True	False	True	native_background_competition	unknown_not_negative
060126_10_rest__window_2_median_mad__sources_2__seed_3101	raw_frozen_handcrafted_stack	raw	060126_10_rest	060126_10_rest__window_2_median_mad	median_mad	3101	2	separated	1	crescent	19	34	1.2087098305682333	2.1114324320685274	607	4096	14	49	4	4.239094740996483	-3.03038491042825	8.107628274342057	-6.898918443773823	34.17601498127012	29.0	True	False	True	native_background_competition	unknown_not_negative
060126_10_rest__window_2_median_mad__sources_2__seed_3101	jepa_conditional_pixel_residual_frozen_handcrafted_stack	jepa_residual	060126_10_rest	060126_10_rest__window_2_median_mad	median_mad	3101	2	separated	0	ellipse	9	46	-1.5449715892213423	-1.1986510027455086	3950	4096	41	49	49	3.078986983297378	-4.6239585725187204	3.4358079010815117	-4.980779490302854	34.52535300326414	34.52535300326414	True	False	False	attenuation_or_response_failure	unknown_not_negative
060126_10_rest__window_2_median_mad__sources_2__seed_3101	jepa_conditional_pixel_residual_frozen_handcrafted_stack	jepa_residual	060126_10_rest	060126_10_rest__window_2_median_mad	median_mad	3101	2	separated	1	crescent	19	34	-1.0937982383523546	-0.7046458231514758	3605	4096	35	49	47	3.078986983297378	-4.1727852216497325	3.4358079010815117	-4.5296061394338665	30.0	30.0	True	False	False	attenuation_or_response_failure	unknown_not_negative
060126_10_rest__window_2_median_mad__sources_2__seed_3101	random_encoder_conditional_pixel_residual_frozen_handcrafted_stack	random_residual	060126_10_rest	060126_10_rest__window_2_median_mad	median_mad	3101	2	separated	0	ellipse	9	46	-0.5226864823092566	-0.8417733872183986	2919	4096	33	49	49	4.587776903485463	-5.11046338579472	5.775051231766939	-6.297737714076196	41.10960958218893	41.10960958218893	True	False	True	native_background_competition	unknown_not_negative
060126_10_rest__window_2_median_mad__sources_2__seed_3101	random_encoder_conditional_pixel_residual_frozen_handcrafted_stack	random_residual	060126_10_rest	060126_10_rest__window_2_median_mad	median_mad	3101	2	separated	1	crescent	19	34	0.8382971837802189	1.3256937266661533	913	4096	7	49	4	4.587776903485463	-3.7494797197052443	5.775051231766939	-4.936754047986721	34.438350715445125	27.018512172212592	True	False	True	native_background_competition	unknown_not_negative
060126_10_rest__window_2_median_mad__sources_2__seed_3102	raw_frozen_handcrafted_stack	raw	060126_10_rest	060126_10_rest__window_2_median_mad	median_mad	3102	2	overlap	0	crescent	15	49	2.1940211990724707	2.8072333351981467	211	4096	12	49	3	4.301676799207329	-2.1076556001348585	8.107628274342057	-5.913607075269586	36.124783736376884	2.8284271247461903	False	False	True	native_background_competition	unknown_not_negative
060126_10_rest__window_2_median_mad__sources_2__seed_3102	raw_frozen_handcrafted_stack	raw	060126_10_rest	060126_10_rest__window_2_median_mad	median_mad	3102	2	overlap	1	ellipse	19	51	2.7142871199129606	2.2809728821332658	126	4096	15	49	10	4.301676799207329	-1.5873896792943687	8.107628274342057	-5.393341154429097	32.38826948140329	2.0	False	True	True	recovered_source_on	unknown_not_negative
060126_10_rest__window_2_median_mad__sources_2__seed_3102	jepa_conditional_pixel_residual_frozen_handcrafted_stack	jepa_residual	060126_10_rest	060126_10_rest__window_2_median_mad	median_mad	3102	2	overlap	0	crescent	15	49	-0.40393265373260634	-0.8515753222261437	2693	4096	30	49	43	3.2043835366410605	-3.608316190373667	3.4912340432096225	-3.895166696942229	28.160255680657446	19.026297590440446	True	False	False	attenuation_or_response_failure	unknown_not_negative
060126_10_rest__window_2_median_mad__sources_2__seed_3102	jepa_conditional_pixel_residual_frozen_handcrafted_stack	jepa_residual	060126_10_rest	060126_10_rest__window_2_median_mad	median_mad	3102	2	overlap	1	ellipse	19	51	0.12613639166261162	-0.7743259018390165	1866	4096	19	49	42	3.2043835366410605	-3.078247144978449	3.4912340432096225	-3.365097651547011	24.020824298928627	15.033296378372908	True	False	False	attenuation_or_response_failure	unknown_not_negative
060126_10_rest__window_2_median_mad__sources_2__seed_3102	random_encoder_conditional_pixel_residual_frozen_handcrafted_stack	random_residual	060126_10_rest	060126_10_rest__window_2_median_mad	median_mad	3102	2	overlap	0	crescent	15	49	1.1392352276355637	1.868494538359172	679	4096	14	49	3	4.594058894504015	-3.4548236668684513	5.758944763258794	-4.61970953562323	35.0	35.0	True	False	True	native_background_competition	unknown_not_negative
060126_10_rest__window_2_median_mad__sources_2__seed_3102	random_encoder_conditional_pixel_residual_frozen_handcrafted_stack	random_residual	060126_10_rest	060126_10_rest__window_2_median_mad	median_mad	3102	2	overlap	1	ellipse	19	51	1.540545382160682	1.4905179145643341	430	4096	10	49	7	4.594058894504015	-3.0535135123433332	5.758944763258794	-4.218399381098111	31.064449134018133	31.064449134018133	True	False	True	native_background_competition	unknown_not_negative
060126_10_rest__window_2_median_mad__sources_2__seed_3103	raw_frozen_handcrafted_stack	raw	060126_10_rest	060126_10_rest__window_2_median_mad	median_mad	3103	2	near_neighbor	0	ellipse	40	26	1.9246029840963552	0.2441871729156686	265	4096	2	49	18	4.193221419926875	-2.2686184358305197	8.107628274342057	-6.183025290245702	22.825424421026653	12.0	True	False	True	native_background_competition	unknown_not_negative
060126_10_rest__window_2_median_mad__sources_2__seed_3103	raw_frozen_handcrafted_stack	raw	060126_10_rest	060126_10_rest__window_2_median_mad	median_mad	3103	2	near_neighbor	1	crescent	35	20	2.045323953943968	0.6132361835561024	223	4096	9	49	18	4.193221419926875	-2.147897465982907	8.107628274342057	-6.062304320398089	30.528675044947494	7.810249675906654	True	False	True	native_background_competition	unknown_not_negative
060126_10_rest__window_2_median_mad__sources_2__seed_3103	jepa_conditional_pixel_residual_frozen_handcrafted_stack	jepa_residual	060126_10_rest	060126_10_rest__window_2_median_mad	median_mad	3103	2	near_neighbor	0	ellipse	40	26	-1.1875851048116657	0.0649183108874507	3708	4096	35	49	14	3.1070462133260484	-4.294631318137714	3.451414346436966	-4.6389994512486314	26.1725046566048	12.36931687685298	True	False	True	native_background_competition	unknown_not_negative
060126_10_rest__window_2_median_mad__sources_2__seed_3103	jepa_conditional_pixel_residual_frozen_handcrafted_stack	jepa_residual	060126_10_rest	060126_10_rest__window_2_median_mad	median_mad	3103	2	near_neighbor	1	crescent	35	20	-0.9078985465417689	-0.7961341011037489	3408	4096	46	49	46	3.1070462133260484	-4.014944759867817	3.451414346436966	-4.359312892978735	32.984845004941285	10.0	True	False	False	attenuation_or_response_failure	unknown_not_negative
060126_10_rest__window_2_median_mad__sources_2__seed_3103	random_encoder_conditional_pixel_residual_frozen_handcrafted_stack	random_residual	060126_10_rest	060126_10_rest__window_2_median_mad	median_mad	3103	2	near_neighbor	0	ellipse	40	26	1.74253304774421	-0.4964431503962581	339	4096	6	49	40	4.4946835085245604	-2.75215046078035	5.789138424290129	-4.0466053765459185	25.079872407968907	13.0	True	False	False	attenuation_or_response_failure	unknown_not_negative
060126_10_rest__window_2_median_mad__sources_2__seed_3103	random_encoder_conditional_pixel_residual_frozen_handcrafted_stack	random_residual	060126_10_rest	060126_10_rest__window_2_median_mad	median_mad	3103	2	near_neighbor	1	crescent	35	20	2.3271003067702756	2.378259139863727	163	4096	6	49	2	4.4946835085245604	-2.167583201754285	5.789138424290129	-3.462038117519853	32.64965543462902	7.0710678118654755	True	False	True	native_background_competition	unknown_not_negative
060126_10_rest__window_2_median_mad__sources_4__seed_3101	raw_frozen_handcrafted_stack	raw	060126_10_rest	060126_10_rest__window_2_median_mad	median_mad	3101	4	separated	0	crescent	30	33	1.0653345210330725	2.1845160666095964	717	4096	11	49	4	4.220816842353969	-3.1554823213208962	8.076035648402382	-7.010701127369309	24.698178070456937	20.518284528683193	True	False	True	native_background_competition	unknown_not_negative
060126_10_rest__window_2_median_mad__sources_4__seed_3101	raw_frozen_handcrafted_stack	raw	060126_10_rest	060126_10_rest__window_2_median_mad	median_mad	3101	4	separated	1	ellipse	35	22	2.3292990173804173	3.151373554531776	191	4096	4	49	1	4.220816842353969	-1.8915178249735516	8.076035648402382	-5.746736631021964	28.844410203711913	10.44030650891055	True	False	True	native_background_competition	unknown_not_negative
060126_10_rest__window_2_median_mad__sources_4__seed_3101	raw_frozen_handcrafted_stack	raw	060126_10_rest	060126_10_rest__window_2_median_mad	median_mad	3101	4	separated	2	crescent	55	54	3.2143147931287257	2.686356433780981	80	4096	4	49	1	4.220816842353969	-1.0065020492252432	8.076035648402382	-4.861720855273656	8.94427190999916	7.0710678118654755	True	False	True	native_background_competition	unknown_not_negative
060126_10_rest__window_2_median_mad__sources_4__seed_3101	raw_frozen_handcrafted_stack	raw	060126_10_rest	060126_10_rest__window_2_median_mad	median_mad	3101	4	separated	3	ellipse	46	21	3.8613703838646445	2.741095852415965	50	4096	6	49	2	4.220816842353969	-0.35944645848932444	8.076035648402382	-4.214665264537738	25.495097567963924	2.23606797749979	False	True	True	recovered_source_on	unknown_not_negative
060126_10_rest__window_2_median_mad__sources_4__seed_3101	jepa_conditional_pixel_residual_frozen_handcrafted_stack	jepa_residual	060126_10_rest	060126_10_rest__window_2_median_mad	median_mad	3101	4	separated	0	crescent	30	33	-0.7191838315263216	-0.39072468253313025	3190	4096	26	49	42	3.0425700595227347	-3.7617538910490564	3.553458504485115	-4.272642336011437	23.021728866442675	17.46424919657298	True	False	False	attenuation_or_response_failure	unknown_not_negative
060126_10_rest__window_2_median_mad__sources_4__seed_3101	jepa_conditional_pixel_residual_frozen_handcrafted_stack	jepa_residual	060126_10_rest	060126_10_rest__window_2_median_mad	median_mad	3101	4	separated	1	ellipse	35	22	0.20700233103667218	-0.47811665780830803	1723	4096	14	49	48	3.0425700595227347	-2.8355677284860628	3.553458504485115	-3.346456173448443	31.04834939252005	11.313708498984761	True	False	False	attenuation_or_response_failure	unknown_not_negative
060126_10_rest__window_2_median_mad__sources_4__seed_3101	jepa_conditional_pixel_residual_frozen_handcrafted_stack	jepa_residual	060126_10_rest	060126_10_rest__window_2_median_mad	median_mad	3101	4	separated	2	crescent	55	54	-0.022110738557046712	-0.49286333951120637	2071	4096	23	49	46	3.0425700595227347	-3.0646807980797814	3.553458504485115	-3.5755692430421617	12.165525060596439	12.165525060596439	True	False	False	attenuation_or_response_failure	unknown_not_negative
060126_10_rest__window_2_median_mad__sources_4__seed_3101	jepa_conditional_pixel_residual_frozen_handcrafted_stack	jepa_residual	060126_10_rest	060126_10_rest__window_2_median_mad	median_mad	3101	4	separated	3	ellipse	46	21	0.49052698488530116	-0.3763922932519011	1297	4096	17	49	37	3.0425700595227347	-2.5520430746374334	3.553458504485115	-3.0629315195998137	31.144823004794873	7.615773105863909	True	False	False	attenuation_or_response_failure	unknown_not_negative
060126_10_rest__window_2_median_mad__sources_4__seed_3101	random_encoder_conditional_pixel_residual_frozen_handcrafted_stack	random_residual	060126_10_rest	060126_10_rest__window_2_median_mad	median_mad	3101	4	separated	0	crescent	30	33	0.2293485483461879	0.7276004303960137	1705	4096	21	49	7	4.849290610273277	-4.619942061927089	5.6892218836996795	-5.459873335353492	25.612496949731394	15.652475842498529	True	False	True	native_background_competition	unknown_not_negative
060126_10_rest__window_2_median_mad__sources_4__seed_3101	random_encoder_conditional_pixel_residual_frozen_handcrafted_stack	random_residual	060126_10_rest	060126_10_rest__window_2_median_mad	median_mad	3101	4	separated	1	ellipse	35	22	3.1426778007214153	3.119584373248208	69	4096	5	49	1	4.849290610273277	-1.7066128095518618	5.6892218836996795	-2.546544082978264	30.886890422961002	9.848857801796104	True	False	True	native_background_competition	unknown_not_negative
060126_10_rest__window_2_median_mad__sources_4__seed_3101	random_encoder_conditional_pixel_residual_frozen_handcrafted_stack	random_residual	060126_10_rest	060126_10_rest__window_2_median_mad	median_mad	3101	4	separated	2	crescent	55	54	2.6760481974981296	2.438738341529729	123	4096	6	49	1	4.849290610273277	-2.1732424127751475	5.6892218836996795	-3.01317368620155	7.0710678118654755	7.0710678118654755	True	False	True	native_background_competition	unknown_not_negative
060126_10_rest__window_2_median_mad__sources_4__seed_3101	random_encoder_conditional_pixel_residual_frozen_handcrafted_stack	random_residual	060126_10_rest	060126_10_rest__window_2_median_mad	median_mad	3101	4	separated	3	ellipse	46	21	1.947864285200674	1.1846489005886391	282	4096	7	49	1	4.849290610273277	-2.9014263250726033	5.6892218836996795	-3.7413575984990057	28.284271247461902	5.385164807134504	True	False	True	native_background_competition	unknown_not_negative
060126_10_rest__window_2_median_mad__sources_4__seed_3102	raw_frozen_handcrafted_stack	raw	060126_10_rest	060126_10_rest__window_2_median_mad	median_mad	3102	4	overlap	0	crescent	45	45	2.7507244502432107	2.250832281295021	123	4096	7	49	5	5.317911779090348	-2.5671873288471376	8.025836661962524	-5.275112211719313	6.082762530298219	5.385164807134504	True	False	False	attenuation_or_response_failure	unknown_not_negative
060126_10_rest__window_2_median_mad__sources_4__seed_3102	raw_frozen_handcrafted_stack	raw	060126_10_rest	060126_10_rest__window_2_median_mad	median_mad	3102	4	overlap	1	ellipse	43	48	2.4284739067563716	2.8910666432612597	176	4096	7	49	1	5.317911779090348	-2.8894378723339766	8.025836661962524	-5.597362755206152	8.246211251235321	4.47213595499958	True	False	True	native_background_competition	unknown_not_negative
060126_10_rest__window_2_median_mad__sources_4__seed_3102	raw_frozen_handcrafted_stack	raw	060126_10_rest	060126_10_rest__window_2_median_mad	median_mad	3102	4	overlap	2	crescent	41	14	4.657924480612552	1.9942379723167312	27	4096	3	49	6	5.317911779090348	-0.6599872984777964	8.025836661962524	-3.367912181349972	33.52610922848042	1.0	False	True	True	recovered_source_on	unknown_not_negative
060126_10_rest__window_2_median_mad__sources_4__seed_3102	raw_frozen_handcrafted_stack	raw	060126_10_rest	060126_10_rest__window_2_median_mad	median_mad	3102	4	overlap	3	ellipse	33	21	1.8428096421401088	2.016528657663702	310	4096	10	49	3	5.317911779090348	-3.4751021369502393	8.025836661962524	-6.183027019822415	30.805843601498726	9.899494936611665	True	False	True	native_background_competition	unknown_not_negative
060126_10_rest__window_2_median_mad__sources_4__seed_3102	jepa_conditional_pixel_residual_frozen_handcrafted_stack	jepa_residual	060126_10_rest	060126_10_rest__window_2_median_mad	median_mad	3102	4	overlap	0	crescent	45	45	0.6127177320808198	-0.7986592642136444	1161	4096	27	49	45	3.0592741364261316	-2.4465564043453116	3.427125363640315	-2.814407631559495	7.280109889280518	7.280109889280518	True	False	False	attenuation_or_response_failure	unknown_not_negative
060126_10_rest__window_2_median_mad__sources_4__seed_3102	jepa_conditional_pixel_residual_frozen_handcrafted_stack	jepa_residual	060126_10_rest	060126_10_rest__window_2_median_mad	median_mad	3102	4	overlap	1	ellipse	43	48	2.141291236748296	-0.5126284658364266	126	4096	11	49	29	3.0592741364261316	-0.9179828996778356	3.427125363640315	-1.285834126892019	4.0	4.0	True	False	False	attenuation_or_response_failure	unknown_not_negative
060126_10_rest__window_2_median_mad__sources_4__seed_3102	jepa_conditional_pixel_residual_frozen_handcrafted_stack	jepa_residual	060126_10_rest	060126_10_rest__window_2_median_mad	median_mad	3102	4	overlap	2	crescent	41	14	0.8885333513992839	-0.8179223792087535	815	4096	26	49	47	3.0592741364261316	-2.1707407850268474	3.427125363640315	-2.538592012241031	38.05259518088089	12.36931687685298	True	False	False	attenuation_or_response_failure	unknown_not_negative
060126_10_rest__window_2_median_mad__sources_4__seed_3102	jepa_conditional_pixel_residual_frozen_handcrafted_stack	jepa_residual	060126_10_rest	060126_10_rest__window_2_median_mad	median_mad	3102	4	overlap	3	ellipse	33	21	-0.5914604139318551	-0.9054213375712155	2985	4096	35	49	48	3.0592741364261316	-3.6507345503579867	3.427125363640315	-4.01858577757217	32.57299494980466	7.810249675906654	True	False	False	attenuation_or_response_failure	unknown_not_negative
060126_10_rest__window_2_median_mad__sources_4__seed_3102	random_encoder_conditional_pixel_residual_frozen_handcrafted_stack	random_residual	060126_10_rest	060126_10_rest__window_2_median_mad	median_mad	3102	4	overlap	0	crescent	45	45	-0.3495485089818406	-0.35650124075792244	2623	4096	26	49	42	4.825862215278959	-5.175410724260799	5.913315376164606	-6.262863885146446	6.4031242374328485	5.385164807134504	True	False	True	native_background_competition	unknown_not_negative
060126_10_rest__window_2_median_mad__sources_4__seed_3102	random_encoder_conditional_pixel_residual_frozen_handcrafted_stack	random_residual	060126_10_rest	060126_10_rest__window_2_median_mad	median_mad	3102	4	overlap	1	ellipse	43	48	1.8996473029687604	2.0627105926632376	292	4096	2	49	1	4.825862215278959	-2.926214912310199	5.913315376164606	-4.013668073195846	7.0710678118654755	4.47213595499958	True	False	True	native_background_competition	unknown_not_negative
060126_10_rest__window_2_median_mad__sources_4__seed_3102	random_encoder_conditional_pixel_residual_frozen_handcrafted_stack	random_residual	060126_10_rest	060126_10_rest__window_2_median_mad	median_mad	3102	4	overlap	2	crescent	41	14	1.793098347371825	0.5354153553681427	335	4096	22	49	7	4.825862215278959	-3.032763867907134	5.913315376164606	-4.120217028792781	36.138621999185304	4.0	True	False	True	native_background_competition	unknown_not_negative
060126_10_rest__window_2_median_mad__sources_4__seed_3102	random_encoder_conditional_pixel_residual_frozen_handcrafted_stack	random_residual	060126_10_rest	060126_10_rest__window_2_median_mad	median_mad	3102	4	overlap	3	ellipse	33	21	-0.0026750150935811673	-0.20164855774871104	2082	4096	19	49	34	4.825862215278959	-4.8285372303725405	5.913315376164606	-5.9159903912581875	32.7566787083184	13.892443989449804	True	False	True	native_background_competition	unknown_not_negative
060126_10_rest__window_2_median_mad__sources_4__seed_3103	raw_frozen_handcrafted_stack	raw	060126_10_rest	060126_10_rest__window_2_median_mad	median_mad	3103	4	near_neighbor	0	ellipse	15	16	1.5255256073576575	0.711199709330706	423	4096	12	49	23	4.23866192822764	-2.7131363208699826	8.10729570785234	-6.581770100494683	46.861498055439924	25.079872407968907	True	False	True	native_background_competition	unknown_not_negative
060126_10_rest__window_2_median_mad__sources_4__seed_3103	raw_frozen_handcrafted_stack	raw	060126_10_rest	060126_10_rest__window_2_median_mad	median_mad	3103	4	near_neighbor	1	crescent	14	11	1.148072723414491	2.4978736930614245	648	4096	11	49	4	4.23866192822764	-3.090589204813149	8.10729570785234	-6.95922298443785	50.93132631298737	26.1725046566048	True	False	True	native_background_competition	unknown_not_negative
060126_10_rest__window_2_median_mad__sources_4__seed_3103	raw_frozen_handcrafted_stack	raw	060126_10_rest	060126_10_rest__window_2_median_mad	median_mad	3103	4	near_neighbor	2	ellipse	27	22	1.4109239019764126	1.570626492980937	479	4096	9	49	5	4.23866192822764	-2.8277380262512275	8.10729570785234	-6.696371805875929	33.94112549695428	15.264337522473747	True	False	True	native_background_competition	unknown_not_negative
060126_10_rest__window_2_median_mad__sources_4__seed_3103	raw_frozen_handcrafted_stack	raw	060126_10_rest	060126_10_rest__window_2_median_mad	median_mad	3103	4	near_neighbor	3	crescent	54	30	-0.22501858551845766	0.3336171927545315	2444	4096	35	49	22	4.23866192822764	-4.463680513746098	8.10729570785234	-8.332314293370798	16.278820596099706	16.278820596099706	True	False	True	native_background_competition	unknown_not_negative
060126_10_rest__window_2_median_mad__sources_4__seed_3103	jepa_conditional_pixel_residual_frozen_handcrafted_stack	jepa_residual	060126_10_rest	060126_10_rest__window_2_median_mad	median_mad	3103	4	near_neighbor	0	ellipse	15	16	-1.1643344345910367	-0.44636552531945317	3681	4096	41	49	25	3.1414927121492564	-4.3058271467402935	3.456693617862045	-4.621028052453082	45.60701700396552	13.038404810405298	True	False	False	attenuation_or_response_failure	unknown_not_negative
060126_10_rest__window_2_median_mad__sources_4__seed_3103	jepa_conditional_pixel_residual_frozen_handcrafted_stack	jepa_residual	060126_10_rest	060126_10_rest__window_2_median_mad	median_mad	3103	4	near_neighbor	1	crescent	14	11	-1.3070834497760795	-1.1293992013739325	3806	4096	46	49	47	3.1414927121492564	-4.448576161925336	3.456693617862045	-4.763777067638125	50.21951811795888	14.560219778561036	True	False	False	attenuation_or_response_failure	unknown_not_negative
060126_10_rest__window_2_median_mad__sources_4__seed_3103	jepa_conditional_pixel_residual_frozen_handcrafted_stack	jepa_residual	060126_10_rest	060126_10_rest__window_2_median_mad	median_mad	3103	4	near_neighbor	2	ellipse	27	22	1.3187582032848872	-0.07924773189417023	429	4096	17	49	34	3.1414927121492564	-1.8227345088643692	3.456693617862045	-2.137935414577158	34.0	7.0710678118654755	True	False	False	attenuation_or_response_failure	unknown_not_negative
060126_10_rest__window_2_median_mad__sources_4__seed_3103	jepa_conditional_pixel_residual_frozen_handcrafted_stack	jepa_residual	060126_10_rest	060126_10_rest__window_2_median_mad	median_mad	3103	4	near_neighbor	3	crescent	54	30	-1.3017496411332161	0.059675368382963834	3802	4096	27	49	10	3.1414927121492564	-4.443242353282472	3.456693617862045	-4.758443258995261	24.596747752497688	19.4164878389476	True	False	True	native_background_competition	unknown_not_negative
060126_10_rest__window_2_median_mad__sources_4__seed_3103	random_encoder_conditional_pixel_residual_frozen_handcrafted_stack	random_residual	060126_10_rest	060126_10_rest__window_2_median_mad	median_mad	3103	4	near_neighbor	0	ellipse	15	16	-0.17078088793763913	-0.6170101719232004	2336	4096	23	49	40	4.850256638465136	-5.021037526402775	5.763923163012134	-5.934704050949772	48.104053883222775	21.213203435596427	True	False	True	native_background_competition	unknown_not_negative
060126_10_rest__window_2_median_mad__sources_4__seed_3103	random_encoder_conditional_pixel_residual_frozen_handcrafted_stack	random_residual	060126_10_rest	060126_10_rest__window_2_median_mad	median_mad	3103	4	near_neighbor	1	crescent	14	11	-0.6518202743287235	0.4278577215734559	3112	4096	29	49	8	4.850256638465136	-5.502076912793859	5.763923163012134	-6.415743437340857	52.3450093132096	22.090722034374522	True	False	True	native_background_competition	unknown_not_negative
060126_10_rest__window_2_median_mad__sources_4__seed_3103	random_encoder_conditional_pixel_residual_frozen_handcrafted_stack	random_residual	060126_10_rest	060126_10_rest__window_2_median_mad	median_mad	3103	4	near_neighbor	2	ellipse	27	22	-0.4566927376735058	0.5108090791624785	2796	4096	22	49	4	4.850256638465136	-5.3069493761386415	5.763923163012134	-6.220615900685639	35.4682957019364	12.727922061357855	True	False	True	native_background_competition	unknown_not_negative
060126_10_rest__window_2_median_mad__sources_4__seed_3103	random_encoder_conditional_pixel_residual_frozen_handcrafted_stack	random_residual	060126_10_rest	060126_10_rest__window_2_median_mad	median_mad	3103	4	near_neighbor	3	crescent	54	30	-0.2374658197385951	1.3653647687604986	2434	4096	34	49	4	4.850256638465136	-5.087722458203731	5.763923163012134	-6.001388982750729	19.4164878389476	16.278820596099706	True	False	True	native_background_competition	unknown_not_negative
060126_10_rest__window_3_high_mad__sources_1__seed_3101	raw_frozen_handcrafted_stack	raw	060126_10_rest	060126_10_rest__window_3_high_mad	high_mad	3101	1	single	0	ellipse	46	32	1.1929067254966677	1.6790168002783363	550	4096	9	49	3	3.254125842855689	-2.0612191173590215	4.257060322653755	-3.0641535971570875	4.47213595499958	4.47213595499958	True	False	True	native_background_competition	unknown_not_negative
060126_10_rest__window_3_high_mad__sources_1__seed_3101	jepa_conditional_pixel_residual_frozen_handcrafted_stack	jepa_residual	060126_10_rest	060126_10_rest__window_3_high_mad	high_mad	3101	1	single	0	ellipse	46	32	-0.3476990213173244	0.2030303047493755	2632	4096	33	49	4	3.0474273317686005	-3.395126353085925	3.6604757065118463	-4.008174727829171	41.036569057366385	10.198039027185569	True	False	True	native_background_competition	unknown_not_negative
060126_10_rest__window_3_high_mad__sources_1__seed_3101	random_encoder_conditional_pixel_residual_frozen_handcrafted_stack	random_residual	060126_10_rest	060126_10_rest__window_3_high_mad	high_mad	3101	1	single	0	ellipse	46	32	0.20460537810201934	1.263036193825589	1728	4096	26	49	2	3.176517444138549	-2.9719120660365297	4.268895592665841	-4.0642902145638224	4.47213595499958	4.47213595499958	True	False	True	native_background_competition	unknown_not_negative
060126_10_rest__window_3_high_mad__sources_1__seed_3102	raw_frozen_handcrafted_stack	raw	060126_10_rest	060126_10_rest__window_3_high_mad	high_mad	3102	1	single	0	ellipse	9	45	1.8570134514043222	0.5582096247638708	188	4096	15	49	19	3.3130506128074892	-1.456037161403167	4.231179325838347	-2.3741658744340253	38.91015291668744	2.23606797749979	False	True	True	recovered_source_on	unknown_not_negative
060126_10_rest__window_3_high_mad__sources_1__seed_3102	jepa_conditional_pixel_residual_frozen_handcrafted_stack	jepa_residual	060126_10_rest	060126_10_rest__window_3_high_mad	high_mad	3102	1	single	0	ellipse	9	45	0.4632768008596006	-0.06127933696125881	1319	4096	8	49	19	3.1798507075071565	-2.716573906647556	3.6715349486232274	-3.208258147763627	41.593268686170845	25.0	True	False	True	native_background_competition	unknown_not_negative
060126_10_rest__window_3_high_mad__sources_1__seed_3102	random_encoder_conditional_pixel_residual_frozen_handcrafted_stack	random_residual	060126_10_rest	060126_10_rest__window_3_high_mad	high_mad	3102	1	single	0	ellipse	9	45	2.139670237430114	0.4880413327989439	104	4096	12	49	19	3.3600976955089394	-1.2204274580788255	4.283391937016215	-2.143721699586101	38.91015291668744	2.23606797749979	False	True	True	recovered_source_on	unknown_not_negative
060126_10_rest__window_3_high_mad__sources_1__seed_3103	raw_frozen_handcrafted_stack	raw	060126_10_rest	060126_10_rest__window_3_high_mad	high_mad	3103	1	single	0	crescent	48	24	4.020845828237869	2.658865316791256	2	4096	1	49	2	3.2974314227488306	0.7234144054890383	4.16834721478972	-0.14750138655185108	5.656854249492381	0.0	False	True	True	recovered_source_on	unknown_not_negative
060126_10_rest__window_3_high_mad__sources_1__seed_3103	jepa_conditional_pixel_residual_frozen_handcrafted_stack	jepa_residual	060126_10_rest	060126_10_rest__window_3_high_mad	high_mad	3103	1	single	0	crescent	48	24	-0.5711905385481889	-0.7603422975733231	2937	4096	16	49	32	3.201007012685174	-3.7721975512333628	3.667492230235457	-4.238682768783646	37.73592452822641	6.708203932499369	True	False	True	native_background_competition	unknown_not_negative
060126_10_rest__window_3_high_mad__sources_1__seed_3103	random_encoder_conditional_pixel_residual_frozen_handcrafted_stack	random_residual	060126_10_rest	060126_10_rest__window_3_high_mad	high_mad	3103	1	single	0	crescent	48	24	2.908817579799211	1.6722793059929848	16	4096	2	49	5	3.179233760523458	-0.2704161807242471	4.242778677369566	-1.3339610975703553	5.656854249492381	5.656854249492381	True	False	True	native_background_competition	unknown_not_negative
060126_10_rest__window_3_high_mad__sources_2__seed_3101	raw_frozen_handcrafted_stack	raw	060126_10_rest	060126_10_rest__window_3_high_mad	high_mad	3101	2	separated	0	crescent	53	17	3.179864768330213	2.2468809059955	5	4096	1	49	1	3.206661709475433	-0.02679694114522002	4.230626736368425	-1.0507619680382119	14.212670403551895	14.212670403551895	True	False	True	native_background_competition	unknown_not_negative
060126_10_rest__window_3_high_mad__sources_2__seed_3101	raw_frozen_handcrafted_stack	raw	060126_10_rest	060126_10_rest__window_3_high_mad	high_mad	3101	2	separated	1	ellipse	24	45	1.7234219052178736	1.3650118537901776	253	4096	12	49	9	3.206661709475433	-1.4832398042575594	4.230626736368425	-2.5072048311505513	26.248809496813376	9.433981132056603	True	False	True	native_background_competition	unknown_not_negative
060126_10_rest__window_3_high_mad__sources_2__seed_3101	jepa_conditional_pixel_residual_frozen_handcrafted_stack	jepa_residual	060126_10_rest	060126_10_rest__window_3_high_mad	high_mad	3101	2	separated	0	crescent	53	17	-1.760951170358804	-0.14653282495768427	3977	4096	39	49	8	3.1753853405118497	-4.936336510870654	3.6622520634080042	-5.423203233766809	39.21734310225516	15.264337522473747	True	False	False	attenuation_or_response_failure	unknown_not_negative
060126_10_rest__window_3_high_mad__sources_2__seed_3101	jepa_conditional_pixel_residual_frozen_handcrafted_stack	jepa_residual	060126_10_rest	060126_10_rest__window_3_high_mad	high_mad	3101	2	separated	1	ellipse	24	45	0.07820355608554666	0.18689772680900918	1916	4096	30	49	4	3.1753853405118497	-3.097181784426303	3.6622520634080042	-3.5840485073224575	41.773197148410844	19.209372712298546	True	False	True	native_background_competition	unknown_not_negative
060126_10_rest__window_3_high_mad__sources_2__seed_3101	random_encoder_conditional_pixel_residual_frozen_handcrafted_stack	random_residual	060126_10_rest	060126_10_rest__window_3_high_mad	high_mad	3101	2	separated	0	crescent	53	17	1.9638491072178457	1.8050765342684776	136	4096	1	49	1	3.172931991715005	-1.2090828844971593	4.301896901121225	-2.338047793903379	14.212670403551895	14.212670403551895	True	False	True	native_background_competition	unknown_not_negative
060126_10_rest__window_3_high_mad__sources_2__seed_3101	random_encoder_conditional_pixel_residual_frozen_handcrafted_stack	random_residual	060126_10_rest	060126_10_rest__window_3_high_mad	high_mad	3101	2	separated	1	ellipse	24	45	0.998564768939421	1.2692399345694612	714	4096	27	49	6	3.172931991715005	-2.174367222775584	4.301896901121225	-3.303332132181804	26.248809496813376	17.72004514666935	True	False	True	native_background_competition	unknown_not_negative
060126_10_rest__window_3_high_mad__sources_2__seed_3102	raw_frozen_handcrafted_stack	raw	060126_10_rest	060126_10_rest__window_3_high_mad	high_mad	3102	2	overlap	0	crescent	13	39	3.1645802726051073	2.4230061459979866	6	4096	3	49	1	3.1873699882338253	-0.02278971562871801	4.231179325838347	-1.0665990532332401	32.89376840679705	3.1622776601683795	True	False	True	native_background_competition	unknown_not_negative
060126_10_rest__window_3_high_mad__sources_2__seed_3102	raw_frozen_handcrafted_stack	raw	060126_10_rest	060126_10_rest__window_3_high_mad	high_mad	3102	2	overlap	1	ellipse	16	36	2.4402321568933267	2.0851498908749475	52	4096	5	49	2	3.1873699882338253	-0.7471378313404986	4.231179325838347	-1.7909471689450207	29.120439557122072	2.0	False	True	True	recovered_source_on	unknown_not_negative
060126_10_rest__window_3_high_mad__sources_2__seed_3102	jepa_conditional_pixel_residual_frozen_handcrafted_stack	jepa_residual	060126_10_rest	060126_10_rest__window_3_high_mad	high_mad	3102	2	overlap	0	crescent	13	39	-0.41559489316701015	-0.6201158731556627	2708	4096	29	49	34	3.168149750197225	-3.583744643364235	3.6567315067148694	-4.072326399881879	35.12833614050059	17.804493814764857	True	False	False	attenuation_or_response_failure	unknown_not_negative
060126_10_rest__window_3_high_mad__sources_2__seed_3102	jepa_conditional_pixel_residual_frozen_handcrafted_stack	jepa_residual	060126_10_rest	060126_10_rest__window_3_high_mad	high_mad	3102	2	overlap	1	ellipse	16	36	-1.068563789125506	-1.2022167797846566	3537	4096	40	49	45	3.168149750197225	-4.23671353932273	3.6567315067148694	-4.725295295840375	32.0	13.601470508735444	True	False	False	attenuation_or_response_failure	unknown_not_negative
060126_10_rest__window_3_high_mad__sources_2__seed_3102	random_encoder_conditional_pixel_residual_frozen_handcrafted_stack	random_residual	060126_10_rest	060126_10_rest__window_3_high_mad	high_mad	3102	2	overlap	0	crescent	13	39	3.0908791176708275	1.8334366017149406	10	4096	1	49	1	3.184783486800842	-0.09390436913001432	4.276103654519945	-1.1852245368491174	32.89376840679705	12.529964086141668	True	False	True	native_background_competition	unknown_not_negative
060126_10_rest__window_3_high_mad__sources_2__seed_3102	random_encoder_conditional_pixel_residual_frozen_handcrafted_stack	random_residual	060126_10_rest	060126_10_rest__window_3_high_mad	high_mad	3102	2	overlap	1	ellipse	16	36	1.18102366328391	1.5780087004513337	520	4096	12	49	2	3.184783486800842	-2.0037598235169316	4.276103654519945	-3.0950799912360347	29.120439557122072	8.54400374531753	True	False	True	native_background_competition	unknown_not_negative
060126_10_rest__window_3_high_mad__sources_2__seed_3103	raw_frozen_handcrafted_stack	raw	060126_10_rest	060126_10_rest__window_3_high_mad	high_mad	3103	2	near_neighbor	0	crescent	46	38	-0.15563525091280653	0.09509478511686562	2311	4096	33	49	28	3.254125842855689	-3.4097610937684957	3.9795609021056038	-4.13519615301841	10.198039027185569	3.605551275463989	True	False	True	native_background_competition	unknown_not_negative
060126_10_rest__window_3_high_mad__sources_2__seed_3103	raw_frozen_handcrafted_stack	raw	060126_10_rest	060126_10_rest__window_3_high_mad	high_mad	3103	2	near_neighbor	1	ellipse	49	31	0.8595520298440351	2.0237814870451003	858	4096	12	49	4	3.254125842855689	-2.394573813011654	3.9795609021056038	-3.1200088722615686	5.830951894845301	5.830951894845301	True	False	True	native_background_competition	unknown_not_negative
060126_10_rest__window_3_high_mad__sources_2__seed_3103	jepa_conditional_pixel_residual_frozen_handcrafted_stack	jepa_residual	060126_10_rest	060126_10_rest__window_3_high_mad	high_mad	3103	2	near_neighbor	0	crescent	46	38	0.18704572255477944	-1.8848876909078718	1720	4096	7	49	49	3.043362349659084	-2.8563166271043046	3.6628124102852917	-3.4757666877305122	45.34313619501854	12.806248474865697	True	False	False	attenuation_or_response_failure	unknown_not_negative
060126_10_rest__window_3_high_mad__sources_2__seed_3103	jepa_conditional_pixel_residual_frozen_handcrafted_stack	jepa_residual	060126_10_rest	060126_10_rest__window_3_high_mad	high_mad	3103	2	near_neighbor	1	ellipse	49	31	-0.7926126484509918	0.9214995020652595	3238	4096	34	49	5	3.043362349659084	-3.8359749981100757	3.6628124102852917	-4.455425058736283	42.638011210655684	13.038404810405298	True	False	True	native_background_competition	unknown_not_negative
060126_10_rest__window_3_high_mad__sources_2__seed_3103	random_encoder_conditional_pixel_residual_frozen_handcrafted_stack	random_residual	060126_10_rest	060126_10_rest__window_3_high_mad	high_mad	3103	2	near_neighbor	0	crescent	46	38	-0.22325826657329642	-0.9038492001404846	2408	4096	30	49	47	3.332444264919363	-3.5557025314926594	4.0416871817790945	-4.264945448352391	10.198039027185569	3.605551275463989	True	False	True	native_background_competition	unknown_not_negative
060126_10_rest__window_3_high_mad__sources_2__seed_3103	random_encoder_conditional_pixel_residual_frozen_handcrafted_stack	random_residual	060126_10_rest	060126_10_rest__window_3_high_mad	high_mad	3103	2	near_neighbor	1	ellipse	49	31	0.5834986313222994	1.6767414644301653	1183	4096	10	49	3	3.332444264919363	-2.7489456335970637	4.0416871817790945	-3.458188550456795	5.830951894845301	5.830951894845301	True	False	True	native_background_competition	unknown_not_negative
060126_10_rest__window_3_high_mad__sources_4__seed_3101	raw_frozen_handcrafted_stack	raw	060126_10_rest	060126_10_rest__window_3_high_mad	high_mad	3101	4	separated	0	crescent	47	56	1.356835456398035	2.2212702388708587	443	4096	2	49	2	3.768770494717496	-2.411935038319461	4.224615943303277	-2.867780486905242	28.160255680657446	28.160255680657446	True	False	True	native_background_competition	unknown_not_negative
060126_10_rest__window_3_high_mad__sources_4__seed_3101	raw_frozen_handcrafted_stack	raw	060126_10_rest	060126_10_rest__window_3_high_mad	high_mad	3101	4	separated	1	ellipse	43	15	2.057524724247099	0.8806870638448481	138	4096	8	49	11	3.768770494717496	-1.7112457704703967	4.224615943303277	-2.167091219056178	13.038404810405298	11.661903789690601	True	False	True	native_background_competition	unknown_not_negative
060126_10_rest__window_3_high_mad__sources_4__seed_3101	raw_frozen_handcrafted_stack	raw	060126_10_rest	060126_10_rest__window_3_high_mad	high_mad	3101	4	separated	2	crescent	28	34	3.101100374826534	0.4027127135002244	15	4096	3	49	14	3.768770494717496	-0.6676701198909618	4.224615943303277	-1.1235155684767433	17.08800749063506	1.0	False	True	True	recovered_source_on	unknown_not_negative
060126_10_rest__window_3_high_mad__sources_4__seed_3101	raw_frozen_handcrafted_stack	raw	060126_10_rest	060126_10_rest__window_3_high_mad	high_mad	3101	4	separated	3	ellipse	33	21	3.985483636847865	3.1231439980377402	2	4096	1	49	1	3.768770494717496	0.21671314213036919	4.224615943303277	-0.23913230645541228	13.038404810405298	0.0	False	True	True	recovered_source_on	unknown_not_negative
060126_10_rest__window_3_high_mad__sources_4__seed_3101	jepa_conditional_pixel_residual_frozen_handcrafted_stack	jepa_residual	060126_10_rest	060126_10_rest__window_3_high_mad	high_mad	3101	4	separated	0	crescent	47	56	-1.5773157817522983	-1.8100061943052945	3895	4096	40	49	49	3.1584134199942344	-4.7357292017465324	3.66178183530531	-5.239097617057609	60.53924347066124	26.076809620810597	True	False	False	attenuation_or_response_failure	unknown_not_negative
060126_10_rest__window_3_high_mad__sources_4__seed_3101	jepa_conditional_pixel_residual_frozen_handcrafted_stack	jepa_residual	060126_10_rest	060126_10_rest__window_3_high_mad	high_mad	3101	4	separated	1	ellipse	43	15	1.5448431366414481	-0.25326680565117177	254	4096	4	49	43	3.1584134199942344	-1.6135702833527863	3.66178183530531	-2.116938698663862	29.154759474226502	15.132745950421556	True	False	True	native_background_competition	unknown_not_negative
060126_10_rest__window_3_high_mad__sources_4__seed_3101	jepa_conditional_pixel_residual_frozen_handcrafted_stack	jepa_residual	060126_10_rest	060126_10_rest__window_3_high_mad	high_mad	3101	4	separated	2	crescent	28	34	0.1830684844138156	-1.1081676623356784	1731	4096	24	49	49	3.1584134199942344	-2.9753449355804187	3.66178183530531	-3.4787133508914945	32.31098884280702	8.94427190999916	True	False	False	attenuation_or_response_failure	unknown_not_negative
060126_10_rest__window_3_high_mad__sources_4__seed_3101	jepa_conditional_pixel_residual_frozen_handcrafted_stack	jepa_residual	060126_10_rest	060126_10_rest__window_3_high_mad	high_mad	3101	4	separated	3	ellipse	33	21	1.3520021150613482	0.502773734075963	358	4096	5	49	7	3.1584134199942344	-1.8064113049328863	3.66178183530531	-2.309779720243962	24.041630560342615	9.486832980505138	True	False	True	native_background_competition	unknown_not_negative
060126_10_rest__window_3_high_mad__sources_4__seed_3101	random_encoder_conditional_pixel_residual_frozen_handcrafted_stack	random_residual	060126_10_rest	060126_10_rest__window_3_high_mad	high_mad	3101	4	separated	0	crescent	47	56	0.9536535993838547	1.8396886349174273	732	4096	1	49	2	3.189829587303905	-2.2361759879200505	4.28621553959403	-3.3325619402101756	28.160255680657446	28.160255680657446	True	False	True	native_background_competition	unknown_not_negative
060126_10_rest__window_3_high_mad__sources_4__seed_3101	random_encoder_conditional_pixel_residual_frozen_handcrafted_stack	random_residual	060126_10_rest	060126_10_rest__window_3_high_mad	high_mad	3101	4	separated	1	ellipse	43	15	1.1791840416779804	-0.4309945134840152	531	4096	13	49	44	3.189829587303905	-2.0106455456259247	4.28621553959403	-3.10703149791605	13.038404810405298	12.083045973594572	True	False	True	native_background_competition	unknown_not_negative
060126_10_rest__window_3_high_mad__sources_4__seed_3101	random_encoder_conditional_pixel_residual_frozen_handcrafted_stack	random_residual	060126_10_rest	060126_10_rest__window_3_high_mad	high_mad	3101	4	separated	2	crescent	28	34	2.9628535433586722	0.44624686683656556	16	4096	2	49	8	3.189829587303905	-0.22697604394523285	4.28621553959403	-1.323361996235358	17.08800749063506	10.816653826391969	True	False	True	native_background_competition	unknown_not_negative
060126_10_rest__window_3_high_mad__sources_4__seed_3101	random_encoder_conditional_pixel_residual_frozen_handcrafted_stack	random_residual	060126_10_rest	060126_10_rest__window_3_high_mad	high_mad	3101	4	separated	3	ellipse	33	21	3.1411758958866476	2.0836291526029447	7	4096	1	49	2	3.189829587303905	-0.048653691417257505	4.28621553959403	-1.1450396437073826	13.038404810405298	7.0710678118654755	True	False	True	native_background_competition	unknown_not_negative
060126_10_rest__window_3_high_mad__sources_4__seed_3102	raw_frozen_handcrafted_stack	raw	060126_10_rest	060126_10_rest__window_3_high_mad	high_mad	3102	4	overlap	0	ellipse	16	32	0.7733193641988928	1.515561845128118	980	4096	31	49	5	3.7667886871734795	-2.993469322974587	4.231179325838347	-3.4578599616394547	28.284271247461902	5.0	True	False	False	attenuation_or_response_failure	unknown_not_negative
060126_10_rest__window_3_high_mad__sources_4__seed_3102	raw_frozen_handcrafted_stack	raw	060126_10_rest	060126_10_rest__window_3_high_mad	high_mad	3102	4	overlap	1	crescent	18	32	0.7719636700352376	1.1970349662541488	981	4096	27	49	10	3.7667886871734795	-2.994825017138242	4.231179325838347	-3.45921565580311	26.30589287593181	4.123105625617661	True	False	True	native_background_competition	unknown_not_negative
060126_10_rest__window_3_high_mad__sources_4__seed_3102	raw_frozen_handcrafted_stack	raw	060126_10_rest	060126_10_rest__window_3_high_mad	high_mad	3102	4	overlap	2	ellipse	30	51	2.3533854197526125	3.036622036423176	69	4096	3	49	1	3.7667886871734795	-1.413403267420867	4.231179325838347	-1.877793906085735	26.92582403567252	3.605551275463989	True	False	True	native_background_competition	unknown_not_negative
060126_10_rest__window_3_high_mad__sources_4__seed_3102	raw_frozen_handcrafted_stack	raw	060126_10_rest	060126_10_rest__window_3_high_mad	high_mad	3102	4	overlap	3	crescent	26	9	1.0698219931434763	1.5529556323269202	677	4096	18	49	5	3.7667886871734795	-2.696966694030003	4.231179325838347	-3.1613573326948714	26.1725046566048	2.23606797749979	False	True	True	recovered_source_on	unknown_not_negative
060126_10_rest__window_3_high_mad__sources_4__seed_3102	jepa_conditional_pixel_residual_frozen_handcrafted_stack	jepa_residual	060126_10_rest	060126_10_rest__window_3_high_mad	high_mad	3102	4	overlap	0	ellipse	16	32	-0.46796943496449894	-0.3679517957480361	2773	4096	36	49	34	3.183067040915382	-3.651036475879881	3.65573003017648	-4.123699465140979	28.0	10.63014581273465	True	False	True	native_background_competition	unknown_not_negative
060126_10_rest__window_3_high_mad__sources_4__seed_3102	jepa_conditional_pixel_residual_frozen_handcrafted_stack	jepa_residual	060126_10_rest	060126_10_rest__window_3_high_mad	high_mad	3102	4	overlap	1	crescent	18	32	-0.022592778527508146	-0.42228440263950756	2069	4096	29	49	40	3.183067040915382	-3.2056598194428902	3.65573003017648	-3.6783228087039883	28.071337695236398	9.219544457292887	True	False	True	native_background_competition	unknown_not_negative
060126_10_rest__window_3_high_mad__sources_4__seed_3102	jepa_conditional_pixel_residual_frozen_handcrafted_stack	jepa_residual	060126_10_rest	060126_10_rest__window_3_high_mad	high_mad	3102	4	overlap	2	ellipse	30	51	-1.8186326192726292	-1.630945464378563	4001	4096	46	49	44	3.183067040915382	-5.001699660188011	3.65573003017648	-5.474362649449109	49.040799340956916	21.840329667841555	True	False	False	attenuation_or_response_failure	unknown_not_negative
060126_10_rest__window_3_high_mad__sources_4__seed_3102	jepa_conditional_pixel_residual_frozen_handcrafted_stack	jepa_residual	060126_10_rest	060126_10_rest__window_3_high_mad	high_mad	3102	4	overlap	3	crescent	26	9	-1.1051791622090268	-1.6988853788511789	3565	4096	39	49	49	3.183067040915382	-4.288246203124409	3.65573003017648	-4.7609091923855065	11.180339887498949	11.180339887498949	True	False	False	attenuation_or_response_failure	unknown_not_negative
060126_10_rest__window_3_high_mad__sources_4__seed_3102	random_encoder_conditional_pixel_residual_frozen_handcrafted_stack	random_residual	060126_10_rest	060126_10_rest__window_3_high_mad	high_mad	3102	4	overlap	0	ellipse	16	32	-0.6346116240295467	0.20512379368263545	3062	4096	45	49	19	3.4634091592753067	-4.098020783304854	4.25312776011094	-4.887739384140486	28.284271247461902	5.0	True	False	True	native_background_competition	unknown_not_negative
060126_10_rest__window_3_high_mad__sources_4__seed_3102	random_encoder_conditional_pixel_residual_frozen_handcrafted_stack	random_residual	060126_10_rest	060126_10_rest__window_3_high_mad	high_mad	3102	4	overlap	1	crescent	18	32	0.25426334952062873	0.4422804365600732	1655	4096	28	49	14	3.4634091592753067	-3.209145809754678	4.25312776011094	-3.998864410590311	26.30589287593181	4.123105625617661	True	False	True	native_background_competition	unknown_not_negative
060126_10_rest__window_3_high_mad__sources_4__seed_3102	random_encoder_conditional_pixel_residual_frozen_handcrafted_stack	random_residual	060126_10_rest	060126_10_rest__window_3_high_mad	high_mad	3102	4	overlap	2	ellipse	30	51	-0.3891507142559943	0.6401426393496277	2696	4096	27	49	2	3.4634091592753067	-3.852559873531301	4.25312776011094	-4.642278474366934	26.92582403567252	25.495097567963924	True	False	False	attenuation_or_response_failure	unknown_not_negative
060126_10_rest__window_3_high_mad__sources_4__seed_3102	random_encoder_conditional_pixel_residual_frozen_handcrafted_stack	random_residual	060126_10_rest	060126_10_rest__window_3_high_mad	high_mad	3102	4	overlap	3	crescent	26	9	0.5676520401339494	1.123750392901631	1208	4096	25	49	7	3.4634091592753067	-2.8957571191413574	4.25312776011094	-3.6854757199769903	26.1725046566048	3.605551275463989	True	False	True	native_background_competition	unknown_not_negative
060126_10_rest__window_3_high_mad__sources_4__seed_3103	raw_frozen_handcrafted_stack	raw	060126_10_rest	060126_10_rest__window_3_high_mad	high_mad	3103	4	near_neighbor	0	crescent	46	46	4.609254341970741	1.9623042095049867	2	4096	1	49	3	3.7502965530541723	0.8589577889165683	4.616851726625465	-0.007597384654724593	15.231546211727817	0.0	False	True	True	recovered_source_on	unknown_not_negative
060126_10_rest__window_3_high_mad__sources_4__seed_3103	raw_frozen_handcrafted_stack	raw	060126_10_rest	060126_10_rest__window_3_high_mad	high_mad	3103	4	near_neighbor	1	ellipse	51	51	2.7246957475528046	3.4065493637743467	31	4096	1	49	1	3.7502965530541723	-1.0256008055013677	4.616851726625465	-1.8921559790726605	21.95449840010015	7.0710678118654755	True	False	True	native_background_competition	unknown_not_negative
060126_10_rest__window_3_high_mad__sources_4__seed_3103	raw_frozen_handcrafted_stack	raw	060126_10_rest	060126_10_rest__window_3_high_mad	high_mad	3103	4	near_neighbor	2	crescent	39	31	3.744922946368178	1.8270636702135326	5	4096	2	49	4	3.7502965530541723	-0.005373606685994403	4.609254341970741	-0.8643313956025627	16.55294535724685	1.4142135623730951	False	True	True	recovered_source_on	unknown_not_negative
060126_10_rest__window_3_high_mad__sources_4__seed_3103	raw_frozen_handcrafted_stack	raw	060126_10_rest	060126_10_rest__window_3_high_mad	high_mad	3103	4	near_neighbor	3	ellipse	13	25	2.700638571720107	2.527841573609037	34	4096	5	49	4	3.7502965530541723	-1.0496579813340654	4.616851726625465	-1.9162131549053583	27.892651361962706	6.708203932499369	True	False	True	native_background_competition	unknown_not_negative
060126_10_rest__window_3_high_mad__sources_4__seed_3103	jepa_conditional_pixel_residual_frozen_handcrafted_stack	jepa_residual	060126_10_rest	060126_10_rest__window_3_high_mad	high_mad	3103	4	near_neighbor	0	crescent	46	46	-0.21094347968258986	-1.7666177955198008	2382	4096	21	49	49	3.009856699643946	-3.220800179326536	3.6715571243712293	-3.8825006040538192	51.61395160225576	16.0312195418814	True	False	False	attenuation_or_response_failure	unknown_not_negative
060126_10_rest__window_3_high_mad__sources_4__seed_3103	jepa_conditional_pixel_residual_frozen_handcrafted_stack	jepa_residual	060126_10_rest	060126_10_rest__window_3_high_mad	high_mad	3103	4	near_neighbor	1	ellipse	51	51	-0.0945744094267025	1.0205325344715142	2184	4096	17	49	1	3.009856699643946	-3.1044311090706485	3.6715571243712293	-3.7661315337979318	58.60034129593445	21.840329667841555	True	False	True	native_background_competition	unknown_not_negative
060126_10_rest__window_3_high_mad__sources_4__seed_3103	jepa_conditional_pixel_residual_frozen_handcrafted_stack	jepa_residual	060126_10_rest	060126_10_rest__window_3_high_mad	high_mad	3103	4	near_neighbor	2	crescent	39	31	0.679728368100163	-1.184390921328999	994	4096	8	49	45	3.009856699643946	-2.330128331543783	3.6715571243712293	-2.991828756271066	35.4682957019364	6.082762530298219	True	False	True	native_background_competition	unknown_not_negative
060126_10_rest__window_3_high_mad__sources_4__seed_3103	jepa_conditional_pixel_residual_frozen_handcrafted_stack	jepa_residual	060126_10_rest	060126_10_rest__window_3_high_mad	high_mad	3103	4	near_neighbor	3	ellipse	13	25	-1.2188974294766228	0.45461564992127146	3671	4096	33	49	4	3.009856699643946	-4.228754129120569	3.6715571243712293	-4.890454553847852	21.213203435596427	11.0	True	False	True	native_background_competition	unknown_not_negative
060126_10_rest__window_3_high_mad__sources_4__seed_3103	random_encoder_conditional_pixel_residual_frozen_handcrafted_stack	random_residual	060126_10_rest	060126_10_rest__window_3_high_mad	high_mad	3103	4	near_neighbor	0	crescent	46	46	2.7637862189104467	0.15673518138880072	25	4096	1	49	14	3.35234090401058	-0.5885546851001333	4.259092802603726	-1.4953065836932788	18.110770276274835	15.231546211727817	True	False	True	native_background_competition	unknown_not_negative
060126_10_rest__window_3_high_mad__sources_4__seed_3103	random_encoder_conditional_pixel_residual_frozen_handcrafted_stack	random_residual	060126_10_rest	060126_10_rest__window_3_high_mad	high_mad	3103	4	near_neighbor	1	ellipse	51	51	2.7878111041520617	3.7471592336722033	22	4096	1	49	1	3.35234090401058	-0.5645297998585184	4.259092802603726	-1.471281698451664	24.041630560342615	21.95449840010015	True	False	True	native_background_competition	unknown_not_negative
060126_10_rest__window_3_high_mad__sources_4__seed_3103	random_encoder_conditional_pixel_residual_frozen_handcrafted_stack	random_residual	060126_10_rest	060126_10_rest__window_3_high_mad	high_mad	3103	4	near_neighbor	2	crescent	39	31	2.7063423745467645	0.3600317052848907	32	4096	4	49	18	3.35234090401058	-0.6459985294638155	4.259092802603726	-1.552750428056961	5.830951894845301	1.4142135623730951	False	True	True	recovered_source_on	unknown_not_negative
060126_10_rest__window_3_high_mad__sources_4__seed_3103	random_encoder_conditional_pixel_residual_frozen_handcrafted_stack	random_residual	060126_10_rest	060126_10_rest__window_3_high_mad	high_mad	3103	4	near_neighbor	3	ellipse	13	25	2.3735002126725213	2.3028401307755066	72	4096	5	49	4	3.35234090401058	-0.9788406913380587	4.259092802603726	-1.8855925899312043	31.144823004794873	6.708203932499369	True	False	True	native_background_competition	unknown_not_negative
060126_12_left__window_1_low_mad__sources_1__seed_3101	raw_frozen_handcrafted_stack	raw	060126_12_left	060126_12_left__window_1_low_mad	low_mad	3101	1	single	0	crescent	38	13	1.5105001901319002	2.1974012113701717	320	4096	12	49	2	3.5586019558359907	-2.0481017657040903	4.388442319690108	-2.8779421295582077	36.796738985948195	15.524174696260024	True	False	True	native_background_competition	unknown_not_negative
060126_12_left__window_1_low_mad__sources_1__seed_3101	jepa_conditional_pixel_residual_frozen_handcrafted_stack	jepa_residual	060126_12_left	060126_12_left__window_1_low_mad	low_mad	3101	1	single	0	crescent	38	13	2.800132669111309	1.8818181743155649	10	4096	2	49	2	2.996641530829564	-0.1965088617182551	3.1956417199374934	-0.39550905082618426	9.219544457292887	3.0	False	True	True	recovered_source_on	unknown_not_negative
060126_12_left__window_1_low_mad__sources_1__seed_3101	random_encoder_conditional_pixel_residual_frozen_handcrafted_stack	random_residual	060126_12_left	060126_12_left__window_1_low_mad	low_mad	3101	1	single	0	crescent	38	13	2.13756950914156	1.9948005351156561	88	4096	3	49	1	3.267371285364176	-1.129801776222616	3.536035892888018	-1.3984663837464577	27.65863337187866	23.345235059857504	True	False	True	native_background_competition	unknown_not_negative
060126_12_left__window_1_low_mad__sources_1__seed_3102	raw_frozen_handcrafted_stack	raw	060126_12_left	060126_12_left__window_1_low_mad	low_mad	3102	1	single	0	crescent	42	45	1.9730453049337742	2.4066142888460025	160	4096	6	49	2	3.559017269903929	-1.5859719649701547	4.388438536014248	-2.4153932310804738	21.587033144922902	12.206555615733702	True	False	True	native_background_competition	unknown_not_negative
060126_12_left__window_1_low_mad__sources_1__seed_3102	jepa_conditional_pixel_residual_frozen_handcrafted_stack	jepa_residual	060126_12_left	060126_12_left__window_1_low_mad	low_mad	3102	1	single	0	crescent	42	45	-0.1994509051046183	-0.6103379464043969	2373	4096	28	49	47	2.992288381603713	-3.1917392867083314	3.2179647558813658	-3.4174156609859843	36.40054944640259	8.06225774829855	True	False	True	native_background_competition	unknown_not_negative
060126_12_left__window_1_low_mad__sources_1__seed_3102	random_encoder_conditional_pixel_residual_frozen_handcrafted_stack	random_residual	060126_12_left	060126_12_left__window_1_low_mad	low_mad	3102	1	single	0	crescent	42	45	2.192358411216771	1.2612138845696002	83	4096	5	49	7	3.259965779605172	-1.0676073683884013	3.4978441445675545	-1.3054857333507837	28.653097563788805	21.0	True	False	True	native_background_competition	unknown_not_negative
060126_12_left__window_1_low_mad__sources_1__seed_3103	raw_frozen_handcrafted_stack	raw	060126_12_left	060126_12_left__window_1_low_mad	low_mad	3103	1	single	0	ellipse	10	13	-0.16800743127865764	0.676641271134198	2351	4096	38	49	15	3.559017269903929	-3.7270247011825863	4.388442319690108	-4.556449750968765	59.481089431852205	33.54101966249684	True	False	True	native_background_competition	unknown_not_negative
060126_12_left__window_1_low_mad__sources_1__seed_3103	jepa_conditional_pixel_residual_frozen_handcrafted_stack	jepa_residual	060126_12_left	060126_12_left__window_1_low_mad	low_mad	3103	1	single	0	ellipse	10	13	-0.10166799175748366	0.32317408007805376	2222	4096	41	49	19	2.9701974492536976	-3.071865441011181	3.1672907905922196	-3.2689587823497033	19.1049731745428	19.1049731745428	True	False	True	native_background_competition	unknown_not_negative
060126_12_left__window_1_low_mad__sources_1__seed_3103	random_encoder_conditional_pixel_residual_frozen_handcrafted_stack	random_residual	060126_12_left	060126_12_left__window_1_low_mad	low_mad	3103	1	single	0	ellipse	10	13	-0.19168765598789422	1.3336220400354024	2377	4096	22	49	2	3.205789058660303	-3.3974767146481972	3.5047935789776066	-3.6964812349655007	19.313207915827967	16.278820596099706	True	False	True	native_background_competition	unknown_not_negative
060126_12_left__window_1_low_mad__sources_2__seed_3101	raw_frozen_handcrafted_stack	raw	060126_12_left	060126_12_left__window_1_low_mad	low_mad	3101	2	separated	0	crescent	37	55	2.374104345170919	2.89943573369903	86	4096	6	49	3	3.6267166938081328	-1.2526123486372138	4.388442319690108	-2.0143379745191887	30.01666203960727	1.0	False	True	True	recovered_source_on	unknown_not_negative
060126_12_left__window_1_low_mad__sources_2__seed_3101	raw_frozen_handcrafted_stack	raw	060126_12_left	060126_12_left__window_1_low_mad	low_mad	3101	2	separated	1	ellipse	9	24	2.688657600428893	3.455854836712177	53	4096	3	49	1	3.6267166938081328	-0.9380590933792399	4.642562757409065	-1.9539051569801722	41.10960958218893	23.08679276123039	True	False	True	native_background_competition	unknown_not_negative
060126_12_left__window_1_low_mad__sources_2__seed_3101	jepa_conditional_pixel_residual_frozen_handcrafted_stack	jepa_residual	060126_12_left	060126_12_left__window_1_low_mad	low_mad	3101	2	separated	0	crescent	37	55	1.5124382826290883	0.6861911355439796	264	4096	15	49	8	2.9446790368661513	-1.432240754237063	3.146892604021294	-1.6344543213922058	44.721359549995796	4.47213595499958	True	False	True	native_background_competition	unknown_not_negative
060126_12_left__window_1_low_mad__sources_2__seed_3101	jepa_conditional_pixel_residual_frozen_handcrafted_stack	jepa_residual	060126_12_left	060126_12_left__window_1_low_mad	low_mad	3101	2	separated	1	ellipse	9	24	0.5333162378280724	1.5170310766903905	1184	4096	18	49	1	2.9446790368661513	-2.411362799038079	3.146892604021294	-2.6135763661932216	23.853720883753127	23.853720883753127	True	False	True	native_background_competition	unknown_not_negative
060126_12_left__window_1_low_mad__sources_2__seed_3101	random_encoder_conditional_pixel_residual_frozen_handcrafted_stack	random_residual	060126_12_left	060126_12_left__window_1_low_mad	low_mad	3101	2	separated	0	crescent	37	55	1.6017689012662741	1.7535614544524274	270	4096	1	49	3	3.2273789834527635	-1.6256100821864894	3.538591143977554	-1.93682224271128	31.240998703626616	18.867962264113206	True	False	True	native_background_competition	unknown_not_negative
060126_12_left__window_1_low_mad__sources_2__seed_3101	random_encoder_conditional_pixel_residual_frozen_handcrafted_stack	random_residual	060126_12_left	060126_12_left__window_1_low_mad	low_mad	3101	2	separated	1	ellipse	9	24	2.345037914334437	1.8292497570359931	63	4096	6	49	1	3.2273789834527635	-0.8823410691183264	3.538591143977554	-1.193553229643117	10.63014581273465	9.219544457292887	True	False	True	native_background_competition	unknown_not_negative
060126_12_left__window_1_low_mad__sources_2__seed_3102	raw_frozen_handcrafted_stack	raw	060126_12_left	060126_12_left__window_1_low_mad	low_mad	3102	2	overlap	0	crescent	38	29	1.430590876478503	3.4323222495398618	374	4096	16	49	1	3.559017269903929	-2.1284263934254257	4.388442319690108	-2.957851443211605	27.313000567495326	8.06225774829855	True	False	True	native_background_competition	unknown_not_negative
060126_12_left__window_1_low_mad__sources_2__seed_3102	raw_frozen_handcrafted_stack	raw	060126_12_left	060126_12_left__window_1_low_mad	low_mad	3102	2	overlap	1	ellipse	38	33	-0.006777986542562186	1.3053867034318278	2063	4096	37	49	6	3.559017269903929	-3.565795256446491	4.388442319690108	-4.39522030623267	25.96150997149434	8.54400374531753	True	False	True	native_background_competition	unknown_not_negative
060126_12_left__window_1_low_mad__sources_2__seed_3102	jepa_conditional_pixel_residual_frozen_handcrafted_stack	jepa_residual	060126_12_left	060126_12_left__window_1_low_mad	low_mad	3102	2	overlap	0	crescent	38	29	0.12974305331557864	0.8082188630169468	1845	4096	28	49	5	2.9453854640407386	-2.81564241072516	3.218025214912925	-3.0882821615973466	20.12461179749811	20.12461179749811	True	False	True	native_background_competition	unknown_not_negative
060126_12_left__window_1_low_mad__sources_2__seed_3102	jepa_conditional_pixel_residual_frozen_handcrafted_stack	jepa_residual	060126_12_left	060126_12_left__window_1_low_mad	low_mad	3102	2	overlap	1	ellipse	38	33	1.1893424971135962	0.766876813189802	479	4096	6	49	4	2.9453854640407386	-1.7560429669271425	3.218025214912925	-2.028682717799329	23.769728648009426	20.223748416156685	True	False	True	native_background_competition	unknown_not_negative
060126_12_left__window_1_low_mad__sources_2__seed_3102	random_encoder_conditional_pixel_residual_frozen_handcrafted_stack	random_residual	060126_12_left	060126_12_left__window_1_low_mad	low_mad	3102	2	overlap	0	crescent	38	29	1.4586519836837908	2.1318544142250286	333	4096	10	49	1	3.4150527798392134	-1.9564007961554226	3.6401466922288486	-2.181494708545058	21.095023109728988	17.0	True	False	True	native_background_competition	unknown_not_negative
060126_12_left__window_1_low_mad__sources_2__seed_3102	random_encoder_conditional_pixel_residual_frozen_handcrafted_stack	random_residual	060126_12_left	060126_12_left__window_1_low_mad	low_mad	3102	2	overlap	1	ellipse	38	33	0.36028932355384724	-0.11198337417030085	1465	4096	27	49	32	3.4150527798392134	-3.0547634562853663	3.6401466922288486	-3.2798573686750014	21.095023109728988	17.46424919657298	True	False	True	native_background_competition	unknown_not_negative
060126_12_left__window_1_low_mad__sources_2__seed_3103	raw_frozen_handcrafted_stack	raw	060126_12_left	060126_12_left__window_1_low_mad	low_mad	3103	2	near_neighbor	0	crescent	39	43	0.8236084539765787	1.1132016317393394	880	4096	13	49	4	3.652999008819065	-2.8293905548424862	4.388353959730316	-3.5647455057537374	24.186773244895647	1.4142135623730951	False	True	True	recovered_source_on	unknown_not_negative
060126_12_left__window_1_low_mad__sources_2__seed_3103	raw_frozen_handcrafted_stack	raw	060126_12_left	060126_12_left__window_1_low_mad	low_mad	3103	2	near_neighbor	1	ellipse	46	40	2.7110030200627504	2.05223687483939	45	4096	2	49	3	3.652999008819065	-0.9419959887563145	4.388353959730316	-1.6773509396675657	17.0	1.4142135623730951	False	True	True	recovered_source_on	unknown_not_negative
060126_12_left__window_1_low_mad__sources_2__seed_3103	jepa_conditional_pixel_residual_frozen_handcrafted_stack	jepa_residual	060126_12_left	060126_12_left__window_1_low_mad	low_mad	3103	2	near_neighbor	0	crescent	39	43	-1.3967522475076293	-1.32888947780924	3742	4096	40	49	49	2.9634986854014356	-4.360250932909064	3.2076059486292787	-4.604358196136908	33.52610922848042	10.198039027185569	True	False	False	attenuation_or_response_failure	unknown_not_negative
060126_12_left__window_1_low_mad__sources_2__seed_3103	jepa_conditional_pixel_residual_frozen_handcrafted_stack	jepa_residual	060126_12_left	060126_12_left__window_1_low_mad	low_mad	3103	2	near_neighbor	1	ellipse	46	40	0.5470314064293718	0.21631299334481063	1147	4096	10	49	8	2.9634986854014356	-2.416467278972064	3.2076059486292787	-2.6605745421999067	33.61547262794322	13.038404810405298	True	False	True	native_background_competition	unknown_not_negative
060126_12_left__window_1_low_mad__sources_2__seed_3103	random_encoder_conditional_pixel_residual_frozen_handcrafted_stack	random_residual	060126_12_left	060126_12_left__window_1_low_mad	low_mad	3103	2	near_neighbor	0	crescent	39	43	0.7706836241669075	0.8817039977931487	927	4096	27	49	2	3.2379526214670937	-2.4672689973001862	3.492929017165841	-2.7222453929989334	25.059928172283335	18.110770276274835	True	False	True	native_background_competition	unknown_not_negative
060126_12_left__window_1_low_mad__sources_2__seed_3103	random_encoder_conditional_pixel_residual_frozen_handcrafted_stack	random_residual	060126_12_left	060126_12_left__window_1_low_mad	low_mad	3103	2	near_neighbor	1	ellipse	46	40	2.069895685246917	1.6065610030173048	109	4096	10	49	2	3.2379526214670937	-1.168056936220177	3.492929017165841	-1.4230333319189241	30.364452901377952	25.495097567963924	True	False	True	native_background_competition	unknown_not_negative
060126_12_left__window_1_low_mad__sources_4__seed_3101	raw_frozen_handcrafted_stack	raw	060126_12_left	060126_12_left__window_1_low_mad	low_mad	3101	4	separated	0	crescent	27	13	0.979414004788222	1.2530936281696439	734	4096	9	49	6	3.519699762203983	-2.540285757415761	4.388304549374967	-3.4088905445867446	45.0	25.495097567963924	True	False	True	native_background_competition	unknown_not_negative
060126_12_left__window_1_low_mad__sources_4__seed_3101	raw_frozen_handcrafted_stack	raw	060126_12_left	060126_12_left__window_1_low_mad	low_mad	3101	4	separated	1	ellipse	21	48	0.18763010788741438	0.6443611719111315	1778	4096	25	49	18	3.519699762203983	-3.3320696543165687	4.388304549374967	-4.2006744414875525	42.7551166528639	5.385164807134504	True	False	True	native_background_competition	unknown_not_negative
060126_12_left__window_1_low_mad__sources_4__seed_3101	raw_frozen_handcrafted_stack	raw	060126_12_left	060126_12_left__window_1_low_mad	low_mad	3101	4	separated	2	crescent	33	42	1.275108044973312	2.284734798642918	486	4096	6	49	1	3.519699762203983	-2.244591717230671	4.388304549374967	-3.1131965044016545	30.066592756745816	17.46424919657298	True	False	True	native_background_competition	unknown_not_negative
060126_12_left__window_1_low_mad__sources_4__seed_3101	raw_frozen_handcrafted_stack	raw	060126_12_left	060126_12_left__window_1_low_mad	low_mad	3101	4	separated	3	ellipse	51	27	1.83161623278106	2.0659249198938845	197	4096	2	49	3	3.519699762203983	-1.6880835294229233	4.388304549374967	-2.556688316593907	17.69180601295413	5.830951894845301	True	False	True	native_background_competition	unknown_not_negative
060126_12_left__window_1_low_mad__sources_4__seed_3101	jepa_conditional_pixel_residual_frozen_handcrafted_stack	jepa_residual	060126_12_left	060126_12_left__window_1_low_mad	low_mad	3101	4	separated	0	crescent	27	13	2.30191379825514	1.2256171405219858	51	4096	11	49	3	3.0012149700115076	-0.6993011717563675	3.361169371970952	-1.059255573715812	37.48332962798263	2.23606797749979	False	True	True	recovered_source_on	unknown_not_negative
060126_12_left__window_1_low_mad__sources_4__seed_3101	jepa_conditional_pixel_residual_frozen_handcrafted_stack	jepa_residual	060126_12_left	060126_12_left__window_1_low_mad	low_mad	3101	4	separated	1	ellipse	21	48	2.47795718389676	1.8048165627072157	35	4096	7	49	1	3.0012149700115076	-0.5232577861147476	3.7814514283125447	-1.3034942444157847	36.87817782917155	2.0	False	True	True	recovered_source_on	unknown_not_negative
060126_12_left__window_1_low_mad__sources_4__seed_3101	jepa_conditional_pixel_residual_frozen_handcrafted_stack	jepa_residual	060126_12_left	060126_12_left__window_1_low_mad	low_mad	3101	4	separated	2	crescent	33	42	1.1037738165952782	1.8663004620523287	573	4096	6	49	1	3.0012149700115076	-1.8974411534162294	3.7814514283125447	-2.6776776117172663	30.265491900843113	13.601470508735444	True	False	True	native_background_competition	unknown_not_negative
060126_12_left__window_1_low_mad__sources_4__seed_3101	jepa_conditional_pixel_residual_frozen_handcrafted_stack	jepa_residual	060126_12_left	060126_12_left__window_1_low_mad	low_mad	3101	4	separated	3	ellipse	51	27	-0.24549658048361545	0.35400965877959456	2451	4096	34	49	3	3.0012149700115076	-3.246711550495123	3.7814514283125447	-4.02694800879616	26.627053911388696	18.110770276274835	True	False	True	native_background_competition	unknown_not_negative
060126_12_left__window_1_low_mad__sources_4__seed_3101	random_encoder_conditional_pixel_residual_frozen_handcrafted_stack	random_residual	060126_12_left	060126_12_left__window_1_low_mad	low_mad	3101	4	separated	0	crescent	27	13	0.5132448908444096	0.8898193085210951	1300	4096	23	49	6	3.2302635894837715	-2.717018698639362	3.523155589530349	-3.0099106986859394	20.591260281974	17.08800749063506	True	False	True	native_background_competition	unknown_not_negative
060126_12_left__window_1_low_mad__sources_4__seed_3101	random_encoder_conditional_pixel_residual_frozen_handcrafted_stack	random_residual	060126_12_left	060126_12_left__window_1_low_mad	low_mad	3101	4	separated	1	ellipse	21	48	1.0906084922635184	1.0255285521089041	605	4096	28	49	2	3.2302635894837715	-2.139655097220253	3.523155589530349	-2.4325470972668306	17.46424919657298	3.0	False	True	True	recovered_source_on	unknown_not_negative
060126_12_left__window_1_low_mad__sources_4__seed_3101	random_encoder_conditional_pixel_residual_frozen_handcrafted_stack	random_residual	060126_12_left	060126_12_left__window_1_low_mad	low_mad	3101	4	separated	2	crescent	33	42	0.4695500599752669	0.9371849471878521	1358	4096	40	49	2	3.2302635894837715	-2.7607135295085046	3.523155589530349	-3.053605529555082	19.4164878389476	12.36931687685298	True	False	True	native_background_competition	unknown_not_negative
060126_12_left__window_1_low_mad__sources_4__seed_3101	random_encoder_conditional_pixel_residual_frozen_handcrafted_stack	random_residual	060126_12_left	060126_12_left__window_1_low_mad	low_mad	3101	4	separated	3	ellipse	51	27	1.1429617478562186	1.162979641288712	557	4096	11	49	4	3.2302635894837715	-2.0873018416275526	3.523155589530349	-2.3801938416741306	34.23448553724738	30.066592756745816	True	False	True	native_background_competition	unknown_not_negative
060126_12_left__window_1_low_mad__sources_4__seed_3102	raw_frozen_handcrafted_stack	raw	060126_12_left	060126_12_left__window_1_low_mad	low_mad	3102	4	overlap	0	ellipse	28	35	2.0376342581187785	1.9791017481028015	142	4096	11	49	10	3.559017269903929	-1.5213830117851503	6.234470685465688	-4.196836427346909	4.123105625617661	4.123105625617661	True	False	True	native_background_competition	unknown_not_negative
060126_12_left__window_1_low_mad__sources_4__seed_3102	raw_frozen_handcrafted_stack	raw	060126_12_left	060126_12_left__window_1_low_mad	low_mad	3102	4	overlap	1	crescent	31	34	1.219188847019437	1.3831918410179773	531	4096	21	49	17	3.559017269903929	-2.3398284228844917	4.388304549374967	-3.16911570235553	32.55764119219941	2.23606797749979	False	True	False	source_on_only_inconsistent	unknown_not_negative
060126_12_left__window_1_low_mad__sources_4__seed_3102	raw_frozen_handcrafted_stack	raw	060126_12_left	060126_12_left__window_1_low_mad	low_mad	3102	4	overlap	2	ellipse	48	34	0.4573591777391018	1.855474285764991	1335	4096	22	49	4	3.559017269903929	-3.101658092164827	6.234470685465688	-5.777111507726586	16.1245154965971	1.0	False	True	True	recovered_source_on	unknown_not_negative
060126_12_left__window_1_low_mad__sources_4__seed_3102	raw_frozen_handcrafted_stack	raw	060126_12_left	060126_12_left__window_1_low_mad	low_mad	3102	4	overlap	3	crescent	44	57	1.8419256247488285	-0.4112755324796553	200	4096	6	49	49	3.559017269903929	-1.7170916451551004	6.234470685465688	-4.392545060716859	24.186773244895647	24.186773244895647	True	False	True	native_background_competition	unknown_not_negative
060126_12_left__window_1_low_mad__sources_4__seed_3102	jepa_conditional_pixel_residual_frozen_handcrafted_stack	jepa_residual	060126_12_left	060126_12_left__window_1_low_mad	low_mad	3102	4	overlap	0	ellipse	28	35	0.3049021642721398	-0.19401833151902426	1532	4096	13	49	46	2.9854062139820514	-2.6805040497099117	3.5991239267135584	-3.2942217624414187	25.0	24.020824298928627	True	False	True	native_background_competition	unknown_not_negative
060126_12_left__window_1_low_mad__sources_4__seed_3102	jepa_conditional_pixel_residual_frozen_handcrafted_stack	jepa_residual	060126_12_left	060126_12_left__window_1_low_mad	low_mad	3102	4	overlap	1	crescent	31	34	0.13108416153041821	-0.37841179763824384	1841	4096	22	49	47	2.9854062139820514	-2.854322052451633	3.5991239267135584	-3.46803976518314	24.186773244895647	23.08679276123039	True	False	True	native_background_competition	unknown_not_negative
060126_12_left__window_1_low_mad__sources_4__seed_3102	jepa_conditional_pixel_residual_frozen_handcrafted_stack	jepa_residual	060126_12_left	060126_12_left__window_1_low_mad	low_mad	3102	4	overlap	2	ellipse	48	34	0.9974176332378514	1.175845498752301	670	4096	14	49	6	2.9854062139820514	-1.9879885807442	3.5991239267135584	-2.601706293475707	21.587033144922902	21.587033144922902	True	False	True	native_background_competition	unknown_not_negative
060126_12_left__window_1_low_mad__sources_4__seed_3102	jepa_conditional_pixel_residual_frozen_handcrafted_stack	jepa_residual	060126_12_left	060126_12_left__window_1_low_mad	low_mad	3102	4	overlap	3	crescent	44	57	1.6902781421882682	1.4015627756498195	193	4096	21	49	3	2.9854062139820514	-1.2951280717937832	3.2467500300806953	-1.556471887892427	48.38388161361178	2.23606797749979	False	True	True	recovered_source_on	unknown_not_negative
060126_12_left__window_1_low_mad__sources_4__seed_3102	random_encoder_conditional_pixel_residual_frozen_handcrafted_stack	random_residual	060126_12_left	060126_12_left__window_1_low_mad	low_mad	3102	4	overlap	0	ellipse	28	35	2.805940325236735	1.582947820619212	31	4096	9	49	11	3.2349478971418466	-0.42900757190511163	4.188281856957993	-1.3823415317212584	3.1622776601683795	1.4142135623730951	False	True	True	recovered_source_on	unknown_not_negative
060126_12_left__window_1_low_mad__sources_4__seed_3102	random_encoder_conditional_pixel_residual_frozen_handcrafted_stack	random_residual	060126_12_left	060126_12_left__window_1_low_mad	low_mad	3102	4	overlap	1	crescent	31	34	1.9143369531737928	2.16694388558711	150	4096	15	49	3	3.2349478971418466	-1.3206109439680538	3.4383182612172036	-1.5239813080434108	14.317821063276353	2.0	False	False	False	attenuation_or_response_failure	unknown_not_negative
060126_12_left__window_1_low_mad__sources_4__seed_3102	random_encoder_conditional_pixel_residual_frozen_handcrafted_stack	random_residual	060126_12_left	060126_12_left__window_1_low_mad	low_mad	3102	4	overlap	2	ellipse	48	34	1.04940011419818	1.3466368729624683	632	4096	23	49	3	3.2349478971418466	-2.185547782943667	4.40931301812835	-3.3599129039301703	19.0	19.0	True	False	True	native_background_competition	unknown_not_negative
060126_12_left__window_1_low_mad__sources_4__seed_3102	random_encoder_conditional_pixel_residual_frozen_handcrafted_stack	random_residual	060126_12_left	060126_12_left__window_1_low_mad	low_mad	3102	4	overlap	3	crescent	44	57	-0.28623171249884005	1.313029674684542	2514	4096	29	49	2	3.2349478971418466	-3.5211796096406864	4.40931301812835	-4.695544730627191	27.459060435491963	25.942243542145693	True	False	True	native_background_competition	unknown_not_negative
060126_12_left__window_1_low_mad__sources_4__seed_3103	raw_frozen_handcrafted_stack	raw	060126_12_left	060126_12_left__window_1_low_mad	low_mad	3103	4	near_neighbor	0	crescent	24	45	1.2190165792403829	2.167118512536666	528	4096	9	49	2	3.5589732012086173	-2.339956621968234	4.387617033214269	-3.1686004539738866	39.319206502675	8.06225774829855	True	False	True	native_background_competition	unknown_not_negative
060126_12_left__window_1_low_mad__sources_4__seed_3103	raw_frozen_handcrafted_stack	raw	060126_12_left	060126_12_left__window_1_low_mad	low_mad	3103	4	near_neighbor	1	ellipse	19	48	1.4506570864304167	1.537674866391401	364	4096	7	49	5	3.5589732012086173	-2.1083161147782006	4.387617033214269	-2.9369599467838525	44.721359549995796	3.605551275463989	True	False	True	native_background_competition	unknown_not_negative
060126_12_left__window_1_low_mad__sources_4__seed_3103	raw_frozen_handcrafted_stack	raw	060126_12_left	060126_12_left__window_1_low_mad	low_mad	3103	4	near_neighbor	2	crescent	54	27	-0.1982949367908224	0.9754531133012729	2413	4096	36	49	9	3.5589732012086173	-3.7572681379994397	4.387617033214269	-4.585911970005092	15.811388300841896	8.54400374531753	True	False	True	native_background_competition	unknown_not_negative
060126_12_left__window_1_low_mad__sources_4__seed_3103	raw_frozen_handcrafted_stack	raw	060126_12_left	060126_12_left__window_1_low_mad	low_mad	3103	4	near_neighbor	3	ellipse	9	15	2.7270744261767352	3.2382822386439307	42	4096	2	49	2	3.5589732012086173	-0.831898775031882	4.387617033214269	-1.660542607037534	59.50630218724736	31.78049716414141	True	False	True	native_background_competition	unknown_not_negative
060126_12_left__window_1_low_mad__sources_4__seed_3103	jepa_conditional_pixel_residual_frozen_handcrafted_stack	jepa_residual	060126_12_left	060126_12_left__window_1_low_mad	low_mad	3103	4	near_neighbor	0	crescent	24	45	0.8578397862375525	1.7630993721382158	820	4096	17	49	1	3.0191818620934106	-2.161342075855858	3.1924572242719402	-2.3346174380343876	34.36568055487916	5.0	True	False	True	native_background_competition	unknown_not_negative
060126_12_left__window_1_low_mad__sources_4__seed_3103	jepa_conditional_pixel_residual_frozen_handcrafted_stack	jepa_residual	060126_12_left	060126_12_left__window_1_low_mad	low_mad	3103	4	near_neighbor	1	ellipse	19	48	2.4254452622830414	1.1274365170178327	31	4096	4	49	3	3.0191818620934106	-0.5937365998103692	3.1924572242719402	-0.7670119619888989	38.3275357934736	1.0	False	True	True	recovered_source_on	unknown_not_negative
060126_12_left__window_1_low_mad__sources_4__seed_3103	jepa_conditional_pixel_residual_frozen_handcrafted_stack	jepa_residual	060126_12_left	060126_12_left__window_1_low_mad	low_mad	3103	4	near_neighbor	2	crescent	54	27	-0.15956551797719198	-0.058976775308646284	2323	4096	20	49	18	3.0191818620934106	-3.1787473800706025	3.1924572242719402	-3.352022742249132	29.68164415931166	18.027756377319946	True	False	False	attenuation_or_response_failure	unknown_not_negative
060126_12_left__window_1_low_mad__sources_4__seed_3103	jepa_conditional_pixel_residual_frozen_handcrafted_stack	jepa_residual	060126_12_left	060126_12_left__window_1_low_mad	low_mad	3103	4	near_neighbor	3	ellipse	9	15	0.5585614076750687	0.25898576697335113	1161	4096	13	49	7	3.0191818620934106	-2.4606204544183417	3.1924572242719402	-2.6338958165968718	20.396078054371138	20.396078054371138	True	False	True	native_background_competition	unknown_not_negative
060126_12_left__window_1_low_mad__sources_4__seed_3103	random_encoder_conditional_pixel_residual_frozen_handcrafted_stack	random_residual	060126_12_left	060126_12_left__window_1_low_mad	low_mad	3103	4	near_neighbor	0	crescent	24	45	3.129208221692316	1.328859843585294	12	4096	5	49	3	3.547281458870446	-0.41807323717813016	3.7108438175045544	-0.5816355958122386	7.0710678118654755	3.0	False	True	True	recovered_source_on	unknown_not_negative
060126_12_left__window_1_low_mad__sources_4__seed_3103	random_encoder_conditional_pixel_residual_frozen_handcrafted_stack	random_residual	060126_12_left	060126_12_left__window_1_low_mad	low_mad	3103	4	near_neighbor	1	ellipse	19	48	1.4700234415739828	0.9043405078217803	334	4096	21	49	4	3.547281458870446	-2.0772580172964634	3.839572129324789	-2.3695486877508065	3.605551275463989	2.8284271247461903	False	True	True	recovered_source_on	unknown_not_negative
060126_12_left__window_1_low_mad__sources_4__seed_3103	random_encoder_conditional_pixel_residual_frozen_handcrafted_stack	random_residual	060126_12_left	060126_12_left__window_1_low_mad	low_mad	3103	4	near_neighbor	2	crescent	54	27	1.3998270927947805	1.1502245943668172	377	4096	5	49	1	3.547281458870446	-2.1474543660756655	3.839572129324789	-2.4397450365300086	37.589892258425	37.21558813185679	True	False	True	native_background_competition	unknown_not_negative
060126_12_left__window_1_low_mad__sources_4__seed_3103	random_encoder_conditional_pixel_residual_frozen_handcrafted_stack	random_residual	060126_12_left	060126_12_left__window_1_low_mad	low_mad	3103	4	near_neighbor	3	ellipse	9	15	0.4659044178756326	1.2629053666530856	1325	4096	22	49	2	3.547281458870446	-3.0813770409948136	3.839572129324789	-3.3736677114491567	32.31098884280702	2.8284271247461903	False	True	True	recovered_source_on	unknown_not_negative
060126_12_left__window_2_median_mad__sources_1__seed_3101	raw_frozen_handcrafted_stack	raw	060126_12_left	060126_12_left__window_2_median_mad	median_mad	3101	1	single	0	ellipse	54	16	2.242384036166249	1.646434977201984	121	4096	9	49	7	3.850796616775463	-1.608412580609214	4.990950456703925	-2.748566420537676	30.528675044947494	1.4142135623730951	False	True	True	recovered_source_on	unknown_not_negative
060126_12_left__window_2_median_mad__sources_1__seed_3101	jepa_conditional_pixel_residual_frozen_handcrafted_stack	jepa_residual	060126_12_left	060126_12_left__window_2_median_mad	median_mad	3101	1	single	0	ellipse	54	16	-1.2204794003745887	-1.0022030343006334	3882	4096	38	49	47	3.738120604990378	-4.958600005364967	4.136584180445815	-5.3570635808204035	38.48376280978771	9.486832980505138	True	False	False	attenuation_or_response_failure	unknown_not_negative
060126_12_left__window_2_median_mad__sources_1__seed_3101	random_encoder_conditional_pixel_residual_frozen_handcrafted_stack	random_residual	060126_12_left	060126_12_left__window_2_median_mad	median_mad	3101	1	single	0	ellipse	54	16	1.2683347801915006	1.0306099360358605	583	4096	7	49	3	4.012472823975411	-2.7441380437839107	4.70277855811536	-3.434443777923859	50.59644256269407	33.734255586866	True	False	True	native_background_competition	unknown_not_negative
060126_12_left__window_2_median_mad__sources_1__seed_3102	raw_frozen_handcrafted_stack	raw	060126_12_left	060126_12_left__window_2_median_mad	median_mad	3102	1	single	0	ellipse	32	34	0.5287086823068072	1.5303275282369673	1254	4096	24	49	3	3.330706041861323	-2.801997359554516	4.990950456703925	-4.462241774397118	34.23448553724738	18.24828759089466	True	False	True	native_background_competition	unknown_not_negative
060126_12_left__window_2_median_mad__sources_1__seed_3102	jepa_conditional_pixel_residual_frozen_handcrafted_stack	jepa_residual	060126_12_left	060126_12_left__window_2_median_mad	median_mad	3102	1	single	0	ellipse	32	34	-1.3449826120109731	-0.5930542885858736	3968	4096	49	49	45	3.736551108280299	-5.081533720291272	4.160897555613128	-5.505880167624102	36.40054944640259	21.840329667841555	True	False	False	attenuation_or_response_failure	unknown_not_negative
060126_12_left__window_2_median_mad__sources_1__seed_3102	random_encoder_conditional_pixel_residual_frozen_handcrafted_stack	random_residual	060126_12_left	060126_12_left__window_2_median_mad	median_mad	3102	1	single	0	ellipse	32	34	-0.8891067883107893	0.572512074697189	3454	4096	46	49	7	4.069473715600123	-4.958580503910912	4.725326561964581	-5.61443335027537	42.80186911806539	22.561028345356956	True	False	True	native_background_competition	unknown_not_negative
060126_12_left__window_2_median_mad__sources_1__seed_3103	raw_frozen_handcrafted_stack	raw	060126_12_left	060126_12_left__window_2_median_mad	median_mad	3103	1	single	0	crescent	17	16	3.3977015455176818	2.048579651772517	13	4096	4	49	2	3.707286005055788	-0.3095844595381063	4.990965285257811	-1.5932637397401295	19.4164878389476	1.0	False	True	True	recovered_source_on	unknown_not_negative
060126_12_left__window_2_median_mad__sources_1__seed_3103	jepa_conditional_pixel_residual_frozen_handcrafted_stack	jepa_residual	060126_12_left	060126_12_left__window_2_median_mad	median_mad	3103	1	single	0	crescent	17	16	-0.27892607039463835	-0.5394431609451427	2536	4096	31	49	47	3.720974137116528	-3.9999002075111663	4.111665325008561	-4.390591395403199	16.1245154965971	4.0	True	False	False	attenuation_or_response_failure	unknown_not_negative
060126_12_left__window_2_median_mad__sources_1__seed_3103	random_encoder_conditional_pixel_residual_frozen_handcrafted_stack	random_residual	060126_12_left	060126_12_left__window_2_median_mad	median_mad	3103	1	single	0	crescent	17	16	0.038394495671990596	-1.2188628765017562	1977	4096	45	49	42	4.083962366171745	-4.045567870499754	4.911086824781875	-4.872692329109884	19.4164878389476	6.082762530298219	True	False	False	attenuation_or_response_failure	unknown_not_negative
060126_12_left__window_2_median_mad__sources_2__seed_3101	raw_frozen_handcrafted_stack	raw	060126_12_left	060126_12_left__window_2_median_mad	median_mad	3101	2	separated	0	crescent	17	23	1.4169993192777928	1.710229510638268	410	4096	2	49	2	3.7203945946007493	-2.3033952753229565	5.206204924202426	-3.7892056049246334	31.78049716414141	9.219544457292887	True	False	True	native_background_competition	unknown_not_negative
060126_12_left__window_2_median_mad__sources_2__seed_3101	raw_frozen_handcrafted_stack	raw	060126_12_left	060126_12_left__window_2_median_mad	median_mad	3101	2	separated	1	ellipse	31	52	1.8019359897918414	2.4863450691112754	226	4096	8	49	2	3.7203945946007493	-1.9184586048089078	4.990950456703925	-3.1890144669120835	52.08646657242167	1.0	False	True	True	recovered_source_on	unknown_not_negative
060126_12_left__window_2_median_mad__sources_2__seed_3101	jepa_conditional_pixel_residual_frozen_handcrafted_stack	jepa_residual	060126_12_left	060126_12_left__window_2_median_mad	median_mad	3101	2	separated	0	crescent	17	23	0.3414123072051541	-0.1304383683047754	1512	4096	20	49	33	3.730338395578705	-3.388926088373551	4.133499524659887	-3.7920872174547324	23.08679276123039	11.0	True	False	False	attenuation_or_response_failure	unknown_not_negative
060126_12_left__window_2_median_mad__sources_2__seed_3101	jepa_conditional_pixel_residual_frozen_handcrafted_stack	jepa_residual	060126_12_left	060126_12_left__window_2_median_mad	median_mad	3101	2	separated	1	ellipse	31	52	-1.2349403643535415	-0.3991579448265733	3893	4096	28	49	41	3.730338395578705	-4.9652787599322465	4.133499524659887	-5.368439889013429	53.36665625650534	39.319206502675	True	False	False	attenuation_or_response_failure	unknown_not_negative
060126_12_left__window_2_median_mad__sources_2__seed_3101	random_encoder_conditional_pixel_residual_frozen_handcrafted_stack	random_residual	060126_12_left	060126_12_left__window_2_median_mad	median_mad	3101	2	separated	0	crescent	17	23	3.214995355020245	0.6764886309731515	38	4096	4	49	8	4.144614023221799	-0.9296186682015546	4.672639589105416	-1.4576442340851714	25.495097567963924	2.0	False	True	True	recovered_source_on	unknown_not_negative
060126_12_left__window_2_median_mad__sources_2__seed_3101	random_encoder_conditional_pixel_residual_frozen_handcrafted_stack	random_residual	060126_12_left	060126_12_left__window_2_median_mad	median_mad	3101	2	separated	1	ellipse	31	52	0.08213662754445684	0.7964981108773319	1899	4096	22	49	5	4.144614023221799	-4.062477395677343	4.672639589105416	-4.59050296156096	57.697486947006624	31.144823004794873	True	False	True	native_background_competition	unknown_not_negative
060126_12_left__window_2_median_mad__sources_2__seed_3102	raw_frozen_handcrafted_stack	raw	060126_12_left	060126_12_left__window_2_median_mad	median_mad	3102	2	overlap	0	crescent	15	27	0.7384202443355504	1.6626106266364773	998	4096	27	49	2	3.3307195993963044	-2.592299355060754	4.990950456703925	-4.252530212368375	29.966648127543394	9.219544457292887	True	False	True	native_background_competition	unknown_not_negative
060126_12_left__window_2_median_mad__sources_2__seed_3102	raw_frozen_handcrafted_stack	raw	060126_12_left	060126_12_left__window_2_median_mad	median_mad	3102	2	overlap	1	ellipse	20	28	2.163736733150419	2.3280716279994436	133	4096	5	49	2	3.3307195993963044	-1.1669828662458852	4.990950456703925	-2.827213723553506	29.120439557122072	13.892443989449804	True	False	True	native_background_competition	unknown_not_negative
060126_12_left__window_2_median_mad__sources_2__seed_3102	jepa_conditional_pixel_residual_frozen_handcrafted_stack	jepa_residual	060126_12_left	060126_12_left__window_2_median_mad	median_mad	3102	2	overlap	0	crescent	15	27	0.16488449048610268	-0.4188234762073644	1774	4096	24	49	44	3.7414332653500835	-3.576548774863981	4.155442624376321	-3.9905581338902185	27.294688127912362	15.132745950421556	True	False	False	attenuation_or_response_failure	unknown_not_negative
060126_12_left__window_2_median_mad__sources_2__seed_3102	jepa_conditional_pixel_residual_frozen_handcrafted_stack	jepa_residual	060126_12_left	060126_12_left__window_2_median_mad	median_mad	3102	2	overlap	1	ellipse	20	28	0.9496927312287764	-0.27716861886158317	942	4096	38	49	36	3.7414332653500835	-2.791740534121307	4.155442624376321	-3.2057498931475448	28.0178514522438	16.278820596099706	True	False	False	attenuation_or_response_failure	unknown_not_negative
060126_12_left__window_2_median_mad__sources_2__seed_3102	random_encoder_conditional_pixel_residual_frozen_handcrafted_stack	random_residual	060126_12_left	060126_12_left__window_2_median_mad	median_mad	3102	2	overlap	0	crescent	15	27	1.006052610445424	-0.43603229398168053	777	4096	12	49	31	3.9363251726622437	-2.9302725622168198	4.725120912293509	-3.719068301848085	28.460498941515414	4.0	True	False	False	attenuation_or_response_failure	unknown_not_negative
060126_12_left__window_2_median_mad__sources_2__seed_3102	random_encoder_conditional_pixel_residual_frozen_handcrafted_stack	random_residual	060126_12_left	060126_12_left__window_2_median_mad	median_mad	3102	2	overlap	1	ellipse	20	28	-1.71049938122255	-1.9349690745203372	4037	4096	46	49	49	3.9363251726622437	-5.646824553884794	4.725120912293509	-6.435620293516059	31.304951684997057	7.0710678118654755	True	False	False	attenuation_or_response_failure	unknown_not_negative
060126_12_left__window_2_median_mad__sources_2__seed_3103	raw_frozen_handcrafted_stack	raw	060126_12_left	060126_12_left__window_2_median_mad	median_mad	3103	2	near_neighbor	0	crescent	30	30	1.7931478578486157	0.9825387638478785	235	4096	8	49	4	3.7226483007006346	-1.9295004428520188	4.990950456703925	-3.1978025988553096	30.066592756745816	7.0710678118654755	True	False	True	native_background_competition	unknown_not_negative
060126_12_left__window_2_median_mad__sources_2__seed_3103	raw_frozen_handcrafted_stack	raw	060126_12_left	060126_12_left__window_2_median_mad	median_mad	3103	2	near_neighbor	1	ellipse	37	30	3.456328075197932	1.9375607386122493	11	4096	2	49	1	3.7226483007006346	-0.2663202255027026	4.990950456703925	-1.5346223815059932	31.32091952673165	1.0	False	True	True	recovered_source_on	unknown_not_negative
060126_12_left__window_2_median_mad__sources_2__seed_3103	jepa_conditional_pixel_residual_frozen_handcrafted_stack	jepa_residual	060126_12_left	060126_12_left__window_2_median_mad	median_mad	3103	2	near_neighbor	0	crescent	30	30	-0.5725152743862246	-1.0985331350929994	3048	4096	46	49	49	3.6527197007484196	-4.2252349751346445	4.176891081789606	-4.749406356175831	31.953090617340916	16.492422502470642	True	False	False	attenuation_or_response_failure	unknown_not_negative
060126_12_left__window_2_median_mad__sources_2__seed_3103	jepa_conditional_pixel_residual_frozen_handcrafted_stack	jepa_residual	060126_12_left	060126_12_left__window_2_median_mad	median_mad	3103	2	near_neighbor	1	ellipse	37	30	-0.1655347922316112	-0.7608754699162797	2367	4096	35	49	46	3.6527197007484196	-3.8182544929800306	4.176891081789606	-4.342425874021217	34.9857113690718	18.788294228055936	True	False	False	attenuation_or_response_failure	unknown_not_negative
060126_12_left__window_2_median_mad__sources_2__seed_3103	random_encoder_conditional_pixel_residual_frozen_handcrafted_stack	random_residual	060126_12_left	060126_12_left__window_2_median_mad	median_mad	3103	2	near_neighbor	0	crescent	30	30	0.598638335938614	-0.28206898313015705	1196	4096	20	49	17	4.026977971982158	-3.4283396360435443	4.737387840156702	-4.1387495042180875	38.41874542459709	16.55294535724685	True	False	False	attenuation_or_response_failure	unknown_not_negative
060126_12_left__window_2_median_mad__sources_2__seed_3103	random_encoder_conditional_pixel_residual_frozen_handcrafted_stack	random_residual	060126_12_left	060126_12_left__window_2_median_mad	median_mad	3103	2	near_neighbor	1	ellipse	37	30	1.5718093045348625	0.24264877529061968	418	4096	5	49	5	4.026977971982158	-2.455168667447296	4.737387840156702	-3.1655785356218393	43.139309220245984	23.08679276123039	True	False	True	native_background_competition	unknown_not_negative
060126_12_left__window_2_median_mad__sources_4__seed_3101	raw_frozen_handcrafted_stack	raw	060126_12_left	060126_12_left__window_2_median_mad	median_mad	3101	4	separated	0	ellipse	15	32	1.174576947316808	0.300287193669873	590	4096	22	49	18	3.6022231514227627	-2.4276462041059546	6.318650288622165	-5.144073341305357	18.439088914585774	13.038404810405298	True	False	True	native_background_competition	unknown_not_negative
060126_12_left__window_2_median_mad__sources_4__seed_3101	raw_frozen_handcrafted_stack	raw	060126_12_left	060126_12_left__window_2_median_mad	median_mad	3101	4	separated	1	crescent	31	33	3.7213892346008848	2.891422216614425	14	4096	2	49	1	3.6022231514227627	0.11916608317812205	6.318650288622165	-2.5972610540212804	27.586228448267445	1.0	False	True	True	recovered_source_on	unknown_not_negative
060126_12_left__window_2_median_mad__sources_4__seed_3101	raw_frozen_handcrafted_stack	raw	060126_12_left	060126_12_left__window_2_median_mad	median_mad	3101	4	separated	2	ellipse	30	47	3.4311400157154823	1.5750103525574468	24	4096	1	49	5	3.6022231514227627	-0.1710831357072804	6.318650288622165	-2.887510272906683	38.07886552931954	14.0	True	False	True	native_background_competition	unknown_not_negative
060126_12_left__window_2_median_mad__sources_4__seed_3101	raw_frozen_handcrafted_stack	raw	060126_12_left	060126_12_left__window_2_median_mad	median_mad	3101	4	separated	3	crescent	11	14	6.318650288622165	4.087838474780952	1	4096	1	49	1	3.6022231514227627	2.7164271371994024	4.99094600813776	1.3277042804844053	22.02271554554524	0.0	False	True	True	recovered_source_on	unknown_not_negative
060126_12_left__window_2_median_mad__sources_4__seed_3101	jepa_conditional_pixel_residual_frozen_handcrafted_stack	jepa_residual	060126_12_left	060126_12_left__window_2_median_mad	median_mad	3101	4	separated	0	ellipse	15	32	-0.8560099199688435	-0.27518543637389037	3447	4096	43	49	45	3.7452222950855316	-4.601232215054375	4.350161050262146	-5.20617097023099	21.95449840010015	20.09975124224178	True	False	False	attenuation_or_response_failure	unknown_not_negative
060126_12_left__window_2_median_mad__sources_4__seed_3101	jepa_conditional_pixel_residual_frozen_handcrafted_stack	jepa_residual	060126_12_left	060126_12_left__window_2_median_mad	median_mad	3101	4	separated	1	crescent	31	33	-0.5385257498196091	-0.573276788926635	2959	4096	40	49	45	3.7452222950855316	-4.283748044905141	4.350161050262146	-4.888686800081755	20.615528128088304	20.615528128088304	True	False	False	attenuation_or_response_failure	unknown_not_negative
060126_12_left__window_2_median_mad__sources_4__seed_3101	jepa_conditional_pixel_residual_frozen_handcrafted_stack	jepa_residual	060126_12_left	060126_12_left__window_2_median_mad	median_mad	3101	4	separated	2	ellipse	30	47	-0.788488057238986	-0.8102657294528834	3345	4096	25	49	48	3.7452222950855316	-4.533710352324517	4.350161050262146	-5.1386491075011325	34.23448553724738	34.23448553724738	True	False	False	attenuation_or_response_failure	unknown_not_negative
060126_12_left__window_2_median_mad__sources_4__seed_3101	jepa_conditional_pixel_residual_frozen_handcrafted_stack	jepa_residual	060126_12_left	060126_12_left__window_2_median_mad	median_mad	3101	4	separated	3	crescent	11	14	0.41983619364598684	0.4879598507703416	1411	4096	2	49	3	3.7452222950855316	-3.3253861014395447	4.350161050262146	-3.9303248566161595	15.033296378372908	6.324555320336759	True	False	True	native_background_competition	unknown_not_negative
060126_12_left__window_2_median_mad__sources_4__seed_3101	random_encoder_conditional_pixel_residual_frozen_handcrafted_stack	random_residual	060126_12_left	060126_12_left__window_2_median_mad	median_mad	3101	4	separated	0	ellipse	15	32	-0.11502989038952567	0.2532681966553725	2219	4096	40	49	18	3.9463325377381744	-4.0613624281277	4.7055749130334865	-4.820604803423012	33.24154027718932	5.830951894845301	True	False	True	native_background_competition	unknown_not_negative
060126_12_left__window_2_median_mad__sources_4__seed_3101	random_encoder_conditional_pixel_residual_frozen_handcrafted_stack	random_residual	060126_12_left	060126_12_left__window_2_median_mad	median_mad	3101	4	separated	1	crescent	31	33	0.7438164168982999	-0.16050628518146814	1047	4096	23	49	22	3.9463325377381744	-3.2025161208398742	4.7055749130334865	-3.961758496135187	41.400483088968905	21.37755832643195	True	False	True	native_background_competition	unknown_not_negative
060126_12_left__window_2_median_mad__sources_4__seed_3101	random_encoder_conditional_pixel_residual_frozen_handcrafted_stack	random_residual	060126_12_left	060126_12_left__window_2_median_mad	median_mad	3101	4	separated	2	ellipse	30	47	2.639522473359252	0.49049804429141775	104	4096	3	49	9	3.9463325377381744	-1.3068100643789222	4.7055749130334865	-2.0660524396742344	52.773099207835045	26.90724809414742	True	False	True	native_background_competition	unknown_not_negative
060126_12_left__window_2_median_mad__sources_4__seed_3101	random_encoder_conditional_pixel_residual_frozen_handcrafted_stack	random_residual	060126_12_left	060126_12_left__window_2_median_mad	median_mad	3101	4	separated	3	crescent	11	14	1.6288407127222437	1.3460714450257434	409	4096	13	49	3	3.9463325377381744	-2.3174918250159307	4.7055749130334865	-3.076734200311243	14.866068747318506	2.23606797749979	False	True	True	recovered_source_on	unknown_not_negative
060126_12_left__window_2_median_mad__sources_4__seed_3102	raw_frozen_handcrafted_stack	raw	060126_12_left	060126_12_left__window_2_median_mad	median_mad	3102	4	overlap	0	crescent	35	43	2.7008556947351368	3.9140982241665245	57	4096	10	49	5	3.7197959224423798	-1.018940227707243	4.990235084897158	-2.289379390162021	43.56604182158393	2.23606797749979	False	False	False	attenuation_or_response_failure	unknown_not_negative
060126_12_left__window_2_median_mad__sources_4__seed_3102	raw_frozen_handcrafted_stack	raw	060126_12_left	060126_12_left__window_2_median_mad	median_mad	3102	4	overlap	1	ellipse	33	41	0.9208917310210956	2.822692422483499	819	4096	27	49	11	3.7197959224423798	-2.7989041914212844	4.990235084897158	-4.069343353876063	41.30375285612676	1.0	False	True	True	recovered_source_on	unknown_not_negative
060126_12_left__window_2_median_mad__sources_4__seed_3102	raw_frozen_handcrafted_stack	raw	060126_12_left	060126_12_left__window_2_median_mad	median_mad	3102	4	overlap	2	crescent	9	34	1.2197386734559306	1.9939504323136998	552	4096	11	49	1	3.7197959224423798	-2.500057248986449	4.990235084897158	-3.7704964114412274	38.948684188300895	13.038404810405298	True	False	True	native_background_competition	unknown_not_negative
060126_12_left__window_2_median_mad__sources_4__seed_3102	raw_frozen_handcrafted_stack	raw	060126_12_left	060126_12_left__window_2_median_mad	median_mad	3102	4	overlap	3	ellipse	22	14	2.539098984193464	2.453303359851313	78	4096	4	49	2	3.7197959224423798	-1.1806969382489156	4.990235084897158	-2.451136100703694	15.231546211727817	5.385164807134504	True	False	True	native_background_competition	unknown_not_negative
060126_12_left__window_2_median_mad__sources_4__seed_3102	jepa_conditional_pixel_residual_frozen_handcrafted_stack	jepa_residual	060126_12_left	060126_12_left__window_2_median_mad	median_mad	3102	4	overlap	0	crescent	35	43	-0.9088409168465069	-0.9520561409421312	3551	4096	36	49	48	3.80291185335013	-4.711752770196637	4.169724687182634	-5.078565604029141	45.880278987817846	29.154759474226502	True	False	False	attenuation_or_response_failure	unknown_not_negative
060126_12_left__window_2_median_mad__sources_4__seed_3102	jepa_conditional_pixel_residual_frozen_handcrafted_stack	jepa_residual	060126_12_left	060126_12_left__window_2_median_mad	median_mad	3102	4	overlap	1	ellipse	33	41	-1.0598003675093508	-0.6605861485967264	3722	4096	41	49	37	3.80291185335013	-4.862712220859481	4.169724687182634	-5.229525054691985	43.32435804486894	27.018512172212592	True	False	False	attenuation_or_response_failure	unknown_not_negative
060126_12_left__window_2_median_mad__sources_4__seed_3102	jepa_conditional_pixel_residual_frozen_handcrafted_stack	jepa_residual	060126_12_left	060126_12_left__window_2_median_mad	median_mad	3102	4	overlap	2	crescent	9	34	0.14986629200855164	0.5682674913974223	1790	4096	12	49	1	3.80291185335013	-3.653045561341578	4.169724687182634	-4.019858395174082	35.4400902933387	27.65863337187866	True	False	True	native_background_competition	unknown_not_negative
060126_12_left__window_2_median_mad__sources_4__seed_3102	jepa_conditional_pixel_residual_frozen_handcrafted_stack	jepa_residual	060126_12_left	060126_12_left__window_2_median_mad	median_mad	3102	4	overlap	3	ellipse	22	14	2.3555902208065995	-0.040688989909209106	233	4096	19	49	7	3.80291185335013	-1.4473216325435305	4.169724687182634	-1.8141344663760344	14.317821063276353	5.0990195135927845	True	False	False	attenuation_or_response_failure	unknown_not_negative
060126_12_left__window_2_median_mad__sources_4__seed_3102	random_encoder_conditional_pixel_residual_frozen_handcrafted_stack	random_residual	060126_12_left	060126_12_left__window_2_median_mad	median_mad	3102	4	overlap	0	crescent	35	43	2.8576087256191967	2.547654351678969	87	4096	9	49	5	4.001256386542678	-1.143647660923481	4.9337557721307	-2.0761470465115037	51.86520991955976	28.653097563788805	True	False	True	native_background_competition	unknown_not_negative
060126_12_left__window_2_median_mad__sources_4__seed_3102	random_encoder_conditional_pixel_residual_frozen_handcrafted_stack	random_residual	060126_12_left	060126_12_left__window_2_median_mad	median_mad	3102	4	overlap	1	ellipse	33	41	0.8192979354630291	1.4321652967810632	975	4096	25	49	15	4.001256386542678	-3.1819584510796486	4.9337557721307	-4.114457836667671	49.09175083453431	25.942243542145693	True	False	False	attenuation_or_response_failure	unknown_not_negative
060126_12_left__window_2_median_mad__sources_4__seed_3102	random_encoder_conditional_pixel_residual_frozen_handcrafted_stack	random_residual	060126_12_left	060126_12_left__window_2_median_mad	median_mad	3102	4	overlap	2	crescent	9	34	2.200871148659816	2.6022281823161695	232	4096	9	49	1	4.001256386542678	-1.8003852378828618	4.9337557721307	-2.7328846234708846	34.132096331752024	5.0990195135927845	True	False	True	native_background_competition	unknown_not_negative
060126_12_left__window_2_median_mad__sources_4__seed_3102	random_encoder_conditional_pixel_residual_frozen_handcrafted_stack	random_residual	060126_12_left	060126_12_left__window_2_median_mad	median_mad	3102	4	overlap	3	ellipse	22	14	1.045809226397157	-0.12718031873260038	790	4096	28	49	8	4.001256386542678	-2.9554471601455203	4.9337557721307	-3.887946545733543	21.2602916254693	5.0990195135927845	True	False	True	native_background_competition	unknown_not_negative
060126_12_left__window_2_median_mad__sources_4__seed_3103	raw_frozen_handcrafted_stack	raw	060126_12_left	060126_12_left__window_2_median_mad	median_mad	3103	4	near_neighbor	0	ellipse	46	33	3.701927130311741	1.8832163917747529	11	4096	5	49	11	3.916861271450791	-0.21493414113905018	4.990905547369299	-1.288978417057558	37.589892258425	1.0	False	True	True	recovered_source_on	unknown_not_negative
060126_12_left__window_2_median_mad__sources_4__seed_3103	raw_frozen_handcrafted_stack	raw	060126_12_left	060126_12_left__window_2_median_mad	median_mad	3103	4	near_neighbor	1	crescent	51	31	2.9025569912374776	3.4362416948470544	42	4096	4	49	2	3.916861271450791	-1.0143042802133135	4.990905547369299	-2.0883485561318214	38.600518131237564	1.0	False	True	True	recovered_source_on	unknown_not_negative
060126_12_left__window_2_median_mad__sources_4__seed_3103	raw_frozen_handcrafted_stack	raw	060126_12_left	060126_12_left__window_2_median_mad	median_mad	3103	4	near_neighbor	2	ellipse	13	8	0.4540644477808463	0.1287578223960531	1377	4096	18	49	13	3.916861271450791	-3.4627968236699447	4.990905547369299	-4.536841099588453	17.0	6.0	True	False	True	native_background_competition	unknown_not_negative
060126_12_left__window_2_median_mad__sources_4__seed_3103	raw_frozen_handcrafted_stack	raw	060126_12_left	060126_12_left__window_2_median_mad	median_mad	3103	4	near_neighbor	3	crescent	44	11	2.288273667240277	1.878879417013482	130	4096	4	49	2	3.916861271450791	-1.628587604210514	4.990905547369299	-2.702631880129022	19.4164878389476	19.235384061671343	True	False	True	native_background_competition	unknown_not_negative
060126_12_left__window_2_median_mad__sources_4__seed_3103	jepa_conditional_pixel_residual_frozen_handcrafted_stack	jepa_residual	060126_12_left	060126_12_left__window_2_median_mad	median_mad	3103	4	near_neighbor	0	ellipse	46	33	-0.5499544174896308	-0.33549026535863613	2985	4096	19	49	33	3.6065099872308815	-4.156464404720512	4.348587741594592	-4.898542159084223	28.284271247461902	23.600847442411894	True	False	False	attenuation_or_response_failure	unknown_not_negative
060126_12_left__window_2_median_mad__sources_4__seed_3103	jepa_conditional_pixel_residual_frozen_handcrafted_stack	jepa_residual	060126_12_left	060126_12_left__window_2_median_mad	median_mad	3103	4	near_neighbor	1	crescent	51	31	-1.1097338111842252	-0.6997478068385925	3771	4096	47	49	46	3.6065099872308815	-4.716243798415107	4.348587741594592	-5.458321552778817	30.805843601498726	25.317977802344327	True	False	False	attenuation_or_response_failure	unknown_not_negative
060126_12_left__window_2_median_mad__sources_4__seed_3103	jepa_conditional_pixel_residual_frozen_handcrafted_stack	jepa_residual	060126_12_left	060126_12_left__window_2_median_mad	median_mad	3103	4	near_neighbor	2	ellipse	13	8	-0.6636600446144653	-0.26488853787918826	3177	4096	19	49	43	3.6065099872308815	-4.270170031845347	4.348587741594592	-5.012247786209057	13.92838827718412	5.656854249492381	True	False	False	attenuation_or_response_failure	unknown_not_negative
060126_12_left__window_2_median_mad__sources_4__seed_3103	jepa_conditional_pixel_residual_frozen_handcrafted_stack	jepa_residual	060126_12_left	060126_12_left__window_2_median_mad	median_mad	3103	4	near_neighbor	3	crescent	44	11	1.3584905000492182	-0.8357465158314468	672	4096	34	49	49	3.6065099872308815	-2.2480194871816632	4.348587741594592	-2.990097241545374	18.110770276274835	5.830951894845301	True	False	False	attenuation_or_response_failure	unknown_not_negative
060126_12_left__window_2_median_mad__sources_4__seed_3103	random_encoder_conditional_pixel_residual_frozen_handcrafted_stack	random_residual	060126_12_left	060126_12_left__window_2_median_mad	median_mad	3103	4	near_neighbor	0	ellipse	46	33	2.818246679106863	1.168900243182135	77	4096	1	49	11	4.0527499532526905	-1.2345032741458275	4.806909250910702	-1.988662571803839	51.85556864985669	17.11724276862369	True	False	True	native_background_competition	unknown_not_negative
060126_12_left__window_2_median_mad__sources_4__seed_3103	random_encoder_conditional_pixel_residual_frozen_handcrafted_stack	random_residual	060126_12_left	060126_12_left__window_2_median_mad	median_mad	3103	4	near_neighbor	1	crescent	51	31	1.1369824168668943	1.4896060878067694	686	4096	6	49	4	4.0527499532526905	-2.915767536385796	4.806909250910702	-3.6699268340438076	54.644304369257	22.360679774997898	True	False	True	native_background_competition	unknown_not_negative
060126_12_left__window_2_median_mad__sources_4__seed_3103	random_encoder_conditional_pixel_residual_frozen_handcrafted_stack	random_residual	060126_12_left	060126_12_left__window_2_median_mad	median_mad	3103	4	near_neighbor	2	ellipse	13	8	-1.2412000724971046	-0.9455887880544603	3840	4096	44	49	44	4.0527499532526905	-5.293950025749795	4.806909250910702	-6.0481093234078065	10.63014581273465	5.385164807134504	True	False	False	attenuation_or_response_failure	unknown_not_negative
060126_12_left__window_2_median_mad__sources_4__seed_3103	random_encoder_conditional_pixel_residual_frozen_handcrafted_stack	random_residual	060126_12_left	060126_12_left__window_2_median_mad	median_mad	3103	4	near_neighbor	3	crescent	44	11	0.7167190903586163	1.5382718115410667	1071	4096	8	49	2	4.0527499532526905	-3.3360308628940745	4.806909250910702	-4.090190160552086	39.56008088970496	23.08679276123039	True	False	True	native_background_competition	unknown_not_negative
060126_12_left__window_3_high_mad__sources_1__seed_3101	raw_frozen_handcrafted_stack	raw	060126_12_left	060126_12_left__window_3_high_mad	high_mad	3101	1	single	0	crescent	21	17	0.6983520817009172	0.7114737710287061	1066	4096	20	49	4	4.882070801837542	-4.183718720136625	6.762916862541697	-6.06456478084078	9.486832980505138	6.082762530298219	True	False	True	native_background_competition	unknown_not_negative
060126_12_left__window_3_high_mad__sources_1__seed_3101	jepa_conditional_pixel_residual_frozen_handcrafted_stack	jepa_residual	060126_12_left	060126_12_left__window_3_high_mad	high_mad	3101	1	single	0	crescent	21	17	-1.060423310675759	-1.3219002920993734	3685	4096	42	49	47	6.430475488351664	-7.490898799027423	7.466208911515297	-8.526632222191056	9.486832980505138	6.082762530298219	True	False	False	attenuation_or_response_failure	unknown_not_negative
060126_12_left__window_3_high_mad__sources_1__seed_3101	random_encoder_conditional_pixel_residual_frozen_handcrafted_stack	random_residual	060126_12_left	060126_12_left__window_3_high_mad	high_mad	3101	1	single	0	crescent	21	17	0.6113985209206201	-0.8008945658361413	1205	4096	27	49	39	5.445637720199241	-4.834239199278621	8.225511209598206	-7.6141126886775865	9.486832980505138	6.082762530298219	True	False	True	native_background_competition	unknown_not_negative
060126_12_left__window_3_high_mad__sources_1__seed_3102	raw_frozen_handcrafted_stack	raw	060126_12_left	060126_12_left__window_3_high_mad	high_mad	3102	1	single	0	ellipse	47	17	0.31604739788081115	2.0868419536620566	1556	4096	28	49	2	4.881654967213587	-4.565607569332776	6.7536296069688015	-6.43758220908799	24.698178070456937	16.401219466856727	True	False	True	native_background_competition	unknown_not_negative
060126_12_left__window_3_high_mad__sources_1__seed_3102	jepa_conditional_pixel_residual_frozen_handcrafted_stack	jepa_residual	060126_12_left	060126_12_left__window_3_high_mad	high_mad	3102	1	single	0	ellipse	47	17	-2.5824902068642674	-0.9142130286348324	4094	4096	48	49	42	6.383347583621804	-8.965837790486072	7.433030780252239	-10.015520987116506	24.698178070456937	14.866068747318506	True	False	True	native_background_competition	unknown_not_negative
060126_12_left__window_3_high_mad__sources_1__seed_3102	random_encoder_conditional_pixel_residual_frozen_handcrafted_stack	random_residual	060126_12_left	060126_12_left__window_3_high_mad	high_mad	3102	1	single	0	ellipse	47	17	-0.3767232421234635	1.6999462090648245	2703	4096	37	49	1	5.443757103214327	-5.82048034533779	8.222198492862738	-8.5989217349862	24.698178070456937	16.401219466856727	True	False	True	native_background_competition	unknown_not_negative
060126_12_left__window_3_high_mad__sources_1__seed_3103	raw_frozen_handcrafted_stack	raw	060126_12_left	060126_12_left__window_3_high_mad	high_mad	3103	1	single	0	ellipse	18	34	3.3788451124542376	2.4470486953816475	67	4096	2	49	1	4.881654967213587	-1.5028098547593491	6.7536296069688015	-3.374784494514564	26.68332812825267	23.08679276123039	True	False	True	native_background_competition	unknown_not_negative
060126_12_left__window_3_high_mad__sources_1__seed_3103	jepa_conditional_pixel_residual_frozen_handcrafted_stack	jepa_residual	060126_12_left	060126_12_left__window_3_high_mad	high_mad	3103	1	single	0	ellipse	18	34	1.170572243532688	0.8701183167277702	789	4096	2	49	1	6.375174426054335	-5.204602182521647	7.43100251136461	-6.2604302678319215	26.68332812825267	23.08679276123039	True	False	True	native_background_competition	unknown_not_negative
060126_12_left__window_3_high_mad__sources_1__seed_3103	random_encoder_conditional_pixel_residual_frozen_handcrafted_stack	random_residual	060126_12_left	060126_12_left__window_3_high_mad	high_mad	3103	1	single	0	ellipse	18	34	2.5470393997713563	1.9200539567817587	250	4096	3	49	1	5.450139881346382	-2.9031004815750254	8.196225509136733	-5.649186109365377	26.68332812825267	22.80350850198276	True	False	True	native_background_competition	unknown_not_negative
060126_12_left__window_3_high_mad__sources_2__seed_3101	raw_frozen_handcrafted_stack	raw	060126_12_left	060126_12_left__window_3_high_mad	high_mad	3101	2	separated	0	crescent	14	18	3.783375006767879	1.9055768038256578	40	4096	2	49	3	4.94843663037608	-1.1650616236082012	6.75332387112512	-2.9699488643572405	14.142135623730951	2.23606797749979	False	True	True	recovered_source_on	unknown_not_negative
060126_12_left__window_3_high_mad__sources_2__seed_3101	raw_frozen_handcrafted_stack	raw	060126_12_left	060126_12_left__window_3_high_mad	high_mad	3101	2	separated	1	ellipse	32	51	2.4785952523062336	2.2332369684613966	161	4096	3	49	2	4.94843663037608	-2.4698413780698467	6.75332387112512	-4.2747286188188856	43.73785545725808	36.359317925395686	True	False	True	native_background_competition	unknown_not_negative
060126_12_left__window_3_high_mad__sources_2__seed_3101	jepa_conditional_pixel_residual_frozen_handcrafted_stack	jepa_residual	060126_12_left	060126_12_left__window_3_high_mad	high_mad	3101	2	separated	0	crescent	14	18	0.31285433434956605	-0.45925434632773904	1560	4096	17	49	42	6.378094221131029	-6.0652398867814625	7.47107396872089	-7.158219634371323	14.142135623730951	9.219544457292887	True	False	True	native_background_competition	unknown_not_negative
060126_12_left__window_3_high_mad__sources_2__seed_3101	jepa_conditional_pixel_residual_frozen_handcrafted_stack	jepa_residual	060126_12_left	060126_12_left__window_3_high_mad	high_mad	3101	2	separated	1	ellipse	32	51	-1.2882231872576468	-1.2294049502094433	3870	4096	40	49	49	6.378094221131029	-7.666317408388676	7.47107396872089	-8.759297155978537	43.73785545725808	41.7612260356422	True	False	False	attenuation_or_response_failure	unknown_not_negative
060126_12_left__window_3_high_mad__sources_2__seed_3101	random_encoder_conditional_pixel_residual_frozen_handcrafted_stack	random_residual	060126_12_left	060126_12_left__window_3_high_mad	high_mad	3101	2	separated	0	crescent	14	18	3.298179912565987	1.0016109778940416	131	4096	3	49	9	5.358920829338107	-2.06074091677212	8.209047947253808	-4.910868034687821	14.142135623730951	6.324555320336759	True	False	True	native_background_competition	unknown_not_negative
060126_12_left__window_3_high_mad__sources_2__seed_3101	random_encoder_conditional_pixel_residual_frozen_handcrafted_stack	random_residual	060126_12_left	060126_12_left__window_3_high_mad	high_mad	3101	2	separated	1	ellipse	32	51	1.7107128406862104	1.9763652472805875	459	4096	1	49	1	5.358920829338107	-3.6482079886518965	8.209047947253808	-6.498335106567597	43.73785545725808	41.7612260356422	True	False	True	native_background_competition	unknown_not_negative
060126_12_left__window_3_high_mad__sources_2__seed_3102	raw_frozen_handcrafted_stack	raw	060126_12_left	060126_12_left__window_3_high_mad	high_mad	3102	2	overlap	0	ellipse	43	48	0.5749778832370179	0.8044606882005891	1192	4096	21	49	15	4.881654967213587	-4.3066770839765685	6.7536296069688015	-6.178651723731783	44.28317965096906	41.97618372363071	True	False	True	native_background_competition	unknown_not_negative
060126_12_left__window_3_high_mad__sources_2__seed_3102	raw_frozen_handcrafted_stack	raw	060126_12_left	060126_12_left__window_3_high_mad	high_mad	3102	2	overlap	1	crescent	41	53	-1.486770085187439	-0.13343791664099003	3910	4096	47	49	33	4.881654967213587	-6.368425052401026	6.7536296069688015	-8.24039969215624	48.104053883222775	46.52956049652737	True	False	True	native_background_competition	unknown_not_negative
060126_12_left__window_3_high_mad__sources_2__seed_3102	jepa_conditional_pixel_residual_frozen_handcrafted_stack	jepa_residual	060126_12_left	060126_12_left__window_3_high_mad	high_mad	3102	2	overlap	0	ellipse	43	48	0.3980072683582679	0.1688078915773815	1446	4096	13	49	7	6.369662985755003	-5.971655717396735	7.431177333560398	-7.03317006520213	44.28317965096906	41.593268686170845	True	False	True	native_background_competition	unknown_not_negative
060126_12_left__window_3_high_mad__sources_2__seed_3102	jepa_conditional_pixel_residual_frozen_handcrafted_stack	jepa_residual	060126_12_left	060126_12_left__window_3_high_mad	high_mad	3102	2	overlap	1	crescent	41	53	-0.085735965608884	0.08975563001837394	2205	4096	27	49	16	6.369662985755003	-6.455398951363887	7.431177333560398	-7.516913299169282	48.104053883222775	46.2709412050371	True	False	True	native_background_competition	unknown_not_negative
060126_12_left__window_3_high_mad__sources_2__seed_3102	random_encoder_conditional_pixel_residual_frozen_handcrafted_stack	random_residual	060126_12_left	060126_12_left__window_3_high_mad	high_mad	3102	2	overlap	0	ellipse	43	48	0.4424748023911392	0.9086983071131438	1418	4096	22	49	11	5.44270696355072	-5.000232161159581	8.195293766250145	-7.752818963859006	44.28317965096906	41.97618372363071	True	False	True	native_background_competition	unknown_not_negative
060126_12_left__window_3_high_mad__sources_2__seed_3102	random_encoder_conditional_pixel_residual_frozen_handcrafted_stack	random_residual	060126_12_left	060126_12_left__window_3_high_mad	high_mad	3102	2	overlap	1	crescent	41	53	-1.5085247048461619	-0.22298912227767897	3969	4096	49	49	43	5.44270696355072	-6.951231668396883	8.195293766250145	-9.703818471096307	48.104053883222775	46.52956049652737	True	False	True	native_background_competition	unknown_not_negative
060126_12_left__window_3_high_mad__sources_2__seed_3103	raw_frozen_handcrafted_stack	raw	060126_12_left	060126_12_left__window_3_high_mad	high_mad	3103	2	near_neighbor	0	crescent	35	22	-1.3251293824084458	0.5388361603531195	3814	4096	43	49	2	4.881678257340183	-6.206807639748629	6.75367830450623	-8.078807686914676	17.804493814764857	15.033296378372908	True	False	True	native_background_competition	unknown_not_negative
060126_12_left__window_3_high_mad__sources_2__seed_3103	raw_frozen_handcrafted_stack	raw	060126_12_left	060126_12_left__window_3_high_mad	high_mad	3103	2	near_neighbor	1	ellipse	42	23	0.9145105396657405	1.4119540346135269	816	4096	14	49	1	4.881678257340183	-3.9671677176744424	6.75367830450623	-5.839167764840489	23.430749027719962	17.88854381999832	True	False	True	native_background_competition	unknown_not_negative
060126_12_left__window_3_high_mad__sources_2__seed_3103	jepa_conditional_pixel_residual_frozen_handcrafted_stack	jepa_residual	060126_12_left	060126_12_left__window_3_high_mad	high_mad	3103	2	near_neighbor	0	crescent	35	22	-1.775644129620286	-0.4479596317909347	4067	4096	48	49	38	6.379375145845193	-8.155019275465479	7.432126566763704	-9.20777069638399	17.804493814764857	15.033296378372908	True	False	True	native_background_competition	unknown_not_negative
060126_12_left__window_3_high_mad__sources_2__seed_3103	jepa_conditional_pixel_residual_frozen_handcrafted_stack	jepa_residual	060126_12_left	060126_12_left__window_3_high_mad	high_mad	3103	2	near_neighbor	1	ellipse	42	23	-0.8013513802466437	0.08327687096975234	3386	4096	36	49	2	6.379375145845193	-7.180726526091837	7.432126566763704	-8.233477947010348	23.430749027719962	17.08800749063506	True	False	True	native_background_competition	unknown_not_negative
060126_12_left__window_3_high_mad__sources_2__seed_3103	random_encoder_conditional_pixel_residual_frozen_handcrafted_stack	random_residual	060126_12_left	060126_12_left__window_3_high_mad	high_mad	3103	2	near_neighbor	0	crescent	35	22	-1.4704584720283396	0.5574641348415879	3951	4096	48	49	2	5.4455827693079035	-6.916041241336243	8.197023267992654	-9.667481740020992	17.804493814764857	15.033296378372908	True	False	True	native_background_competition	unknown_not_negative
060126_12_left__window_3_high_mad__sources_2__seed_3103	random_encoder_conditional_pixel_residual_frozen_handcrafted_stack	random_residual	060126_12_left	060126_12_left__window_3_high_mad	high_mad	3103	2	near_neighbor	1	ellipse	42	23	0.6545859719805012	1.2574878304358266	1171	4096	14	49	1	5.4455827693079035	-4.790996797327402	8.197023267992654	-7.542437296012152	23.430749027719962	17.88854381999832	True	False	True	native_background_competition	unknown_not_negative
060126_12_left__window_3_high_mad__sources_4__seed_3101	raw_frozen_handcrafted_stack	raw	060126_12_left	060126_12_left__window_3_high_mad	high_mad	3101	4	separated	0	ellipse	54	53	3.906022090791265	3.516016791756038	34	4096	1	49	1	4.881654967213587	-0.9756328764223219	6.753630453882496	-2.8476083630912314	54.08326913195984	50.15974481593781	True	False	True	native_background_competition	unknown_not_negative
060126_12_left__window_3_high_mad__sources_4__seed_3101	raw_frozen_handcrafted_stack	raw	060126_12_left	060126_12_left__window_3_high_mad	high_mad	3101	4	separated	1	crescent	29	28	0.9733131122721886	0.6162689040732602	787	4096	10	49	13	4.881654967213587	-3.908341854941398	6.753630453882496	-5.780317341610307	20.615528128088304	19.235384061671343	True	False	True	native_background_competition	unknown_not_negative
060126_12_left__window_3_high_mad__sources_4__seed_3101	raw_frozen_handcrafted_stack	raw	060126_12_left	060126_12_left__window_3_high_mad	high_mad	3101	4	separated	2	ellipse	45	48	1.5747248125350397	2.1473036365031373	391	4096	8	49	1	4.881654967213587	-3.306930154678547	6.753630453882496	-5.178905641347456	45.17742799230607	42.44997055358225	True	False	True	native_background_competition	unknown_not_negative
060126_12_left__window_3_high_mad__sources_4__seed_3101	raw_frozen_handcrafted_stack	raw	060126_12_left	060126_12_left__window_3_high_mad	high_mad	3101	4	separated	3	crescent	52	11	0.8456711038247976	1.1708982646105228	929	4096	9	49	2	4.881654967213587	-4.035983863388789	6.753630453882496	-5.907959350057698	28.160255680657446	18.439088914585774	True	False	True	native_background_competition	unknown_not_negative
060126_12_left__window_3_high_mad__sources_4__seed_3101	jepa_conditional_pixel_residual_frozen_handcrafted_stack	jepa_residual	060126_12_left	060126_12_left__window_3_high_mad	high_mad	3101	4	separated	0	ellipse	54	53	-0.22070773422265466	0.413642123592428	2439	4096	13	49	1	6.3753608606061585	-6.596068594828813	7.432831233142404	-7.6535389673650585	54.08326913195984	49.39635614091387	True	False	True	native_background_competition	unknown_not_negative
060126_12_left__window_3_high_mad__sources_4__seed_3101	jepa_conditional_pixel_residual_frozen_handcrafted_stack	jepa_residual	060126_12_left	060126_12_left__window_3_high_mad	high_mad	3101	4	separated	1	crescent	29	28	0.21764248205319495	-0.20673488629014505	1685	4096	16	49	29	6.3753608606061585	-6.157718378552963	7.432831233142404	-7.215188751089209	20.615528128088304	19.235384061671343	True	False	False	attenuation_or_response_failure	unknown_not_negative
060126_12_left__window_3_high_mad__sources_4__seed_3101	jepa_conditional_pixel_residual_frozen_handcrafted_stack	jepa_residual	060126_12_left	060126_12_left__window_3_high_mad	high_mad	3101	4	separated	2	ellipse	45	48	-1.7727259646020204	-1.3653832251615983	4068	4096	47	49	49	6.3753608606061585	-8.148086825208178	7.432831233142404	-9.205557197744424	45.17742799230607	41.97618372363071	True	False	False	attenuation_or_response_failure	unknown_not_negative
060126_12_left__window_3_high_mad__sources_4__seed_3101	jepa_conditional_pixel_residual_frozen_handcrafted_stack	jepa_residual	060126_12_left	060126_12_left__window_3_high_mad	high_mad	3101	4	separated	3	crescent	52	11	-1.0814443285401452	-1.7325089890291405	3702	4096	49	49	44	6.3753608606061585	-7.456805189146303	7.432831233142404	-8.514275561682549	28.160255680657446	16.492422502470642	True	False	False	attenuation_or_response_failure	unknown_not_negative
060126_12_left__window_3_high_mad__sources_4__seed_3101	random_encoder_conditional_pixel_residual_frozen_handcrafted_stack	random_residual	060126_12_left	060126_12_left__window_3_high_mad	high_mad	3101	4	separated	0	ellipse	54	53	3.3693909571483953	3.174560265286188	120	4096	1	49	1	5.425864110351015	-2.05647315320262	8.194200382195529	-4.824809425047134	54.08326913195984	50.15974481593781	True	False	True	native_background_competition	unknown_not_negative
060126_12_left__window_3_high_mad__sources_4__seed_3101	random_encoder_conditional_pixel_residual_frozen_handcrafted_stack	random_residual	060126_12_left	060126_12_left__window_3_high_mad	high_mad	3101	4	separated	1	crescent	29	28	0.21160980284849895	0.1945488870693872	1722	4096	19	49	11	5.425864110351015	-5.214254307502516	8.194200382195529	-7.98259057934703	20.615528128088304	19.235384061671343	True	False	True	native_background_competition	unknown_not_negative
060126_12_left__window_3_high_mad__sources_4__seed_3101	random_encoder_conditional_pixel_residual_frozen_handcrafted_stack	random_residual	060126_12_left	060126_12_left__window_3_high_mad	high_mad	3101	4	separated	2	ellipse	45	48	0.7969292919018887	1.3757129806711532	1026	4096	15	49	1	5.425864110351015	-4.628934818449126	8.194200382195529	-7.39727109029364	45.17742799230607	42.44997055358225	True	False	True	native_background_competition	unknown_not_negative
060126_12_left__window_3_high_mad__sources_4__seed_3101	random_encoder_conditional_pixel_residual_frozen_handcrafted_stack	random_residual	060126_12_left	060126_12_left__window_3_high_mad	high_mad	3101	4	separated	3	crescent	52	11	0.44764847877017855	0.3750926659967585	1435	4096	18	49	6	5.425864110351015	-4.978215631580837	8.194200382195529	-7.746551903425351	28.160255680657446	18.439088914585774	True	False	True	native_background_competition	unknown_not_negative
060126_12_left__window_3_high_mad__sources_4__seed_3102	raw_frozen_handcrafted_stack	raw	060126_12_left	060126_12_left__window_3_high_mad	high_mad	3102	4	overlap	0	ellipse	27	44	2.096528457614556	2.1466663563386756	216	4096	5	49	3	4.881699006725696	-2.7851705491111396	6.753647815613231	-4.657119357998675	36.124783736376884	33.734255586866	True	False	True	native_background_competition	unknown_not_negative
060126_12_left__window_3_high_mad__sources_4__seed_3102	raw_frozen_handcrafted_stack	raw	060126_12_left	060126_12_left__window_3_high_mad	high_mad	3102	4	overlap	1	crescent	22	44	0.7143648811958229	-0.6189993353756836	1040	4096	7	49	41	4.881699006725696	-4.167334125529873	6.753647815613231	-6.039282934417408	36.05551275463989	33.06055050963308	True	False	False	attenuation_or_response_failure	unknown_not_negative
060126_12_left__window_3_high_mad__sources_4__seed_3102	raw_frozen_handcrafted_stack	raw	060126_12_left	060126_12_left__window_3_high_mad	high_mad	3102	4	overlap	2	ellipse	42	15	0.5096391573115423	-0.2355989318987416	1268	4096	10	49	27	4.881699006725696	-4.372059849414153	6.753647815613231	-6.244008658301689	19.313207915827967	11.313708498984761	True	False	True	native_background_competition	unknown_not_negative
060126_12_left__window_3_high_mad__sources_4__seed_3102	raw_frozen_handcrafted_stack	raw	060126_12_left	060126_12_left__window_3_high_mad	high_mad	3102	4	overlap	3	crescent	33	57	1.3329024629289479	-0.38484044990029687	497	4096	6	49	41	4.881699006725696	-3.548796543796748	6.753647815613231	-5.420745352684284	49.8196748283246	47.80167361086848	True	False	True	native_background_competition	unknown_not_negative
060126_12_left__window_3_high_mad__sources_4__seed_3102	jepa_conditional_pixel_residual_frozen_handcrafted_stack	jepa_residual	060126_12_left	060126_12_left__window_3_high_mad	high_mad	3102	4	overlap	0	ellipse	27	44	-0.3323820174290961	0.001277931868571669	2646	4096	11	49	10	6.384020789201435	-6.716402806630532	7.443315462320106	-7.775697479749202	36.124783736376884	33.734255586866	True	False	True	native_background_competition	unknown_not_negative
060126_12_left__window_3_high_mad__sources_4__seed_3102	jepa_conditional_pixel_residual_frozen_handcrafted_stack	jepa_residual	060126_12_left	060126_12_left__window_3_high_mad	high_mad	3102	4	overlap	1	crescent	22	44	0.04966439748733726	-0.40992485773949205	1951	4096	6	49	39	6.384020789201435	-6.334356391714098	7.443315462320106	-7.393651064832769	36.05551275463989	33.06055050963308	True	False	True	native_background_competition	unknown_not_negative
060126_12_left__window_3_high_mad__sources_4__seed_3102	jepa_conditional_pixel_residual_frozen_handcrafted_stack	jepa_residual	060126_12_left	060126_12_left__window_3_high_mad	high_mad	3102	4	overlap	2	ellipse	42	15	1.9271313361159497	-0.2952339072200816	496	4096	14	49	35	6.384020789201435	-4.456889453085486	7.443315462320106	-5.516184126204156	19.313207915827967	10.0	True	False	True	native_background_competition	unknown_not_negative
060126_12_left__window_3_high_mad__sources_4__seed_3102	jepa_conditional_pixel_residual_frozen_handcrafted_stack	jepa_residual	060126_12_left	060126_12_left__window_3_high_mad	high_mad	3102	4	overlap	3	crescent	33	57	1.264062017382593	-0.22654437521339088	742	4096	3	49	44	6.384020789201435	-5.119958771818842	7.443315462320106	-6.179253444937513	49.8196748283246	47.80167361086848	True	False	True	native_background_competition	unknown_not_negative
060126_12_left__window_3_high_mad__sources_4__seed_3102	random_encoder_conditional_pixel_residual_frozen_handcrafted_stack	random_residual	060126_12_left	060126_12_left__window_3_high_mad	high_mad	3102	4	overlap	0	ellipse	27	44	1.701364866110749	1.672740749110474	455	4096	6	49	4	5.442894970763725	-3.741530104652976	8.241167291922721	-6.539802425811972	36.124783736376884	33.734255586866	True	False	True	native_background_competition	unknown_not_negative
060126_12_left__window_3_high_mad__sources_4__seed_3102	random_encoder_conditional_pixel_residual_frozen_handcrafted_stack	random_residual	060126_12_left	060126_12_left__window_3_high_mad	high_mad	3102	4	overlap	1	crescent	22	44	0.7333663899196785	-0.21270683062664297	1077	4096	6	49	21	5.442894970763725	-4.709528580844047	8.241167291922721	-7.5078009020030425	36.05551275463989	33.06055050963308	True	False	False	attenuation_or_response_failure	unknown_not_negative
060126_12_left__window_3_high_mad__sources_4__seed_3102	random_encoder_conditional_pixel_residual_frozen_handcrafted_stack	random_residual	060126_12_left	060126_12_left__window_3_high_mad	high_mad	3102	4	overlap	2	ellipse	42	15	0.5084499368402585	-0.7478102313173863	1323	4096	16	49	36	5.442894970763725	-4.934445033923467	8.241167291922721	-7.732717355082463	19.313207915827967	11.313708498984761	True	False	True	native_background_competition	unknown_not_negative
060126_12_left__window_3_high_mad__sources_4__seed_3102	random_encoder_conditional_pixel_residual_frozen_handcrafted_stack	random_residual	060126_12_left	060126_12_left__window_3_high_mad	high_mad	3102	4	overlap	3	crescent	33	57	1.3937775598701652	-0.22848580389649364	587	4096	2	49	38	5.442894970763725	-4.04911741089356	8.241167291922721	-6.847389732052556	49.8196748283246	47.80167361086848	True	False	True	native_background_competition	unknown_not_negative
060126_12_left__window_3_high_mad__sources_4__seed_3103	raw_frozen_handcrafted_stack	raw	060126_12_left	060126_12_left__window_3_high_mad	high_mad	3103	4	near_neighbor	0	ellipse	21	39	-0.629758486877682	-1.3390803022972135	3062	4096	36	49	49	4.881654967213587	-5.511413454091269	6.753666024257661	-7.383424511135343	31.144823004794873	28.0178514522438	True	False	False	attenuation_or_response_failure	unknown_not_negative
060126_12_left__window_3_high_mad__sources_4__seed_3103	raw_frozen_handcrafted_stack	raw	060126_12_left	060126_12_left__window_3_high_mad	high_mad	3103	4	near_neighbor	1	crescent	25	37	0.6720223674656746	0.9812352048170772	1084	4096	10	49	1	4.881654967213587	-4.209632599747912	6.753666024257661	-6.081643656791986	29.017236257093817	26.476404589747453	True	False	True	native_background_competition	unknown_not_negative
060126_12_left__window_3_high_mad__sources_4__seed_3103	raw_frozen_handcrafted_stack	raw	060126_12_left	060126_12_left__window_3_high_mad	high_mad	3103	4	near_neighbor	2	ellipse	14	24	-0.5216227081908108	-0.337870629966706	2884	4096	38	49	38	4.881654967213587	-5.403277675404397	6.753666024257661	-7.275288732448471	18.867962264113206	14.317821063276353	True	False	True	native_background_competition	unknown_not_negative
060126_12_left__window_3_high_mad__sources_4__seed_3103	raw_frozen_handcrafted_stack	raw	060126_12_left	060126_12_left__window_3_high_mad	high_mad	3103	4	near_neighbor	3	crescent	33	28	1.1393723638984103	1.9180260517848209	604	4096	2	49	1	4.881654967213587	-3.7422826033151764	6.753666024257661	-5.61429366035925	21.93171219946131	21.02379604162864	True	False	True	native_background_competition	unknown_not_negative
060126_12_left__window_3_high_mad__sources_4__seed_3103	jepa_conditional_pixel_residual_frozen_handcrafted_stack	jepa_residual	060126_12_left	060126_12_left__window_3_high_mad	high_mad	3103	4	near_neighbor	0	ellipse	21	39	-0.5435363022094756	-0.8642704319813965	2980	4096	41	49	49	6.363453982685501	-6.9069902848949765	7.427963422198015	-7.971499724407491	31.144823004794873	28.0178514522438	True	False	False	attenuation_or_response_failure	unknown_not_negative
060126_12_left__window_3_high_mad__sources_4__seed_3103	jepa_conditional_pixel_residual_frozen_handcrafted_stack	jepa_residual	060126_12_left	060126_12_left__window_3_high_mad	high_mad	3103	4	near_neighbor	1	crescent	25	37	0.5294798088678518	-0.17613326187982614	1280	4096	1	49	20	6.363453982685501	-5.833974173817649	7.427963422198015	-6.898483613330163	29.017236257093817	26.476404589747453	True	False	True	native_background_competition	unknown_not_negative
060126_12_left__window_3_high_mad__sources_4__seed_3103	jepa_conditional_pixel_residual_frozen_handcrafted_stack	jepa_residual	060126_12_left	060126_12_left__window_3_high_mad	high_mad	3103	4	near_neighbor	2	ellipse	14	24	-0.7361502727302293	-0.4383356003015643	3283	4096	37	49	48	6.363453982685501	-7.09960425541573	7.427963422198015	-8.164113694928245	18.867962264113206	14.317821063276353	True	False	True	native_background_competition	unknown_not_negative
060126_12_left__window_3_high_mad__sources_4__seed_3103	jepa_conditional_pixel_residual_frozen_handcrafted_stack	jepa_residual	060126_12_left	060126_12_left__window_3_high_mad	high_mad	3103	4	near_neighbor	3	crescent	33	28	0.37420678355501324	0.35870430867325503	1461	4096	8	49	3	6.363453982685501	-5.989247199130488	7.427963422198015	-7.053756638643002	21.93171219946131	21.213203435596427	True	False	True	native_background_competition	unknown_not_negative
060126_12_left__window_3_high_mad__sources_4__seed_3103	random_encoder_conditional_pixel_residual_frozen_handcrafted_stack	random_residual	060126_12_left	060126_12_left__window_3_high_mad	high_mad	3103	4	near_neighbor	0	ellipse	21	39	-0.7903876904381447	-1.3192594763310246	3355	4096	44	49	49	5.450314676735856	-6.240702367174001	8.200332005452852	-8.990719695890997	31.144823004794873	28.0178514522438	True	False	False	attenuation_or_response_failure	unknown_not_negative
060126_12_left__window_3_high_mad__sources_4__seed_3103	random_encoder_conditional_pixel_residual_frozen_handcrafted_stack	random_residual	060126_12_left	060126_12_left__window_3_high_mad	high_mad	3103	4	near_neighbor	1	crescent	25	37	0.5325836318652398	0.41696573179195845	1286	4096	4	49	4	5.450314676735856	-4.917731044870616	8.200332005452852	-7.667748373587612	29.017236257093817	26.476404589747453	True	False	True	native_background_competition	unknown_not_negative
060126_12_left__window_3_high_mad__sources_4__seed_3103	random_encoder_conditional_pixel_residual_frozen_handcrafted_stack	random_residual	060126_12_left	060126_12_left__window_3_high_mad	high_mad	3103	4	near_neighbor	2	ellipse	14	24	0.11347190500355352	-0.06083036524518347	1834	4096	27	49	26	5.450314676735856	-5.336842771732303	8.200332005452852	-8.086860100449298	18.867962264113206	12.165525060596439	True	False	True	native_background_competition	unknown_not_negative
060126_12_left__window_3_high_mad__sources_4__seed_3103	random_encoder_conditional_pixel_residual_frozen_handcrafted_stack	random_residual	060126_12_left	060126_12_left__window_3_high_mad	high_mad	3103	4	near_neighbor	3	crescent	33	28	1.1622240052080581	1.5236693546458782	711	4096	2	49	1	5.450314676735856	-4.288090671527798	8.200332005452852	-7.038108000244794	21.93171219946131	21.02379604162864	True	False	True	native_background_competition	unknown_not_negative
060126_15_right__window_1_low_mad__sources_1__seed_3101	raw_frozen_handcrafted_stack	raw	060126_15_right	060126_15_right__window_1_low_mad	low_mad	3101	1	single	0	ellipse	36	18	1.7778889257821187	1.1225364983067236	172	4096	7	49	8	3.365600147864063	-1.5877112220819443	3.818721920191764	-2.0408329944096453	46.52956049652737	20.615528128088304	True	False	True	native_background_competition	unknown_not_negative
060126_15_right__window_1_low_mad__sources_1__seed_3101	jepa_conditional_pixel_residual_frozen_handcrafted_stack	jepa_residual	060126_15_right	060126_15_right__window_1_low_mad	low_mad	3101	1	single	0	ellipse	36	18	-0.3789451328931098	0.008996391238396406	2636	4096	19	49	3	2.6483479403067727	-3.0272930731998824	3.2524688532813	-3.63141398617441	18.384776310850235	18.384776310850235	True	False	False	attenuation_or_response_failure	unknown_not_negative
060126_15_right__window_1_low_mad__sources_1__seed_3101	random_encoder_conditional_pixel_residual_frozen_handcrafted_stack	random_residual	060126_15_right	060126_15_right__window_1_low_mad	low_mad	3101	1	single	0	ellipse	36	18	1.645387849320359	0.2972888497366264	269	4096	6	49	12	2.765483600084107	-1.120095750763748	3.315314176843878	-1.669926327523519	21.93171219946131	21.93171219946131	True	False	True	native_background_competition	unknown_not_negative
060126_15_right__window_1_low_mad__sources_1__seed_3102	raw_frozen_handcrafted_stack	raw	060126_15_right	060126_15_right__window_1_low_mad	low_mad	3102	1	single	0	crescent	8	52	4.289919784312579	3.760215593941184	3	4096	3	49	2	3.3912195415408193	0.8987002427717594	3.761126517142567	0.5287932671700117	9.219544457292887	2.23606797749979	False	True	True	recovered_source_on	unknown_not_negative
060126_15_right__window_1_low_mad__sources_1__seed_3102	jepa_conditional_pixel_residual_frozen_handcrafted_stack	jepa_residual	060126_15_right	060126_15_right__window_1_low_mad	low_mad	3102	1	single	0	crescent	8	52	2.234316011216722	1.80831075016695	26	4096	5	49	1	2.752270865457707	-0.5179548542409851	3.2483912097994074	-1.0140751985826855	60.876925020897694	2.23606797749979	False	True	True	recovered_source_on	unknown_not_negative
060126_15_right__window_1_low_mad__sources_1__seed_3102	random_encoder_conditional_pixel_residual_frozen_handcrafted_stack	random_residual	060126_15_right	060126_15_right__window_1_low_mad	low_mad	3102	1	single	0	crescent	8	52	1.2882265978315788	2.0688329108243764	518	4096	5	49	1	2.768670879305307	-1.4804442814737282	3.267074047631484	-1.9788474497999053	22.47220505424423	8.06225774829855	True	False	True	native_background_competition	unknown_not_negative
060126_15_right__window_1_low_mad__sources_1__seed_3103	raw_frozen_handcrafted_stack	raw	060126_15_right	060126_15_right__window_1_low_mad	low_mad	3103	1	single	0	ellipse	41	50	4.138772795967129	3.9346878099524556	3	4096	3	49	1	3.497327398038836	0.641445397928293	3.818721920191764	0.32005087577536484	28.460498941515414	1.0	False	True	True	recovered_source_on	unknown_not_negative
060126_15_right__window_1_low_mad__sources_1__seed_3103	jepa_conditional_pixel_residual_frozen_handcrafted_stack	jepa_residual	060126_15_right	060126_15_right__window_1_low_mad	low_mad	3103	1	single	0	ellipse	41	50	3.2245899820884363	1.5546639412294472	3	4096	2	49	3	2.6372459635807552	0.587344018507681	3.280599014150131	-0.05600903206169461	40.80441152620633	1.0	False	True	True	recovered_source_on	unknown_not_negative
060126_15_right__window_1_low_mad__sources_1__seed_3103	random_encoder_conditional_pixel_residual_frozen_handcrafted_stack	random_residual	060126_15_right	060126_15_right__window_1_low_mad	low_mad	3103	1	single	0	ellipse	41	50	0.32407936773880375	1.6316945383206232	1561	4096	13	49	1	2.744276761505212	-2.4201973937664083	3.3304770409689395	-3.006397673230136	27.018512172212592	11.180339887498949	True	False	True	native_background_competition	unknown_not_negative
060126_15_right__window_1_low_mad__sources_2__seed_3101	raw_frozen_handcrafted_stack	raw	060126_15_right	060126_15_right__window_1_low_mad	low_mad	3101	2	separated	0	ellipse	13	46	2.6733710674767117	3.0442803284715727	32	4096	3	49	1	3.364287311176329	-0.6909162436996175	3.8123291424160537	-1.138958074939342	13.038404810405298	12.649110640673518	True	False	True	native_background_competition	unknown_not_negative
060126_15_right__window_1_low_mad__sources_2__seed_3101	raw_frozen_handcrafted_stack	raw	060126_15_right	060126_15_right__window_1_low_mad	low_mad	3101	2	separated	1	crescent	28	15	0.15078078652499302	1.4535495749021377	1788	4096	25	49	2	3.364287311176329	-3.2135065246513363	3.8123291424160537	-3.661548355891061	46.17358552246078	12.806248474865697	True	False	True	native_background_competition	unknown_not_negative
060126_15_right__window_1_low_mad__sources_2__seed_3101	jepa_conditional_pixel_residual_frozen_handcrafted_stack	jepa_residual	060126_15_right	060126_15_right__window_1_low_mad	low_mad	3101	2	separated	0	ellipse	13	46	0.3145454708704914	1.7721616162003613	1517	4096	18	49	1	2.629055515576387	-2.3145100447058957	3.289558928754097	-2.975013457883606	53.150729063673246	15.231546211727817	True	False	True	native_background_competition	unknown_not_negative
060126_15_right__window_1_low_mad__sources_2__seed_3101	jepa_conditional_pixel_residual_frozen_handcrafted_stack	jepa_residual	060126_15_right	060126_15_right__window_1_low_mad	low_mad	3101	2	separated	1	crescent	28	15	-0.9656477754192063	-0.21298511879121995	3393	4096	42	49	25	2.629055515576387	-3.5947032909955934	3.289558928754097	-4.255206704173304	25.317977802344327	19.1049731745428	True	False	False	attenuation_or_response_failure	unknown_not_negative
060126_15_right__window_1_low_mad__sources_2__seed_3101	random_encoder_conditional_pixel_residual_frozen_handcrafted_stack	random_residual	060126_15_right	060126_15_right__window_1_low_mad	low_mad	3101	2	separated	0	ellipse	13	46	2.0313144844149416	1.5106329828450549	110	4096	11	49	5	3.0409025422712013	-1.0095880578562597	3.3404936795023503	-1.3091791950874088	14.7648230602334	3.0	False	True	True	recovered_source_on	unknown_not_negative
060126_15_right__window_1_low_mad__sources_2__seed_3101	random_encoder_conditional_pixel_residual_frozen_handcrafted_stack	random_residual	060126_15_right	060126_15_right__window_1_low_mad	low_mad	3101	2	separated	1	crescent	28	15	-0.04676737397296004	0.38792579502381513	2123	4096	33	49	4	3.0409025422712013	-3.0876699162441614	3.3603105600668752	-3.4070779340398354	31.76476034853718	19.697715603592208	True	False	True	native_background_competition	unknown_not_negative
060126_15_right__window_1_low_mad__sources_2__seed_3102	raw_frozen_handcrafted_stack	raw	060126_15_right	060126_15_right__window_1_low_mad	low_mad	3102	2	overlap	0	crescent	48	34	2.762871968420125	2.334437860657483	27	4096	4	49	3	3.3656018568941337	-0.6027298884740087	3.818721920191764	-1.055849951771639	42.20189569201838	24.351591323771842	True	False	False	attenuation_or_response_failure	unknown_not_negative
060126_15_right__window_1_low_mad__sources_2__seed_3102	raw_frozen_handcrafted_stack	raw	060126_15_right	060126_15_right__window_1_low_mad	low_mad	3102	2	overlap	1	ellipse	47	37	2.016427280571408	2.4041141346093013	114	4096	14	49	2	3.3656018568941337	-1.3491745763227256	3.818721920191764	-1.802294639620356	39.66106403010388	22.561028345356956	True	False	True	native_background_competition	unknown_not_negative
060126_15_right__window_1_low_mad__sources_2__seed_3102	jepa_conditional_pixel_residual_frozen_handcrafted_stack	jepa_residual	060126_15_right	060126_15_right__window_1_low_mad	low_mad	3102	2	overlap	0	crescent	48	34	-1.041964101224044	-0.41659871896759315	3453	4096	42	49	39	2.632123841563334	-3.674087942787378	3.1811524184992837	-4.223116519723328	23.53720459187964	21.37755832643195	True	False	False	attenuation_or_response_failure	unknown_not_negative
060126_15_right__window_1_low_mad__sources_2__seed_3102	jepa_conditional_pixel_residual_frozen_handcrafted_stack	jepa_residual	060126_15_right	060126_15_right__window_1_low_mad	low_mad	3102	2	overlap	1	ellipse	47	37	0.289561612476385	0.8878872279748931	1558	4096	26	49	5	2.632123841563334	-2.342562229086949	3.1811524184992837	-2.8915908060228985	26.68332812825267	18.24828759089466	True	False	True	native_background_competition	unknown_not_negative
060126_15_right__window_1_low_mad__sources_2__seed_3102	random_encoder_conditional_pixel_residual_frozen_handcrafted_stack	random_residual	060126_15_right	060126_15_right__window_1_low_mad	low_mad	3102	2	overlap	0	crescent	48	34	1.1323438202642564	0.927958116968471	647	4096	17	49	12	2.7684449602323444	-1.636101139968088	3.264078874435683	-2.1317350541714264	28.0178514522438	28.0178514522438	True	False	False	attenuation_or_response_failure	unknown_not_negative
060126_15_right__window_1_low_mad__sources_2__seed_3102	random_encoder_conditional_pixel_residual_frozen_handcrafted_stack	random_residual	060126_15_right	060126_15_right__window_1_low_mad	low_mad	3102	2	overlap	1	ellipse	47	37	1.5366581058215338	1.2784269863967923	337	4096	11	49	4	2.7684449602323444	-1.2317868544108106	3.264078874435683	-1.7274207686141492	27.294688127912362	27.294688127912362	True	False	True	native_background_competition	unknown_not_negative
060126_15_right__window_1_low_mad__sources_2__seed_3103	raw_frozen_handcrafted_stack	raw	060126_15_right	060126_15_right__window_1_low_mad	low_mad	3103	2	near_neighbor	0	crescent	35	27	3.263274617795052	2.346257116295579	6	4096	1	49	1	3.365596930866283	-0.10232231307123119	3.818721920191764	-0.5554473023967121	38.27531841800928	18.027756377319946	True	False	True	native_background_competition	unknown_not_negative
060126_15_right__window_1_low_mad__sources_2__seed_3103	raw_frozen_handcrafted_stack	raw	060126_15_right	060126_15_right__window_1_low_mad	low_mad	3103	2	near_neighbor	1	ellipse	32	20	1.3980513304694937	2.5219249798254744	382	4096	10	49	1	3.365596930866283	-1.9675456003967895	3.818721920191764	-2.4206705897222704	42.95346318982906	19.209372712298546	True	False	True	native_background_competition	unknown_not_negative
060126_15_right__window_1_low_mad__sources_2__seed_3103	jepa_conditional_pixel_residual_frozen_handcrafted_stack	jepa_residual	060126_15_right	060126_15_right__window_1_low_mad	low_mad	3103	2	near_neighbor	0	crescent	35	27	1.298976144191255	1.101671181790798	338	4096	4	49	2	2.6922780884091697	-1.3933019442179146	3.302120842319239	-2.003144698127984	24.08318915758459	24.08318915758459	True	False	True	native_background_competition	unknown_not_negative
060126_15_right__window_1_low_mad__sources_2__seed_3103	jepa_conditional_pixel_residual_frozen_handcrafted_stack	jepa_residual	060126_15_right	060126_15_right__window_1_low_mad	low_mad	3103	2	near_neighbor	1	ellipse	32	20	1.4849744501921955	1.5687172418951285	235	4096	4	49	3	2.6922780884091697	-1.2073036382169742	3.302120842319239	-1.8171463921270437	22.847319317591726	22.847319317591726	True	False	True	native_background_competition	unknown_not_negative
060126_15_right__window_1_low_mad__sources_2__seed_3103	random_encoder_conditional_pixel_residual_frozen_handcrafted_stack	random_residual	060126_15_right	060126_15_right__window_1_low_mad	low_mad	3103	2	near_neighbor	0	crescent	35	27	1.237893778120639	1.467266160103864	558	4096	2	49	1	2.7660204489642775	-1.5281266708436385	3.3873338471385877	-2.149440069017949	16.15549442140351	16.15549442140351	True	False	True	native_background_competition	unknown_not_negative
060126_15_right__window_1_low_mad__sources_2__seed_3103	random_encoder_conditional_pixel_residual_frozen_handcrafted_stack	random_residual	060126_15_right	060126_15_right__window_1_low_mad	low_mad	3103	2	near_neighbor	1	ellipse	32	20	1.5664302504056027	1.3648943466141048	314	4096	8	49	5	2.7660204489642775	-1.1995901985586748	3.3873338471385877	-1.820903596732985	17.69180601295413	17.69180601295413	True	False	True	native_background_competition	unknown_not_negative
060126_15_right__window_1_low_mad__sources_4__seed_3101	raw_frozen_handcrafted_stack	raw	060126_15_right	060126_15_right__window_1_low_mad	low_mad	3101	4	separated	0	ellipse	34	12	1.9305067029177891	1.2245289173176648	136	4096	2	49	2	3.479473487739099	-1.5489667848213098	4.181710724339822	-2.2512040214220326	23.08679276123039	23.08679276123039	True	False	True	native_background_competition	unknown_not_negative
060126_15_right__window_1_low_mad__sources_4__seed_3101	raw_frozen_handcrafted_stack	raw	060126_15_right	060126_15_right__window_1_low_mad	low_mad	3101	4	separated	1	crescent	25	35	3.325425149052665	3.3563842119579324	8	4096	3	49	1	3.479473487739099	-0.15404833868643397	3.818721920191764	-0.4932967711390992	26.40075756488817	1.4142135623730951	False	True	True	recovered_source_on	unknown_not_negative
060126_15_right__window_1_low_mad__sources_4__seed_3101	raw_frozen_handcrafted_stack	raw	060126_15_right	060126_15_right__window_1_low_mad	low_mad	3101	4	separated	2	ellipse	49	17	2.271858440334231	2.4495549261653005	70	4096	2	49	1	3.479473487739099	-1.2076150474048681	4.181710724339822	-1.909852284005591	27.80287754891569	27.80287754891569	True	False	True	native_background_competition	unknown_not_negative
060126_15_right__window_1_low_mad__sources_4__seed_3101	raw_frozen_handcrafted_stack	raw	060126_15_right	060126_15_right__window_1_low_mad	low_mad	3101	4	separated	3	crescent	41	47	1.303492402632904	1.085147893731545	458	4096	6	49	3	3.479473487739099	-2.175981085106195	4.181710724339822	-2.8782183217069175	19.1049731745428	19.1049731745428	True	False	True	native_background_competition	unknown_not_negative
060126_15_right__window_1_low_mad__sources_4__seed_3101	jepa_conditional_pixel_residual_frozen_handcrafted_stack	jepa_residual	060126_15_right	060126_15_right__window_1_low_mad	low_mad	3101	4	separated	0	ellipse	34	12	1.5461032761540332	1.107956435507828	212	4096	9	49	1	2.6679458486041137	-1.1218425724500805	3.130775415886337	-1.5846721397323036	19.026297590440446	19.026297590440446	True	False	True	native_background_competition	unknown_not_negative
060126_15_right__window_1_low_mad__sources_4__seed_3101	jepa_conditional_pixel_residual_frozen_handcrafted_stack	jepa_residual	060126_15_right	060126_15_right__window_1_low_mad	low_mad	3101	4	separated	1	crescent	25	35	0.7951027789303539	1.129531597936233	850	4096	17	49	4	2.6679458486041137	-1.8728430696737597	3.130775415886337	-2.335672636955983	36.87817782917155	17.11724276862369	True	False	True	native_background_competition	unknown_not_negative
060126_15_right__window_1_low_mad__sources_4__seed_3101	jepa_conditional_pixel_residual_frozen_handcrafted_stack	jepa_residual	060126_15_right	060126_15_right__window_1_low_mad	low_mad	3101	4	separated	2	ellipse	49	17	0.9732284416182848	1.7229279596086582	621	4096	17	49	1	2.6679458486041137	-1.6947174069858288	3.130775415886337	-2.157546974268052	7.211102550927978	7.211102550927978	True	False	True	native_background_competition	unknown_not_negative
060126_15_right__window_1_low_mad__sources_4__seed_3101	jepa_conditional_pixel_residual_frozen_handcrafted_stack	jepa_residual	060126_15_right	060126_15_right__window_1_low_mad	low_mad	3101	4	separated	3	crescent	41	47	0.5039367092630954	0.37350966745597897	1262	4096	24	49	9	2.6679458486041137	-2.1640091393410184	3.130775415886337	-2.6268387066232415	37.94733192202055	8.54400374531753	True	False	True	native_background_competition	unknown_not_negative
060126_15_right__window_1_low_mad__sources_4__seed_3101	random_encoder_conditional_pixel_residual_frozen_handcrafted_stack	random_residual	060126_15_right	060126_15_right__window_1_low_mad	low_mad	3101	4	separated	0	ellipse	34	12	0.47192269434720713	0.6087240349785435	1339	4096	10	49	5	3.1065023985129083	-2.6345797041657013	3.2523118569750125	-2.7803891626278054	23.021728866442675	13.416407864998739	True	False	True	native_background_competition	unknown_not_negative
060126_15_right__window_1_low_mad__sources_4__seed_3101	random_encoder_conditional_pixel_residual_frozen_handcrafted_stack	random_residual	060126_15_right	060126_15_right__window_1_low_mad	low_mad	3101	4	separated	1	crescent	25	35	1.8921070213274382	1.8929792252746827	152	4096	3	49	2	3.1065023985129083	-1.21439537718547	3.2523118569750125	-1.3602048356475742	5.656854249492381	5.656854249492381	True	False	True	native_background_competition	unknown_not_negative
060126_15_right__window_1_low_mad__sources_4__seed_3101	random_encoder_conditional_pixel_residual_frozen_handcrafted_stack	random_residual	060126_15_right	060126_15_right__window_1_low_mad	low_mad	3101	4	separated	2	ellipse	49	17	1.6588599461845221	1.6186570339788484	271	4096	13	49	1	3.1065023985129083	-1.4476424523283862	3.2523118569750125	-1.5934519107904903	31.304951684997057	3.1622776601683795	True	False	True	native_background_competition	unknown_not_negative
060126_15_right__window_1_low_mad__sources_4__seed_3101	random_encoder_conditional_pixel_residual_frozen_handcrafted_stack	random_residual	060126_15_right	060126_15_right__window_1_low_mad	low_mad	3101	4	separated	3	crescent	41	47	0.5217919763122895	-0.22098052345118724	1264	4096	20	49	41	3.1065023985129083	-2.5847104222006188	3.2523118569750125	-2.730519880662723	25.612496949731394	25.612496949731394	True	False	True	native_background_competition	unknown_not_negative
060126_15_right__window_1_low_mad__sources_4__seed_3102	raw_frozen_handcrafted_stack	raw	060126_15_right	060126_15_right__window_1_low_mad	low_mad	3102	4	overlap	0	crescent	17	20	-0.34829077187005614	0.23111897789398322	2601	4096	32	49	18	3.3657439074523516	-3.714034679322408	3.818721920191764	-4.16701269206182	39.11521443121589	15.297058540778355	True	False	False	attenuation_or_response_failure	unknown_not_negative
060126_15_right__window_1_low_mad__sources_4__seed_3102	raw_frozen_handcrafted_stack	raw	060126_15_right	060126_15_right__window_1_low_mad	low_mad	3102	4	overlap	1	ellipse	20	24	-0.3554783928480775	0.597186042377118	2615	4096	29	49	16	3.3657439074523516	-3.721222300300429	3.818721920191764	-4.174200313039842	35.510561809129406	18.681541692269406	True	False	True	native_background_competition	unknown_not_negative
060126_15_right__window_1_low_mad__sources_4__seed_3102	raw_frozen_handcrafted_stack	raw	060126_15_right	060126_15_right__window_1_low_mad	low_mad	3102	4	overlap	2	crescent	50	30	0.8098609873128202	0.6639522894215497	877	4096	17	49	7	3.3657439074523516	-2.5558829201395312	3.818721920191764	-3.008860932878944	46.22769732530488	27.730849247724095	True	False	True	native_background_competition	unknown_not_negative
060126_15_right__window_1_low_mad__sources_4__seed_3102	raw_frozen_handcrafted_stack	raw	060126_15_right	060126_15_right__window_1_low_mad	low_mad	3102	4	overlap	3	ellipse	39	17	1.5423447711945593	1.4011578066050214	300	4096	11	49	1	3.3657439074523516	-1.8233991362577924	3.818721920191764	-2.276377148997205	48.877397639399746	22.47220505424423	True	False	True	native_background_competition	unknown_not_negative
060126_15_right__window_1_low_mad__sources_4__seed_3102	jepa_conditional_pixel_residual_frozen_handcrafted_stack	jepa_residual	060126_15_right	060126_15_right__window_1_low_mad	low_mad	3102	4	overlap	0	crescent	17	20	0.7153919983629611	0.5739524979911859	953	4096	8	49	5	2.673027894753853	-1.957635896390892	3.2241415195576	-2.508749521194639	37.107950630558946	31.622776601683793	True	False	True	native_background_competition	unknown_not_negative
060126_15_right__window_1_low_mad__sources_4__seed_3102	jepa_conditional_pixel_residual_frozen_handcrafted_stack	jepa_residual	060126_15_right	060126_15_right__window_1_low_mad	low_mad	3102	4	overlap	1	ellipse	20	24	1.1898269406685658	0.435172829215027	417	4096	4	49	10	2.673027894753853	-1.4832009540852873	3.2241415195576	-2.034314578889034	35.4682957019364	28.861739379323623	True	False	True	native_background_competition	unknown_not_negative
060126_15_right__window_1_low_mad__sources_4__seed_3102	jepa_conditional_pixel_residual_frozen_handcrafted_stack	jepa_residual	060126_15_right	060126_15_right__window_1_low_mad	low_mad	3102	4	overlap	2	crescent	50	30	0.4588802239965542	-0.3186200147356279	1294	4096	12	49	36	2.673027894753853	-2.2141476707572987	3.2241415195576	-2.7652612955610456	19.235384061671343	19.235384061671343	True	False	False	attenuation_or_response_failure	unknown_not_negative
060126_15_right__window_1_low_mad__sources_4__seed_3102	jepa_conditional_pixel_residual_frozen_handcrafted_stack	jepa_residual	060126_15_right	060126_15_right__window_1_low_mad	low_mad	3102	4	overlap	3	ellipse	39	17	1.601864144935226	1.1586797628709082	173	4096	8	49	3	2.673027894753853	-1.071163749818627	3.2241415195576	-1.622277374622374	15.231546211727817	15.231546211727817	True	False	True	native_background_competition	unknown_not_negative
060126_15_right__window_1_low_mad__sources_4__seed_3102	random_encoder_conditional_pixel_residual_frozen_handcrafted_stack	random_residual	060126_15_right	060126_15_right__window_1_low_mad	low_mad	3102	4	overlap	0	crescent	17	20	1.513467215775994	0.0711095955392691	344	4096	8	49	10	2.857967739889547	-1.3445005241135528	3.311206207967993	-1.7977389921919988	13.341664064126334	13.341664064126334	True	False	True	native_background_competition	unknown_not_negative
060126_15_right__window_1_low_mad__sources_4__seed_3102	random_encoder_conditional_pixel_residual_frozen_handcrafted_stack	random_residual	060126_15_right	060126_15_right__window_1_low_mad	low_mad	3102	4	overlap	1	ellipse	20	24	1.1927335223192204	-0.14000351070806172	597	4096	23	49	42	2.857967739889547	-1.6652342175703265	3.311206207967993	-2.1184726856487726	9.0	9.0	True	False	True	native_background_competition	unknown_not_negative
060126_15_right__window_1_low_mad__sources_4__seed_3102	random_encoder_conditional_pixel_residual_frozen_handcrafted_stack	random_residual	060126_15_right	060126_15_right__window_1_low_mad	low_mad	3102	4	overlap	2	crescent	50	30	1.5450688348030879	0.8059028494188503	326	4096	3	49	3	2.857967739889547	-1.312898905086459	3.311206207967993	-1.766137373164905	30.14962686336267	30.14962686336267	True	False	True	native_background_competition	unknown_not_negative
060126_15_right__window_1_low_mad__sources_4__seed_3102	random_encoder_conditional_pixel_residual_frozen_handcrafted_stack	random_residual	060126_15_right	060126_15_right__window_1_low_mad	low_mad	3102	4	overlap	3	ellipse	39	17	2.5704997292152485	0.96876687518203	17	4096	1	49	1	2.857967739889547	-0.2874680106742984	3.311206207967993	-0.7407064787527444	24.839484696748443	24.839484696748443	True	False	True	native_background_competition	unknown_not_negative
060126_15_right__window_1_low_mad__sources_4__seed_3103	raw_frozen_handcrafted_stack	raw	060126_15_right	060126_15_right__window_1_low_mad	low_mad	3103	4	near_neighbor	0	ellipse	39	39	1.9718303989885604	1.7653017039370515	139	4096	9	49	6	3.479473487739099	-1.5076430887505385	5.3477252099476145	-3.3758948109590543	20.615528128088304	1.4142135623730951	False	True	True	recovered_source_on	unknown_not_negative
060126_15_right__window_1_low_mad__sources_4__seed_3103	raw_frozen_handcrafted_stack	raw	060126_15_right	060126_15_right__window_1_low_mad	low_mad	3103	4	near_neighbor	1	crescent	32	37	1.689151807932377	1.4847690578888066	244	4096	10	49	2	3.479473487739099	-1.7903216798067219	5.3477252099476145	-3.6585734020152376	13.416407864998739	6.082762530298219	True	False	True	native_background_competition	unknown_not_negative
060126_15_right__window_1_low_mad__sources_4__seed_3103	raw_frozen_handcrafted_stack	raw	060126_15_right	060126_15_right__window_1_low_mad	low_mad	3103	4	near_neighbor	2	ellipse	45	26	-0.14447790708349367	1.8976656653402035	2281	4096	39	49	4	3.479473487739099	-3.6239513948225928	5.3477252099476145	-5.492203117031108	25.495097567963924	13.892443989449804	True	False	True	native_background_competition	unknown_not_negative
060126_15_right__window_1_low_mad__sources_4__seed_3103	raw_frozen_handcrafted_stack	raw	060126_15_right	060126_15_right__window_1_low_mad	low_mad	3103	4	near_neighbor	3	crescent	19	30	4.014008890581431	4.025410137816702	5	4096	5	49	2	3.479473487739099	0.5345354028423324	3.919672724951285	0.09433616563014624	3.1622776601683795	1.4142135623730951	False	True	True	recovered_source_on	unknown_not_negative
060126_15_right__window_1_low_mad__sources_4__seed_3103	jepa_conditional_pixel_residual_frozen_handcrafted_stack	jepa_residual	060126_15_right	060126_15_right__window_1_low_mad	low_mad	3103	4	near_neighbor	0	ellipse	39	39	1.384800611804974	1.8155754504454655	300	4096	8	49	1	2.7010610218196343	-1.3162604100146602	3.3066695059494506	-1.9218688941444766	31.304951684997057	16.76305461424021	True	False	True	native_background_competition	unknown_not_negative
060126_15_right__window_1_low_mad__sources_4__seed_3103	jepa_conditional_pixel_residual_frozen_handcrafted_stack	jepa_residual	060126_15_right	060126_15_right__window_1_low_mad	low_mad	3103	4	near_neighbor	1	crescent	32	37	0.5834575415052135	1.0363415498983264	1168	4096	21	49	3	2.7010610218196343	-2.117603480314421	3.3066695059494506	-2.7232119644442374	33.421549934136806	15.811388300841896	True	False	False	attenuation_or_response_failure	unknown_not_negative
060126_15_right__window_1_low_mad__sources_4__seed_3103	jepa_conditional_pixel_residual_frozen_handcrafted_stack	jepa_residual	060126_15_right	060126_15_right__window_1_low_mad	low_mad	3103	4	near_neighbor	2	ellipse	45	26	0.9237083903106816	1.1747264259994148	706	4096	15	49	5	2.7010610218196343	-1.7773526315089527	3.3066695059494506	-2.382961115638769	17.0	17.0	True	False	True	native_background_competition	unknown_not_negative
060126_15_right__window_1_low_mad__sources_4__seed_3103	jepa_conditional_pixel_residual_frozen_handcrafted_stack	jepa_residual	060126_15_right	060126_15_right__window_1_low_mad	low_mad	3103	4	near_neighbor	3	crescent	19	30	1.4786868610527808	1.2706021500249203	253	4096	7	49	1	2.7010610218196343	-1.2223741607668535	3.3066695059494506	-1.8279826448966698	38.948684188300895	23.323807579381203	True	False	True	native_background_competition	unknown_not_negative
060126_15_right__window_1_low_mad__sources_4__seed_3103	random_encoder_conditional_pixel_residual_frozen_handcrafted_stack	random_residual	060126_15_right	060126_15_right__window_1_low_mad	low_mad	3103	4	near_neighbor	0	ellipse	39	39	1.3831656642010184	1.2227156576324716	446	4096	9	49	4	2.732411856198752	-1.3492461919977334	4.4085433278101895	-3.025377663609171	20.615528128088304	20.615528128088304	True	False	True	native_background_competition	unknown_not_negative
060126_15_right__window_1_low_mad__sources_4__seed_3103	random_encoder_conditional_pixel_residual_frozen_handcrafted_stack	random_residual	060126_15_right	060126_15_right__window_1_low_mad	low_mad	3103	4	near_neighbor	1	crescent	32	37	1.6739589468378397	1.330891766363569	255	4096	6	49	2	2.732411856198752	-1.058452909360912	4.4085433278101895	-2.7345843809723496	13.416407864998739	13.416407864998739	True	False	True	native_background_competition	unknown_not_negative
060126_15_right__window_1_low_mad__sources_4__seed_3103	random_encoder_conditional_pixel_residual_frozen_handcrafted_stack	random_residual	060126_15_right	060126_15_right__window_1_low_mad	low_mad	3103	4	near_neighbor	2	ellipse	45	26	0.9608093660909591	1.7408442936501607	810	4096	22	49	2	2.732411856198752	-1.7716024901077927	4.4085433278101895	-3.4477339617192304	25.495097567963924	25.495097567963924	True	False	True	native_background_competition	unknown_not_negative
060126_15_right__window_1_low_mad__sources_4__seed_3103	random_encoder_conditional_pixel_residual_frozen_handcrafted_stack	random_residual	060126_15_right	060126_15_right__window_1_low_mad	low_mad	3103	4	near_neighbor	3	crescent	19	30	3.067794920845311	1.9593518752447896	10	4096	8	49	1	2.732411856198752	0.335383064646559	3.5878645550395643	-0.5200696341942534	3.1622776601683795	1.4142135623730951	False	True	True	recovered_source_on	unknown_not_negative
060126_15_right__window_2_median_mad__sources_1__seed_3101	raw_frozen_handcrafted_stack	raw	060126_15_right	060126_15_right__window_2_median_mad	median_mad	3101	1	single	0	crescent	49	54	0.21953059800112895	-0.21787204737344568	1708	4096	16	49	38	4.561975546364327	-4.342444948363197	7.970795355302466	-7.751264757301337	57.982756057296896	45.89117562233506	True	False	True	native_background_competition	unknown_not_negative
060126_15_right__window_2_median_mad__sources_1__seed_3101	jepa_conditional_pixel_residual_frozen_handcrafted_stack	jepa_residual	060126_15_right	060126_15_right__window_2_median_mad	median_mad	3101	1	single	0	crescent	49	54	0.2175591821744625	-0.48236241522766476	1684	4096	12	49	47	4.571829807051672	-4.354270624877209	5.578286036874378	-5.360726854699915	30.364452901377952	28.442925306655784	True	False	True	native_background_competition	unknown_not_negative
060126_15_right__window_2_median_mad__sources_1__seed_3101	random_encoder_conditional_pixel_residual_frozen_handcrafted_stack	random_residual	060126_15_right	060126_15_right__window_2_median_mad	median_mad	3101	1	single	0	crescent	49	54	0.311058861037612	0.21184401952597848	1591	4096	12	49	12	3.971738986881417	-3.660680125843805	6.123963876821853	-5.812905015784241	57.982756057296896	28.284271247461902	True	False	True	native_background_competition	unknown_not_negative
060126_15_right__window_2_median_mad__sources_1__seed_3102	raw_frozen_handcrafted_stack	raw	060126_15_right	060126_15_right__window_2_median_mad	median_mad	3102	1	single	0	ellipse	41	29	-1.817549941328897	-2.022017175350389	4029	4096	42	49	49	4.561975546364327	-6.379525487693224	7.970795355302466	-9.788345296631363	41.43669871020132	35.6931365951495	True	False	False	attenuation_or_response_failure	unknown_not_negative
060126_15_right__window_2_median_mad__sources_1__seed_3102	jepa_conditional_pixel_residual_frozen_handcrafted_stack	jepa_residual	060126_15_right	060126_15_right__window_2_median_mad	median_mad	3102	1	single	0	ellipse	41	29	1.542346056585065	1.1044215548365284	502	4096	8	49	5	4.55679822792769	-3.014452171342625	5.565792410296719	-4.0234463537116545	39.96248240537617	36.05551275463989	True	False	True	native_background_competition	unknown_not_negative
060126_15_right__window_2_median_mad__sources_1__seed_3102	random_encoder_conditional_pixel_residual_frozen_handcrafted_stack	random_residual	060126_15_right	060126_15_right__window_2_median_mad	median_mad	3102	1	single	0	ellipse	41	29	-0.21966119761368635	0.7481543857266835	2429	4096	23	49	8	3.965910659681033	-4.185571857294719	6.122771664074328	-6.342432861688015	41.43669871020132	25.80697580112788	True	False	True	native_background_competition	unknown_not_negative
060126_15_right__window_2_median_mad__sources_1__seed_3103	raw_frozen_handcrafted_stack	raw	060126_15_right	060126_15_right__window_2_median_mad	median_mad	3103	1	single	0	crescent	55	45	-0.6292564620601492	-0.340912625817878	3073	4096	26	49	16	4.561975546364327	-5.191232008424476	7.970795355302466	-8.600051817362615	59.23681287847955	51.0	True	False	False	attenuation_or_response_failure	unknown_not_negative
060126_15_right__window_2_median_mad__sources_1__seed_3103	jepa_conditional_pixel_residual_frozen_handcrafted_stack	jepa_residual	060126_15_right	060126_15_right__window_2_median_mad	median_mad	3103	1	single	0	crescent	55	45	-1.2545187785508793	-0.6006345440887191	3805	4096	45	49	31	4.55847037512707	-5.8129891536779486	5.601566459783239	-6.856085238334119	39.35733730830886	36.76955262170047	True	False	False	attenuation_or_response_failure	unknown_not_negative
060126_15_right__window_2_median_mad__sources_1__seed_3103	random_encoder_conditional_pixel_residual_frozen_handcrafted_stack	random_residual	060126_15_right	060126_15_right__window_2_median_mad	median_mad	3103	1	single	0	crescent	55	45	0.6588796401711885	0.6024955594515692	1144	4096	7	49	6	4.008510259526274	-3.349630619355085	6.124984731237423	-5.466105091066234	59.23681287847955	34.36568055487916	True	False	True	native_background_competition	unknown_not_negative
060126_15_right__window_2_median_mad__sources_2__seed_3101	raw_frozen_handcrafted_stack	raw	060126_15_right	060126_15_right__window_2_median_mad	median_mad	3101	2	separated	0	ellipse	43	27	-1.7392105048651167	-1.0909946673850293	4013	4096	42	49	40	4.561975546364327	-6.301186051229443	7.970795355302466	-9.710005860167584	43.18564576337837	37.33630940518894	True	False	False	attenuation_or_response_failure	unknown_not_negative
060126_15_right__window_2_median_mad__sources_2__seed_3101	raw_frozen_handcrafted_stack	raw	060126_15_right	060126_15_right__window_2_median_mad	median_mad	3101	2	separated	1	crescent	52	10	0.4551493257981634	2.0607430520231333	1380	4096	11	49	2	4.561975546364327	-4.106826220566163	7.970795355302466	-7.515646029504303	53.600373133029585	47.53945729601885	True	False	True	native_background_competition	unknown_not_negative
060126_15_right__window_2_median_mad__sources_2__seed_3101	jepa_conditional_pixel_residual_frozen_handcrafted_stack	jepa_residual	060126_15_right	060126_15_right__window_2_median_mad	median_mad	3101	2	separated	0	ellipse	43	27	1.0686136426350863	0.9358979952740942	806	4096	29	49	8	4.557941066190922	-3.489327423555835	5.585685333759443	-4.5170716911243565	42.720018726587654	38.8329756778952	True	False	True	native_background_competition	unknown_not_negative
060126_15_right__window_2_median_mad__sources_2__seed_3101	jepa_conditional_pixel_residual_frozen_handcrafted_stack	jepa_residual	060126_15_right	060126_15_right__window_2_median_mad	median_mad	3101	2	separated	1	crescent	52	10	1.276058669778659	1.8385374367637086	645	4096	11	49	4	4.557941066190922	-3.2818823964122625	5.585685333759443	-4.309626663980784	61.91122676865643	57.982756057296896	True	False	True	native_background_competition	unknown_not_negative
060126_15_right__window_2_median_mad__sources_2__seed_3101	random_encoder_conditional_pixel_residual_frozen_handcrafted_stack	random_residual	060126_15_right	060126_15_right__window_2_median_mad	median_mad	3101	2	separated	0	ellipse	43	27	0.014447753167174466	0.9334715474169631	2048	4096	15	49	11	3.9941421593966266	-3.979694406229452	6.116271742725346	-6.101823989558172	43.18564576337837	28.600699292150182	True	False	True	native_background_competition	unknown_not_negative
060126_15_right__window_2_median_mad__sources_2__seed_3101	random_encoder_conditional_pixel_residual_frozen_handcrafted_stack	random_residual	060126_15_right	060126_15_right__window_2_median_mad	median_mad	3101	2	separated	1	crescent	52	10	0.47378310353378744	2.069560004448616	1388	4096	21	49	3	3.9941421593966266	-3.5203590558628393	6.116271742725346	-5.6424886391915585	53.600373133029585	46.69047011971501	True	False	True	native_background_competition	unknown_not_negative
060126_15_right__window_2_median_mad__sources_2__seed_3102	raw_frozen_handcrafted_stack	raw	060126_15_right	060126_15_right__window_2_median_mad	median_mad	3102	2	overlap	0	crescent	36	41	-1.0664704726390701	0.20484749791959778	3621	4096	31	49	1	4.561975546364327	-5.6284460190033965	7.970795355302466	-9.037265827941537	40.24922359499622	32.2490309931942	True	False	True	native_background_competition	unknown_not_negative
060126_15_right__window_2_median_mad__sources_2__seed_3102	raw_frozen_handcrafted_stack	raw	060126_15_right	060126_15_right__window_2_median_mad	median_mad	3102	2	overlap	1	ellipse	37	44	-0.8785527726626401	-0.9269824888764499	3394	4096	22	49	33	4.561975546364327	-5.440528319026967	7.970795355302466	-8.849348127965106	42.5440947723653	33.015148038438355	True	False	True	native_background_competition	unknown_not_negative
060126_15_right__window_2_median_mad__sources_2__seed_3102	jepa_conditional_pixel_residual_frozen_handcrafted_stack	jepa_residual	060126_15_right	060126_15_right__window_2_median_mad	median_mad	3102	2	overlap	0	crescent	36	41	0.26890324108244534	1.618053807546132	1609	4096	5	49	1	4.557167420120431	-4.288264179037985	5.497702266123768	-5.228799025041322	27.202941017470888	23.430749027719962	True	False	True	native_background_competition	unknown_not_negative
060126_15_right__window_2_median_mad__sources_2__seed_3102	jepa_conditional_pixel_residual_frozen_handcrafted_stack	jepa_residual	060126_15_right	060126_15_right__window_2_median_mad	median_mad	3102	2	overlap	1	ellipse	37	44	-0.41484441444322256	0.16522065328380126	2761	4096	18	49	17	4.557167420120431	-4.972011834563653	5.497702266123768	-5.91254668056699	25.495097567963924	21.93171219946131	True	False	True	native_background_competition	unknown_not_negative
060126_15_right__window_2_median_mad__sources_2__seed_3102	random_encoder_conditional_pixel_residual_frozen_handcrafted_stack	random_residual	060126_15_right	060126_15_right__window_2_median_mad	median_mad	3102	2	overlap	0	crescent	36	41	0.0976889059482615	0.8376300221337819	1870	4096	8	49	2	4.006517489341157	-3.908828583392895	6.123281892204502	-6.025592986256241	40.24922359499622	17.4928556845359	True	False	True	native_background_competition	unknown_not_negative
060126_15_right__window_2_median_mad__sources_2__seed_3102	random_encoder_conditional_pixel_residual_frozen_handcrafted_stack	random_residual	060126_15_right	060126_15_right__window_2_median_mad	median_mad	3102	2	overlap	1	ellipse	37	44	-0.1699495670267902	-0.061981533747310094	2322	4096	19	49	18	4.006517489341157	-4.1764670563679465	6.123281892204502	-6.293231459231292	42.5440947723653	17.08800749063506	True	False	True	native_background_competition	unknown_not_negative
060126_15_right__window_2_median_mad__sources_2__seed_3103	raw_frozen_handcrafted_stack	raw	060126_15_right	060126_15_right__window_2_median_mad	median_mad	3103	2	near_neighbor	0	crescent	39	19	-1.7409850639819389	-2.3221549143134887	4002	4096	37	49	49	4.561975546364327	-6.302960610346266	7.970795355302466	-9.711780419284405	39.20459156782532	33.13608305156178	True	False	False	attenuation_or_response_failure	unknown_not_negative
060126_15_right__window_2_median_mad__sources_2__seed_3103	raw_frozen_handcrafted_stack	raw	060126_15_right	060126_15_right__window_2_median_mad	median_mad	3103	2	near_neighbor	1	ellipse	37	24	0.07239675268606156	1.3217462626150998	1927	4096	24	49	2	4.561975546364327	-4.489578793678265	7.970795355302466	-7.898398602616405	37.013511046643494	31.064449134018133	True	False	True	native_background_competition	unknown_not_negative
060126_15_right__window_2_median_mad__sources_2__seed_3103	jepa_conditional_pixel_residual_frozen_handcrafted_stack	jepa_residual	060126_15_right	060126_15_right__window_2_median_mad	median_mad	3103	2	near_neighbor	0	crescent	39	19	0.029771237150719086	0.17914186518334455	2004	4096	37	49	18	4.565171228284733	-4.535399991134014	5.571722294854769	-5.5419510577040505	47.92702786528704	43.86342439892262	True	False	False	attenuation_or_response_failure	unknown_not_negative
060126_15_right__window_2_median_mad__sources_2__seed_3103	jepa_conditional_pixel_residual_frozen_handcrafted_stack	jepa_residual	060126_15_right	060126_15_right__window_2_median_mad	median_mad	3103	2	near_neighbor	1	ellipse	37	24	1.2079760392905532	2.686184177495151	687	4096	22	49	1	4.565171228284733	-3.3571951889941793	5.571722294854769	-4.363746255564216	42.5440947723653	38.48376280978771	True	False	True	native_background_competition	unknown_not_negative
060126_15_right__window_2_median_mad__sources_2__seed_3103	random_encoder_conditional_pixel_residual_frozen_handcrafted_stack	random_residual	060126_15_right	060126_15_right__window_2_median_mad	median_mad	3103	2	near_neighbor	0	crescent	39	19	-0.7180279332940673	-0.017557445087918677	3246	4096	31	49	43	3.8801879929171212	-4.598215926211188	6.111941533623193	-6.82996946691726	39.20459156782532	31.400636936215164	True	False	True	native_background_competition	unknown_not_negative
060126_15_right__window_2_median_mad__sources_2__seed_3103	random_encoder_conditional_pixel_residual_frozen_handcrafted_stack	random_residual	060126_15_right	060126_15_right__window_2_median_mad	median_mad	3103	2	near_neighbor	1	ellipse	37	24	-1.5317830168219286	0.6949281237693428	3984	4096	47	49	9	3.8801879929171212	-5.41197100973905	6.111941533623193	-7.643724550445121	37.013511046643494	26.248809496813376	True	False	True	native_background_competition	unknown_not_negative
060126_15_right__window_2_median_mad__sources_4__seed_3101	raw_frozen_handcrafted_stack	raw	060126_15_right	060126_15_right__window_2_median_mad	median_mad	3101	4	separated	0	crescent	32	16	-0.7299734186417601	-0.7037157601498717	3177	4096	20	49	44	4.56197701081922	-5.2919504294609805	7.9708074893572975	-8.700780907999057	32.7566787083184	26.68332812825267	True	False	False	attenuation_or_response_failure	unknown_not_negative
060126_15_right__window_2_median_mad__sources_4__seed_3101	raw_frozen_handcrafted_stack	raw	060126_15_right	060126_15_right__window_2_median_mad	median_mad	3101	4	separated	1	ellipse	48	48	0.27380287515456914	-0.5360314879670699	1606	4096	4	49	44	4.56197701081922	-4.288174135664651	7.9708074893572975	-7.697004614202728	54.120236510939236	44.10215414239989	True	False	True	native_background_competition	unknown_not_negative
060126_15_right__window_2_median_mad__sources_4__seed_3101	raw_frozen_handcrafted_stack	raw	060126_15_right	060126_15_right__window_2_median_mad	median_mad	3101	4	separated	2	crescent	20	28	-0.223193379192918	0.44947538870112314	2412	4096	10	49	1	4.56197701081922	-4.785170390012138	7.9708074893572975	-8.194000868550216	20.615528128088304	15.231546211727817	True	False	True	native_background_competition	unknown_not_negative
060126_15_right__window_2_median_mad__sources_4__seed_3101	raw_frozen_handcrafted_stack	raw	060126_15_right	060126_15_right__window_2_median_mad	median_mad	3101	4	separated	3	ellipse	55	33	-1.238388865382423	-2.103629218373239	3746	4096	25	49	49	4.56197701081922	-5.800365876201643	7.9708074893572975	-9.20919635473972	55.90169943749474	50.21951811795888	True	False	False	attenuation_or_response_failure	unknown_not_negative
060126_15_right__window_2_median_mad__sources_4__seed_3101	jepa_conditional_pixel_residual_frozen_handcrafted_stack	jepa_residual	060126_15_right	060126_15_right__window_2_median_mad	median_mad	3101	4	separated	0	crescent	32	16	1.5664065969193919	0.6664448154925127	489	4096	20	49	7	4.557999392604475	-2.991592795685083	5.53414897421984	-3.967742377300448	48.507731342539614	44.384682042344295	True	False	True	native_background_competition	unknown_not_negative
060126_15_right__window_2_median_mad__sources_4__seed_3101	jepa_conditional_pixel_residual_frozen_handcrafted_stack	jepa_residual	060126_15_right	060126_15_right__window_2_median_mad	median_mad	3101	4	separated	1	ellipse	48	48	-0.08538302025067118	-0.7995742187251103	2182	4096	8	49	48	4.557999392604475	-4.643382412855146	5.53414897421984	-5.6195319944705115	31.76476034853718	29.154759474226502	True	False	False	attenuation_or_response_failure	unknown_not_negative
060126_15_right__window_2_median_mad__sources_4__seed_3101	jepa_conditional_pixel_residual_frozen_handcrafted_stack	jepa_residual	060126_15_right	060126_15_right__window_2_median_mad	median_mad	3101	4	separated	2	crescent	20	28	0.6829241819878442	1.5390854498973283	1087	4096	1	49	1	4.557999392604475	-3.8750752106166306	5.53414897421984	-4.851224792231996	35.0	30.265491900843113	True	False	True	native_background_competition	unknown_not_negative
060126_15_right__window_2_median_mad__sources_4__seed_3101	jepa_conditional_pixel_residual_frozen_handcrafted_stack	jepa_residual	060126_15_right	060126_15_right__window_2_median_mad	median_mad	3101	4	separated	3	ellipse	55	33	-1.3945052383743857	-1.7690890283791807	3896	4096	37	49	47	4.557999392604475	-5.9525046309788605	5.53414897421984	-6.928654212594226	46.09772228646444	42.80186911806539	True	False	False	attenuation_or_response_failure	unknown_not_negative
060126_15_right__window_2_median_mad__sources_4__seed_3101	random_encoder_conditional_pixel_residual_frozen_handcrafted_stack	random_residual	060126_15_right	060126_15_right__window_2_median_mad	median_mad	3101	4	separated	0	crescent	32	16	-0.4017478298990027	0.33825739424839607	2774	4096	24	49	9	4.034519938943514	-4.436267768842516	6.112783618009685	-6.514531447908688	32.7566787083184	30.463092423455635	True	False	True	native_background_competition	unknown_not_negative
060126_15_right__window_2_median_mad__sources_4__seed_3101	random_encoder_conditional_pixel_residual_frozen_handcrafted_stack	random_residual	060126_15_right	060126_15_right__window_2_median_mad	median_mad	3101	4	separated	1	ellipse	48	48	0.6448551025343223	0.38120283671304583	1180	4096	6	49	12	4.034519938943514	-3.3896648364091915	6.112783618009685	-5.4679285154753625	54.120236510939236	28.284271247461902	True	False	True	native_background_competition	unknown_not_negative
060126_15_right__window_2_median_mad__sources_4__seed_3101	random_encoder_conditional_pixel_residual_frozen_handcrafted_stack	random_residual	060126_15_right	060126_15_right__window_2_median_mad	median_mad	3101	4	separated	2	crescent	20	28	1.808041679187941	1.6356707905826198	406	4096	1	49	1	4.034519938943514	-2.226478259755573	6.112783618009685	-4.304741938821744	20.615528128088304	16.0	True	False	True	native_background_competition	unknown_not_negative
060126_15_right__window_2_median_mad__sources_4__seed_3101	random_encoder_conditional_pixel_residual_frozen_handcrafted_stack	random_residual	060126_15_right	060126_15_right__window_2_median_mad	median_mad	3101	4	separated	3	ellipse	55	33	0.29098671661767345	0.24691996811751768	1623	4096	11	49	13	4.034519938943514	-3.74353322232584	6.112783618009685	-5.821796901392011	55.90169943749474	36.68787265568828	True	False	True	native_background_competition	unknown_not_negative
060126_15_right__window_2_median_mad__sources_4__seed_3102	raw_frozen_handcrafted_stack	raw	060126_15_right	060126_15_right__window_2_median_mad	median_mad	3102	4	overlap	0	crescent	39	21	-1.9815132452903093	-0.3313354864442697	4052	4096	46	49	12	4.561975546364327	-6.543488791654636	7.970795355302466	-9.952308600592776	39.05124837953327	33.015148038438355	True	False	False	attenuation_or_response_failure	unknown_not_negative
060126_15_right__window_2_median_mad__sources_4__seed_3102	raw_frozen_handcrafted_stack	raw	060126_15_right	060126_15_right__window_2_median_mad	median_mad	3102	4	overlap	1	ellipse	43	21	-1.9572998403461006	-2.025753426825941	4047	4096	39	49	49	4.561975546364327	-6.519275386710428	7.970795355302466	-9.928095195648567	43.04648650006177	37.013511046643494	True	False	False	attenuation_or_response_failure	unknown_not_negative
060126_15_right__window_2_median_mad__sources_4__seed_3102	raw_frozen_handcrafted_stack	raw	060126_15_right	060126_15_right__window_2_median_mad	median_mad	3102	4	overlap	2	crescent	54	54	-1.283814460935989	0.0882794771913431	3784	4096	37	49	1	4.561975546364327	-5.845790007300316	7.970795355302466	-9.254609816238455	62.26556030423239	50.80354318352215	True	False	False	attenuation_or_response_failure	unknown_not_negative
060126_15_right__window_2_median_mad__sources_4__seed_3102	raw_frozen_handcrafted_stack	raw	060126_15_right	060126_15_right__window_2_median_mad	median_mad	3102	4	overlap	3	ellipse	24	40	-0.8816506727997512	-1.4031909284843007	3378	4096	32	49	47	4.561975546364327	-5.443626219164078	7.970795355302466	-8.852446028102218	29.410882339705484	20.615528128088304	True	False	True	native_background_competition	unknown_not_negative
060126_15_right__window_2_median_mad__sources_4__seed_3102	jepa_conditional_pixel_residual_frozen_handcrafted_stack	jepa_residual	060126_15_right	060126_15_right__window_2_median_mad	median_mad	3102	4	overlap	0	crescent	39	21	-1.1646970902678722	-0.5657248228305977	3737	4096	46	49	34	4.590290079474148	-5.754987169742019	5.51905835568723	-6.683755445955102	46.09772228646444	42.04759208325728	True	False	False	attenuation_or_response_failure	unknown_not_negative
060126_15_right__window_2_median_mad__sources_4__seed_3102	jepa_conditional_pixel_residual_frozen_handcrafted_stack	jepa_residual	060126_15_right	060126_15_right__window_2_median_mad	median_mad	3102	4	overlap	1	ellipse	43	21	-0.3154604147285076	-0.5365671812282669	2564	4096	44	49	37	4.590290079474148	-4.905750494202655	5.51905835568723	-5.8345187704157375	47.885279575251516	43.9089968002003	True	False	False	attenuation_or_response_failure	unknown_not_negative
060126_15_right__window_2_median_mad__sources_4__seed_3102	jepa_conditional_pixel_residual_frozen_handcrafted_stack	jepa_residual	060126_15_right	060126_15_right__window_2_median_mad	median_mad	3102	4	overlap	2	crescent	54	54	-1.4744287750236358	-0.7350242425665058	3935	4096	46	49	36	4.590290079474148	-6.064718854497784	5.51905835568723	-6.993487130710866	35.17101079013795	33.37663853655727	True	False	False	attenuation_or_response_failure	unknown_not_negative
060126_15_right__window_2_median_mad__sources_4__seed_3102	jepa_conditional_pixel_residual_frozen_handcrafted_stack	jepa_residual	060126_15_right	060126_15_right__window_2_median_mad	median_mad	3102	4	overlap	3	ellipse	24	40	-0.41109944614387867	0.0803785864088028	2746	4096	25	49	9	4.590290079474148	-5.001389525618026	5.51905835568723	-5.9301578018311085	23.345235059857504	19.235384061671343	True	False	True	native_background_competition	unknown_not_negative
060126_15_right__window_2_median_mad__sources_4__seed_3102	random_encoder_conditional_pixel_residual_frozen_handcrafted_stack	random_residual	060126_15_right	060126_15_right__window_2_median_mad	median_mad	3102	4	overlap	0	crescent	39	21	-0.3327337217216043	1.247380644611698	2603	4096	14	49	1	3.9140843371328646	-4.246818058854469	6.1290060429903646	-6.461739764711969	39.05124837953327	29.832867780352597	True	False	True	native_background_competition	unknown_not_negative
060126_15_right__window_2_median_mad__sources_4__seed_3102	random_encoder_conditional_pixel_residual_frozen_handcrafted_stack	random_residual	060126_15_right	060126_15_right__window_2_median_mad	median_mad	3102	4	overlap	1	ellipse	43	21	-0.5624621706331827	0.05089608532247014	3004	4096	30	49	24	3.9140843371328646	-4.476546507766047	6.1290060429903646	-6.691468213623548	43.04648650006177	32.526911934581186	True	False	True	native_background_competition	unknown_not_negative
060126_15_right__window_2_median_mad__sources_4__seed_3102	random_encoder_conditional_pixel_residual_frozen_handcrafted_stack	random_residual	060126_15_right	060126_15_right__window_2_median_mad	median_mad	3102	4	overlap	2	crescent	54	54	-0.1881410143547259	1.2019185107739132	2345	4096	15	49	1	3.9140843371328646	-4.102225351487591	6.1290060429903646	-6.317147057345091	62.26556030423239	33.24154027718932	True	False	True	native_background_competition	unknown_not_negative
060126_15_right__window_2_median_mad__sources_4__seed_3102	random_encoder_conditional_pixel_residual_frozen_handcrafted_stack	random_residual	060126_15_right	060126_15_right__window_2_median_mad	median_mad	3102	4	overlap	3	ellipse	24	40	0.2985942481270694	0.4531196182086884	1589	4096	21	49	8	3.9140843371328646	-3.615490089005795	6.1290060429903646	-5.830411794863295	29.410882339705484	5.656854249492381	True	False	True	native_background_competition	unknown_not_negative
060126_15_right__window_2_median_mad__sources_4__seed_3103	raw_frozen_handcrafted_stack	raw	060126_15_right	060126_15_right__window_2_median_mad	median_mad	3103	4	near_neighbor	0	crescent	27	31	-0.28398265809949474	0.7123080103460455	2538	4096	28	49	2	4.561968014882018	-4.8459506729815125	7.970795355302466	-8.25477801340196	28.160255680657446	22.847319317591726	True	False	True	native_background_competition	unknown_not_negative
060126_15_right__window_2_median_mad__sources_4__seed_3103	raw_frozen_handcrafted_stack	raw	060126_15_right	060126_15_right__window_2_median_mad	median_mad	3103	4	near_neighbor	1	ellipse	34	29	1.4716207285156184	1.5367831238921075	537	4096	7	49	3	4.561968014882018	-3.0903472863663994	7.970795355302466	-6.499174626786848	34.52535300326414	28.861739379323623	True	False	True	native_background_competition	unknown_not_negative
060126_15_right__window_2_median_mad__sources_4__seed_3103	raw_frozen_handcrafted_stack	raw	060126_15_right	060126_15_right__window_2_median_mad	median_mad	3103	4	near_neighbor	2	crescent	21	15	1.5607907798383174	1.4449600033723862	487	4096	10	49	6	4.561968014882018	-3.0011772350437003	7.970795355302466	-6.410004575464149	22.47220505424423	16.55294535724685	True	False	True	native_background_competition	unknown_not_negative
060126_15_right__window_2_median_mad__sources_4__seed_3103	raw_frozen_handcrafted_stack	raw	060126_15_right	060126_15_right__window_2_median_mad	median_mad	3103	4	near_neighbor	3	ellipse	48	19	-1.7954810969937927	-1.2047158750697302	4022	4096	41	49	46	4.561968014882018	-6.357449111875811	7.970795355302466	-9.766276452296259	48.16637831516918	42.1070065428546	True	False	False	attenuation_or_response_failure	unknown_not_negative
060126_15_right__window_2_median_mad__sources_4__seed_3103	jepa_conditional_pixel_residual_frozen_handcrafted_stack	jepa_residual	060126_15_right	060126_15_right__window_2_median_mad	median_mad	3103	4	near_neighbor	0	crescent	27	31	0.9434411402670766	1.5220469442965043	891	4096	2	49	1	4.639269684940907	-3.6958285446738306	5.566011949705132	-4.622570809438056	32.7566787083184	24.839484696748443	True	False	True	native_background_competition	unknown_not_negative
060126_15_right__window_2_median_mad__sources_4__seed_3103	jepa_conditional_pixel_residual_frozen_handcrafted_stack	jepa_residual	060126_15_right	060126_15_right__window_2_median_mad	median_mad	3103	4	near_neighbor	1	ellipse	34	29	2.2936479632263955	1.9848104148396868	221	4096	3	49	1	4.639269684940907	-2.3456217217145117	5.566011949705132	-3.2723639864787364	36.76955262170047	19.235384061671343	True	False	True	native_background_competition	unknown_not_negative
060126_15_right__window_2_median_mad__sources_4__seed_3103	jepa_conditional_pixel_residual_frozen_handcrafted_stack	jepa_residual	060126_15_right	060126_15_right__window_2_median_mad	median_mad	3103	4	near_neighbor	2	crescent	21	15	0.9360897887500833	0.9153214316882361	895	4096	15	49	5	4.639269684940907	-3.7031798961908238	5.566011949705132	-4.629922160955049	48.010415536631214	22.20360331117452	True	False	True	native_background_competition	unknown_not_negative
060126_15_right__window_2_median_mad__sources_4__seed_3103	jepa_conditional_pixel_residual_frozen_handcrafted_stack	jepa_residual	060126_15_right	060126_15_right__window_2_median_mad	median_mad	3103	4	near_neighbor	3	ellipse	48	19	-1.131327625646082	-1.0956087126252774	3714	4096	37	49	46	4.639269684940907	-5.770597310586989	5.566011949705132	-6.697339575351214	52.15361924162119	8.602325267042627	True	False	False	attenuation_or_response_failure	unknown_not_negative
060126_15_right__window_2_median_mad__sources_4__seed_3103	random_encoder_conditional_pixel_residual_frozen_handcrafted_stack	random_residual	060126_15_right	060126_15_right__window_2_median_mad	median_mad	3103	4	near_neighbor	0	crescent	27	31	-0.26631180453527475	1.3058841390127627	2521	4096	19	49	1	3.9086261895258163	-4.174937994061091	6.122361902990228	-6.388673707525503	28.160255680657446	14.7648230602334	True	False	True	native_background_competition	unknown_not_negative
060126_15_right__window_2_median_mad__sources_4__seed_3103	random_encoder_conditional_pixel_residual_frozen_handcrafted_stack	random_residual	060126_15_right	060126_15_right__window_2_median_mad	median_mad	3103	4	near_neighbor	1	ellipse	34	29	0.1333801874731974	0.7778298275133566	1841	4096	19	49	3	3.9086261895258163	-3.775246002052619	6.122361902990228	-5.98898171551703	34.52535300326414	20.518284528683193	True	False	True	native_background_competition	unknown_not_negative
060126_15_right__window_2_median_mad__sources_4__seed_3103	random_encoder_conditional_pixel_residual_frozen_handcrafted_stack	random_residual	060126_15_right	060126_15_right__window_2_median_mad	median_mad	3103	4	near_neighbor	2	crescent	21	15	2.1373890668780304	1.4898838865729314	280	4096	4	49	2	3.9086261895258163	-1.7712371226477859	6.122361902990228	-3.9849728361121977	22.47220505424423	29.017236257093817	True	False	True	native_background_competition	unknown_not_negative
060126_15_right__window_2_median_mad__sources_4__seed_3103	random_encoder_conditional_pixel_residual_frozen_handcrafted_stack	random_residual	060126_15_right	060126_15_right__window_2_median_mad	median_mad	3103	4	near_neighbor	3	ellipse	48	19	0.669098867411556	1.3578055964573592	1162	4096	19	49	1	3.9086261895258163	-3.2395273221142604	6.122361902990228	-5.453263035578672	48.16637831516918	37.53664875824692	True	False	True	native_background_competition	unknown_not_negative
060126_15_right__window_3_high_mad__sources_1__seed_3101	raw_frozen_handcrafted_stack	raw	060126_15_right	060126_15_right__window_3_high_mad	high_mad	3101	1	single	0	crescent	43	22	0.23383261865199595	0.20096312406278388	1662	4096	25	49	1	3.6763326317786644	-3.4425000131266685	19.28656670829572	-19.052734089643725	20.518284528683193	16.401219466856727	True	False	True	native_background_competition	unknown_not_negative
060126_15_right__window_3_high_mad__sources_1__seed_3101	jepa_conditional_pixel_residual_frozen_handcrafted_stack	jepa_residual	060126_15_right	060126_15_right__window_3_high_mad	high_mad	3101	1	single	0	crescent	43	22	-0.9304937221440793	-0.2669709605727021	3445	4096	31	49	30	3.7916608521481874	-4.722154574292267	18.677197875438562	-19.60769159758264	20.518284528683193	7.615773105863909	True	False	True	native_background_competition	unknown_not_negative
060126_15_right__window_3_high_mad__sources_1__seed_3101	random_encoder_conditional_pixel_residual_frozen_handcrafted_stack	random_residual	060126_15_right	060126_15_right__window_3_high_mad	high_mad	3101	1	single	0	crescent	43	22	-0.09635146451561094	-0.24623450268896369	2200	4096	27	49	32	3.878028978593929	-3.97438044310954	19.670467237934872	-19.766818702450482	19.1049731745428	7.0710678118654755	True	False	True	native_background_competition	unknown_not_negative
060126_15_right__window_3_high_mad__sources_1__seed_3102	raw_frozen_handcrafted_stack	raw	060126_15_right	060126_15_right__window_3_high_mad	high_mad	3102	1	single	0	crescent	41	42	1.7333540126595524	1.1190744413895453	473	4096	1	49	1	3.6643879786882767	-1.9310339660287243	19.28656670829572	-17.553212695636166	37.0	10.63014581273465	True	False	True	native_background_competition	unknown_not_negative
060126_15_right__window_3_high_mad__sources_1__seed_3102	jepa_conditional_pixel_residual_frozen_handcrafted_stack	jepa_residual	060126_15_right	060126_15_right__window_3_high_mad	high_mad	3102	1	single	0	crescent	41	42	1.1261024022354718	0.5457935148726266	696	4096	13	49	1	3.780090393270058	-2.653987991034586	18.667077091491215	-17.540974689255744	37.0	11.661903789690601	True	False	True	native_background_competition	unknown_not_negative
060126_15_right__window_3_high_mad__sources_1__seed_3102	random_encoder_conditional_pixel_residual_frozen_handcrafted_stack	random_residual	060126_15_right	060126_15_right__window_3_high_mad	high_mad	3102	1	single	0	crescent	41	42	1.4160795648673907	0.764284181471855	587	4096	4	49	1	3.8621707439382056	-2.446091179070815	19.644865863836095	-18.228786298968704	35.11409973215888	19.6468827043885	True	False	True	native_background_competition	unknown_not_negative
060126_15_right__window_3_high_mad__sources_1__seed_3103	raw_frozen_handcrafted_stack	raw	060126_15_right	060126_15_right__window_3_high_mad	high_mad	3103	1	single	0	crescent	18	40	0.19648900991593202	0.6010181536905208	1723	4096	14	49	4	3.675569916457754	-3.479080906541822	19.28656670829572	-19.090077698379787	34.785054261852174	15.811388300841896	True	False	True	native_background_competition	unknown_not_negative
060126_15_right__window_3_high_mad__sources_1__seed_3103	jepa_conditional_pixel_residual_frozen_handcrafted_stack	jepa_residual	060126_15_right	060126_15_right__window_3_high_mad	high_mad	3103	1	single	0	crescent	18	40	-0.45595277196271705	0.0671462948675417	2839	4096	19	49	14	3.744664656514814	-4.200617428477531	18.656256460307677	-19.112209232270395	34.785054261852174	13.601470508735444	True	False	True	native_background_competition	unknown_not_negative
060126_15_right__window_3_high_mad__sources_1__seed_3103	random_encoder_conditional_pixel_residual_frozen_handcrafted_stack	random_residual	060126_15_right	060126_15_right__window_3_high_mad	high_mad	3103	1	single	0	crescent	18	40	0.024764881152873862	0.4520773352380073	1998	4096	6	49	7	3.860904380682421	-3.836139499529547	19.633810729203805	-19.609045848050933	32.89376840679705	24.758836806279895	True	False	True	native_background_competition	unknown_not_negative
060126_15_right__window_3_high_mad__sources_2__seed_3101	raw_frozen_handcrafted_stack	raw	060126_15_right	060126_15_right__window_3_high_mad	high_mad	3101	2	separated	0	ellipse	48	14	0.5401236870052029	0.5178376107555172	1257	4096	9	49	2	3.680988701361015	-3.1408650143558123	19.286559274423194	-18.74643558741799	20.248456731316587	20.248456731316587	True	False	True	native_background_competition	unknown_not_negative
060126_15_right__window_3_high_mad__sources_2__seed_3101	raw_frozen_handcrafted_stack	raw	060126_15_right	060126_15_right__window_3_high_mad	high_mad	3101	2	separated	1	crescent	41	35	0.06558130331746258	-0.4657002057332438	1914	4096	43	49	46	3.680988701361015	-3.6154073980435526	19.286559274423194	-19.220977971105732	30.463092423455635	8.0	True	False	False	attenuation_or_response_failure	unknown_not_negative
060126_15_right__window_3_high_mad__sources_2__seed_3101	jepa_conditional_pixel_residual_frozen_handcrafted_stack	jepa_residual	060126_15_right	060126_15_right__window_3_high_mad	high_mad	3101	2	separated	0	ellipse	48	14	-0.6119896782046226	-0.47419708169378716	3045	4096	35	49	36	3.7737330968708402	-4.385722775075463	18.68029972018979	-19.292289398394413	20.248456731316587	16.278820596099706	True	False	False	attenuation_or_response_failure	unknown_not_negative
060126_15_right__window_3_high_mad__sources_2__seed_3101	jepa_conditional_pixel_residual_frozen_handcrafted_stack	jepa_residual	060126_15_right	060126_15_right__window_3_high_mad	high_mad	3101	2	separated	1	crescent	41	35	-0.2902324808078761	-1.0917112495844554	2535	4096	43	49	47	3.7737330968708402	-4.063965577678716	18.68029972018979	-18.970532200997667	30.463092423455635	10.04987562112089	True	False	False	attenuation_or_response_failure	unknown_not_negative
060126_15_right__window_3_high_mad__sources_2__seed_3101	random_encoder_conditional_pixel_residual_frozen_handcrafted_stack	random_residual	060126_15_right	060126_15_right__window_3_high_mad	high_mad	3101	2	separated	0	ellipse	48	14	0.35762691505987027	0.21403073484063476	1512	4096	16	49	2	3.8885269472854915	-3.530900032225621	19.639413961229817	-19.281787046169946	19.6468827043885	15.0	True	False	True	native_background_competition	unknown_not_negative
060126_15_right__window_3_high_mad__sources_2__seed_3101	random_encoder_conditional_pixel_residual_frozen_handcrafted_stack	random_residual	060126_15_right	060126_15_right__window_3_high_mad	high_mad	3101	2	separated	1	crescent	41	35	-0.12099748935684022	-0.6903951871409392	2252	4096	43	49	48	3.8885269472854915	-4.009524436642332	19.639413961229817	-19.760411450586655	28.635642126552707	13.0	True	False	False	attenuation_or_response_failure	unknown_not_negative
060126_15_right__window_3_high_mad__sources_2__seed_3102	raw_frozen_handcrafted_stack	raw	060126_15_right	060126_15_right__window_3_high_mad	high_mad	3102	2	overlap	0	crescent	45	25	-0.4364302973818349	-0.5359764339330854	2766	4096	40	49	30	3.6767288571841665	-4.113159154566001	19.28656670829572	-19.722997005677556	24.08318915758459	15.620499351813308	True	False	False	attenuation_or_response_failure	unknown_not_negative
060126_15_right__window_3_high_mad__sources_2__seed_3102	raw_frozen_handcrafted_stack	raw	060126_15_right	060126_15_right__window_3_high_mad	high_mad	3102	2	overlap	1	ellipse	49	27	-0.35593480352038925	-0.334776783099028	2637	4096	29	49	26	3.6767288571841665	-4.032663660704555	19.28656670829572	-19.642501511816107	28.284271247461902	17.88854381999832	True	False	False	attenuation_or_response_failure	unknown_not_negative
060126_15_right__window_3_high_mad__sources_2__seed_3102	jepa_conditional_pixel_residual_frozen_handcrafted_stack	jepa_residual	060126_15_right	060126_15_right__window_3_high_mad	high_mad	3102	2	overlap	0	crescent	45	25	-0.8173790731178746	-1.0801590283124083	3314	4096	42	49	48	3.8657423306200736	-4.683121403737948	18.67049561643761	-19.487874689555483	24.08318915758459	9.0	True	False	False	attenuation_or_response_failure	unknown_not_negative
060126_15_right__window_3_high_mad__sources_2__seed_3102	jepa_conditional_pixel_residual_frozen_handcrafted_stack	jepa_residual	060126_15_right	060126_15_right__window_3_high_mad	high_mad	3102	2	overlap	1	ellipse	49	27	0.388423447312556	-0.3342135675065468	1444	4096	18	49	26	3.8657423306200736	-3.4773188833075177	18.67049561643761	-18.282072169125055	28.284271247461902	13.152946437965905	True	False	False	attenuation_or_response_failure	unknown_not_negative
060126_15_right__window_3_high_mad__sources_2__seed_3102	random_encoder_conditional_pixel_residual_frozen_handcrafted_stack	random_residual	060126_15_right	060126_15_right__window_3_high_mad	high_mad	3102	2	overlap	0	crescent	45	25	-0.5856956820801232	-0.451711011470732	3075	4096	43	49	39	3.854855049771292	-4.440550731851415	19.66183306964543	-20.24752875172555	22.627416997969522	9.219544457292887	True	False	False	attenuation_or_response_failure	unknown_not_negative
060126_15_right__window_3_high_mad__sources_2__seed_3102	random_encoder_conditional_pixel_residual_frozen_handcrafted_stack	random_residual	060126_15_right	060126_15_right__window_3_high_mad	high_mad	3102	2	overlap	1	ellipse	49	27	0.04122523886416074	-0.2001399909833391	1968	4096	23	49	27	3.854855049771292	-3.8136298109071314	19.66183306964543	-19.620607830781267	26.90724809414742	13.601470508735444	True	False	False	attenuation_or_response_failure	unknown_not_negative
060126_15_right__window_3_high_mad__sources_2__seed_3103	raw_frozen_handcrafted_stack	raw	060126_15_right	060126_15_right__window_3_high_mad	high_mad	3103	2	near_neighbor	0	crescent	45	39	0.16756650604901882	-0.580951814756401	1756	4096	30	49	44	3.6780753173449843	-3.5105088112959653	19.28656670829572	-19.1190002022467	35.77708763999664	12.649110640673518	True	False	False	attenuation_or_response_failure	unknown_not_negative
060126_15_right__window_3_high_mad__sources_2__seed_3103	raw_frozen_handcrafted_stack	raw	060126_15_right	060126_15_right__window_3_high_mad	high_mad	3103	2	near_neighbor	1	ellipse	51	43	1.1228579592914891	1.2357192925380287	746	4096	6	49	1	3.6780753173449843	-2.555217358053495	19.28656670829572	-18.16370874900423	42.190046219457976	19.697715603592208	True	False	True	native_background_competition	unknown_not_negative
060126_15_right__window_3_high_mad__sources_2__seed_3103	jepa_conditional_pixel_residual_frozen_handcrafted_stack	jepa_residual	060126_15_right	060126_15_right__window_3_high_mad	high_mad	3103	2	near_neighbor	0	crescent	45	39	-0.05519279708342784	-0.7195959858512598	2147	4096	48	49	49	3.7838353037396364	-3.8390281008230644	18.65562158426248	-18.71081438134591	35.77708763999664	14.317821063276353	True	False	False	attenuation_or_response_failure	unknown_not_negative
060126_15_right__window_3_high_mad__sources_2__seed_3103	jepa_conditional_pixel_residual_frozen_handcrafted_stack	jepa_residual	060126_15_right	060126_15_right__window_3_high_mad	high_mad	3103	2	near_neighbor	1	ellipse	51	43	0.6298573446935316	0.6848697704551611	1136	4096	23	49	5	3.7838353037396364	-3.153977959046105	18.65562158426248	-18.02576423956895	42.190046219457976	21.18962010041709	True	False	True	native_background_competition	unknown_not_negative
060126_15_right__window_3_high_mad__sources_2__seed_3103	random_encoder_conditional_pixel_residual_frozen_handcrafted_stack	random_residual	060126_15_right	060126_15_right__window_3_high_mad	high_mad	3103	2	near_neighbor	0	crescent	45	39	0.4643377493325499	-0.29438854009676474	1381	4096	23	49	40	3.855055898924859	-3.3907181495923093	19.627253068214657	-19.162915318882106	34.0	18.35755975068582	True	False	False	attenuation_or_response_failure	unknown_not_negative
060126_15_right__window_3_high_mad__sources_2__seed_3103	random_encoder_conditional_pixel_residual_frozen_handcrafted_stack	random_residual	060126_15_right	060126_15_right__window_3_high_mad	high_mad	3103	2	near_neighbor	1	ellipse	51	43	0.8574704609101871	1.036368260311572	999	4096	15	49	1	3.855055898924859	-2.997585438014672	19.627253068214657	-18.76978260730447	40.496913462633174	25.0	True	False	True	native_background_competition	unknown_not_negative
060126_15_right__window_3_high_mad__sources_4__seed_3101	raw_frozen_handcrafted_stack	raw	060126_15_right	060126_15_right__window_3_high_mad	high_mad	3101	4	separated	0	crescent	36	40	2.45476763770302	1.2610720935896154	326	4096	10	49	1	3.616497657925793	-1.1617300202227727	19.28431721847011	-16.82954958076709	33.734255586866	5.830951894845301	True	False	True	native_background_competition	unknown_not_negative
060126_15_right__window_3_high_mad__sources_4__seed_3101	raw_frozen_handcrafted_stack	raw	060126_15_right	060126_15_right__window_3_high_mad	high_mad	3101	4	separated	1	ellipse	16	23	0.2838653555773237	0.7636799865507806	1605	4096	22	49	3	3.616497657925793	-3.332632302348469	19.28431721847011	-19.00045186289279	20.615528128088304	7.615773105863909	True	False	True	native_background_competition	unknown_not_negative
060126_15_right__window_3_high_mad__sources_4__seed_3101	raw_frozen_handcrafted_stack	raw	060126_15_right	060126_15_right__window_3_high_mad	high_mad	3101	4	separated	2	crescent	32	21	1.892799751304764	-0.03952254177613934	457	4096	36	49	29	3.616497657925793	-1.7236979066210287	19.28431721847011	-17.391517467165347	14.317821063276353	13.92838827718412	True	False	True	native_background_competition	unknown_not_negative
060126_15_right__window_3_high_mad__sources_4__seed_3101	raw_frozen_handcrafted_stack	raw	060126_15_right	060126_15_right__window_3_high_mad	high_mad	3101	4	separated	3	ellipse	43	23	1.6024770201525722	0.9149729483459694	545	4096	17	49	2	3.616497657925793	-2.0140206377732204	19.28431721847011	-17.681840198317538	21.2602916254693	15.620499351813308	True	False	True	native_background_competition	unknown_not_negative
060126_15_right__window_3_high_mad__sources_4__seed_3101	jepa_conditional_pixel_residual_frozen_handcrafted_stack	jepa_residual	060126_15_right	060126_15_right__window_3_high_mad	high_mad	3101	4	separated	0	crescent	36	40	2.818824819618807	1.0430758713869017	216	4096	7	49	1	3.7556388505567657	-0.9368140309379589	18.72157733430954	-15.902752514690732	33.734255586866	6.4031242374328485	True	False	True	native_background_competition	unknown_not_negative
060126_15_right__window_3_high_mad__sources_4__seed_3101	jepa_conditional_pixel_residual_frozen_handcrafted_stack	jepa_residual	060126_15_right	060126_15_right__window_3_high_mad	high_mad	3101	4	separated	1	ellipse	16	23	-0.46347992936046767	0.19268628753778838	2850	4096	25	49	13	3.7556388505567657	-4.219118779917233	18.72157733430954	-19.185057263670007	20.615528128088304	8.602325267042627	True	False	True	native_background_competition	unknown_not_negative
060126_15_right__window_3_high_mad__sources_4__seed_3101	jepa_conditional_pixel_residual_frozen_handcrafted_stack	jepa_residual	060126_15_right	060126_15_right__window_3_high_mad	high_mad	3101	4	separated	2	crescent	32	21	1.1294456578793186	-0.23484482491116299	692	4096	41	49	32	3.7556388505567657	-2.626193192677447	18.72157733430954	-17.59213167643022	14.317821063276353	5.656854249492381	True	False	False	attenuation_or_response_failure	unknown_not_negative
060126_15_right__window_3_high_mad__sources_4__seed_3101	jepa_conditional_pixel_residual_frozen_handcrafted_stack	jepa_residual	060126_15_right	060126_15_right__window_3_high_mad	high_mad	3101	4	separated	3	ellipse	43	23	0.9221298757377966	0.48378386848525345	852	4096	23	49	7	3.7556388505567657	-2.8335089748189692	18.72157733430954	-17.799447458571745	21.2602916254693	7.280109889280518	True	False	True	native_background_competition	unknown_not_negative
060126_15_right__window_3_high_mad__sources_4__seed_3101	random_encoder_conditional_pixel_residual_frozen_handcrafted_stack	random_residual	060126_15_right	060126_15_right__window_3_high_mad	high_mad	3101	4	separated	0	crescent	36	40	2.4308780601282702	1.0543092067529483	302	4096	7	49	1	3.8271781118962083	-1.396300051767938	19.635278206181297	-17.204400146053025	31.78049716414141	15.0	True	False	True	native_background_competition	unknown_not_negative
060126_15_right__window_3_high_mad__sources_4__seed_3101	random_encoder_conditional_pixel_residual_frozen_handcrafted_stack	random_residual	060126_15_right	060126_15_right__window_3_high_mad	high_mad	3101	4	separated	1	ellipse	16	23	-0.65528554117521	0.18246445537931488	3181	4096	37	49	16	3.8271781118962083	-4.482463653071418	19.635278206181297	-20.290563747356508	19.1049731745428	8.54400374531753	True	False	True	native_background_competition	unknown_not_negative
060126_15_right__window_3_high_mad__sources_4__seed_3101	random_encoder_conditional_pixel_residual_frozen_handcrafted_stack	random_residual	060126_15_right	060126_15_right__window_3_high_mad	high_mad	3101	4	separated	2	crescent	32	21	1.3622050465829312	-0.23797344601882076	632	4096	43	49	34	3.8271781118962083	-2.464973065313277	19.635278206181297	-18.273073159598365	12.36931687685298	5.656854249492381	True	False	False	attenuation_or_response_failure	unknown_not_negative
060126_15_right__window_3_high_mad__sources_4__seed_3101	random_encoder_conditional_pixel_residual_frozen_handcrafted_stack	random_residual	060126_15_right	060126_15_right__window_3_high_mad	high_mad	3101	4	separated	3	ellipse	43	23	1.3688321510587598	0.4289862028839162	628	4096	18	49	9	3.8271781118962083	-2.4583459608374483	19.635278206181297	-18.266446055122536	19.79898987322333	7.280109889280518	True	False	True	native_background_competition	unknown_not_negative
060126_15_right__window_3_high_mad__sources_4__seed_3102	raw_frozen_handcrafted_stack	raw	060126_15_right	060126_15_right__window_3_high_mad	high_mad	3102	4	overlap	0	crescent	18	44	-0.36913631724920093	0.20873563970084008	2688	4096	18	49	9	3.6392928332674077	-4.0084291505166085	19.286545893452654	-19.655682210701855	38.600518131237564	17.4928556845359	True	False	True	native_background_competition	unknown_not_negative
060126_15_right__window_3_high_mad__sources_4__seed_3102	raw_frozen_handcrafted_stack	raw	060126_15_right	060126_15_right__window_3_high_mad	high_mad	3102	4	overlap	1	ellipse	18	40	-0.400997571605393	0.0035315721691957513	2743	4096	23	49	8	3.6392928332674077	-4.040290404872801	19.286545893452654	-19.68754346505805	34.785054261852174	15.811388300841896	True	False	False	attenuation_or_response_failure	unknown_not_negative
060126_15_right__window_3_high_mad__sources_4__seed_3102	raw_frozen_handcrafted_stack	raw	060126_15_right	060126_15_right__window_3_high_mad	high_mad	3102	4	overlap	2	crescent	30	44	1.3515820693377478	1.523835094332225	640	4096	15	49	3	3.6392928332674077	-2.2877107639296597	19.286545893452654	-17.934963824114906	37.013511046643494	9.486832980505138	True	False	True	native_background_competition	unknown_not_negative
060126_15_right__window_3_high_mad__sources_4__seed_3102	raw_frozen_handcrafted_stack	raw	060126_15_right	060126_15_right__window_3_high_mad	high_mad	3102	4	overlap	3	ellipse	10	10	1.654927161257409	1.600462825208219	513	4096	7	49	1	3.6392928332674077	-1.9843656720099987	19.286545893452654	-17.631618732195246	19.235384061671343	7.0710678118654755	True	False	True	native_background_competition	unknown_not_negative
060126_15_right__window_3_high_mad__sources_4__seed_3102	jepa_conditional_pixel_residual_frozen_handcrafted_stack	jepa_residual	060126_15_right	060126_15_right__window_3_high_mad	high_mad	3102	4	overlap	0	crescent	18	44	-1.4291072455713385	-0.07373530789054783	3837	4096	40	49	16	3.7287937858053155	-5.157901031376654	18.664161994390085	-20.093269239961423	38.600518131237564	15.264337522473747	True	False	True	native_background_competition	unknown_not_negative
060126_15_right__window_3_high_mad__sources_4__seed_3102	jepa_conditional_pixel_residual_frozen_handcrafted_stack	jepa_residual	060126_15_right	060126_15_right__window_3_high_mad	high_mad	3102	4	overlap	1	ellipse	18	40	-0.7062705917107551	-0.18317152488049637	3151	4096	16	49	15	3.7287937858053155	-4.4350643775160705	18.664161994390085	-19.37043258610084	34.785054261852174	13.601470508735444	True	False	False	attenuation_or_response_failure	unknown_not_negative
060126_15_right__window_3_high_mad__sources_4__seed_3102	jepa_conditional_pixel_residual_frozen_handcrafted_stack	jepa_residual	060126_15_right	060126_15_right__window_3_high_mad	high_mad	3102	4	overlap	2	crescent	30	44	2.128428939187557	1.2819942294256383	313	4096	17	49	5	3.7287937858053155	-1.6003648466177585	18.664161994390085	-16.535733055202527	37.013511046643494	8.06225774829855	True	False	True	native_background_competition	unknown_not_negative
060126_15_right__window_3_high_mad__sources_4__seed_3102	jepa_conditional_pixel_residual_frozen_handcrafted_stack	jepa_residual	060126_15_right	060126_15_right__window_3_high_mad	high_mad	3102	4	overlap	3	ellipse	10	10	1.2977864631617424	1.2288716945074079	590	4096	6	49	1	3.7287937858053155	-2.4310073226435733	18.664161994390085	-17.366375531228343	19.235384061671343	12.529964086141668	True	False	True	native_background_competition	unknown_not_negative
060126_15_right__window_3_high_mad__sources_4__seed_3102	random_encoder_conditional_pixel_residual_frozen_handcrafted_stack	random_residual	060126_15_right	060126_15_right__window_3_high_mad	high_mad	3102	4	overlap	0	crescent	18	44	-0.4758950174532201	0.4357804717771902	2884	4096	23	49	3	3.8746187891827684	-4.3505138066359885	19.649719492872222	-20.12561451032544	36.68787265568828	27.65863337187866	True	False	True	native_background_competition	unknown_not_negative
060126_15_right__window_3_high_mad__sources_4__seed_3102	random_encoder_conditional_pixel_residual_frozen_handcrafted_stack	random_residual	060126_15_right	060126_15_right__window_3_high_mad	high_mad	3102	4	overlap	1	ellipse	18	40	-0.4603666643117474	-0.03305421022661392	2853	4096	18	49	20	3.8746187891827684	-4.334985453494515	19.649719492872222	-20.110086157183968	32.89376840679705	24.758836806279895	True	False	False	attenuation_or_response_failure	unknown_not_negative
060126_15_right__window_3_high_mad__sources_4__seed_3102	random_encoder_conditional_pixel_residual_frozen_handcrafted_stack	random_residual	060126_15_right	060126_15_right__window_3_high_mad	high_mad	3102	4	overlap	2	crescent	30	44	1.4548067695977802	1.4044290235931383	597	4096	14	49	3	3.8746187891827684	-2.419812019584988	19.649719492872222	-18.19491272327444	35.014282800023196	21.840329667841555	True	False	True	native_background_competition	unknown_not_negative
060126_15_right__window_3_high_mad__sources_4__seed_3102	random_encoder_conditional_pixel_residual_frozen_handcrafted_stack	random_residual	060126_15_right	060126_15_right__window_3_high_mad	high_mad	3102	4	overlap	3	ellipse	10	10	2.3805370447584986	1.4980751162516885	311	4096	6	49	1	3.8746187891827684	-1.4940817444242698	19.649719492872222	-17.269182448113725	19.026297590440446	7.0710678118654755	True	False	True	native_background_competition	unknown_not_negative
060126_15_right__window_3_high_mad__sources_4__seed_3103	raw_frozen_handcrafted_stack	raw	060126_15_right	060126_15_right__window_3_high_mad	high_mad	3103	4	near_neighbor	0	ellipse	46	35	2.2291092303981004	1.4219260586644842	368	4096	3	49	2	3.6712788993903804	-1.44216966899228	19.273930611780283	-17.04482138138218	32.7566787083184	13.0	True	False	True	native_background_competition	unknown_not_negative
060126_15_right__window_3_high_mad__sources_4__seed_3103	raw_frozen_handcrafted_stack	raw	060126_15_right	060126_15_right__window_3_high_mad	high_mad	3103	4	near_neighbor	1	crescent	47	39	1.7618227849278112	0.04544654636782708	471	4096	1	49	18	3.6712788993903804	-1.9094561144625692	19.273930611780283	-17.51210782685247	36.71511950137164	14.560219778561036	True	False	False	attenuation_or_response_failure	unknown_not_negative
060126_15_right__window_3_high_mad__sources_4__seed_3103	raw_frozen_handcrafted_stack	raw	060126_15_right	060126_15_right__window_3_high_mad	high_mad	3103	4	near_neighbor	2	ellipse	11	17	-0.25046506505596206	1.169341881658346	2472	4096	13	49	2	3.6712788993903804	-3.9217439644463425	19.273930611780283	-19.524395676836246	20.591260281974	9.055385138137417	True	False	True	native_background_competition	unknown_not_negative
060126_15_right__window_3_high_mad__sources_4__seed_3103	raw_frozen_handcrafted_stack	raw	060126_15_right	060126_15_right__window_3_high_mad	high_mad	3103	4	near_neighbor	3	crescent	24	17	4.326290192540572	0.7759998068716607	131	4096	16	49	5	3.6712788993903804	0.6550112931501917	19.273930611780283	-14.947640419239711	11.180339887498949	4.123105625617661	True	False	True	native_background_competition	unknown_not_negative
060126_15_right__window_3_high_mad__sources_4__seed_3103	jepa_conditional_pixel_residual_frozen_handcrafted_stack	jepa_residual	060126_15_right	060126_15_right__window_3_high_mad	high_mad	3103	4	near_neighbor	0	ellipse	46	35	2.218380896721336	1.0867631677526426	295	4096	3	49	4	3.754383212646305	-1.5360023159249687	18.687897204921985	-16.46951630820065	32.7566787083184	14.142135623730951	True	False	True	native_background_competition	unknown_not_negative
060126_15_right__window_3_high_mad__sources_4__seed_3103	jepa_conditional_pixel_residual_frozen_handcrafted_stack	jepa_residual	060126_15_right	060126_15_right__window_3_high_mad	high_mad	3103	4	near_neighbor	1	crescent	47	39	1.2413724735315426	-0.63459869575706	617	4096	8	49	45	3.754383212646305	-2.5130107391147622	18.687897204921985	-17.446524731390443	36.71511950137164	16.278820596099706	True	False	False	attenuation_or_response_failure	unknown_not_negative
060126_15_right__window_3_high_mad__sources_4__seed_3103	jepa_conditional_pixel_residual_frozen_handcrafted_stack	jepa_residual	060126_15_right	060126_15_right__window_3_high_mad	high_mad	3103	4	near_neighbor	2	ellipse	11	17	-0.7492250093482855	0.7168296377261207	3240	4096	28	49	1	3.754383212646305	-4.5036082219945905	18.687897204921985	-19.43712221427027	20.591260281974	11.0	True	False	True	native_background_competition	unknown_not_negative
060126_15_right__window_3_high_mad__sources_4__seed_3103	jepa_conditional_pixel_residual_frozen_handcrafted_stack	jepa_residual	060126_15_right	060126_15_right__window_3_high_mad	high_mad	3103	4	near_neighbor	3	crescent	24	17	3.988087684621965	0.6964565168310735	129	4096	17	49	3	3.754383212646305	0.23370447197566024	18.687897204921985	-14.69980952030002	11.180339887498949	2.0	False	True	True	recovered_source_on	unknown_not_negative
060126_15_right__window_3_high_mad__sources_4__seed_3103	random_encoder_conditional_pixel_residual_frozen_handcrafted_stack	random_residual	060126_15_right	060126_15_right__window_3_high_mad	high_mad	3103	4	near_neighbor	0	ellipse	46	35	2.190588650489499	1.2628739882708118	349	4096	3	49	1	3.876998325746305	-1.6864096752568059	19.59834151514196	-17.407752864652462	31.064449134018133	15.620499351813308	True	False	True	native_background_competition	unknown_not_negative
060126_15_right__window_3_high_mad__sources_4__seed_3103	random_encoder_conditional_pixel_residual_frozen_handcrafted_stack	random_residual	060126_15_right	060126_15_right__window_3_high_mad	high_mad	3103	4	near_neighbor	1	crescent	47	39	1.5356467550614314	-0.17991429776555234	533	4096	3	49	35	3.876998325746305	-2.3413515706848735	19.59834151514196	-18.06269476008053	34.9857113690718	19.4164878389476	True	False	False	attenuation_or_response_failure	unknown_not_negative
060126_15_right__window_3_high_mad__sources_4__seed_3103	random_encoder_conditional_pixel_residual_frozen_handcrafted_stack	random_residual	060126_15_right	060126_15_right__window_3_high_mad	high_mad	3103	4	near_neighbor	2	ellipse	11	17	-0.7155933871513245	0.4188054396662697	3292	4096	33	49	6	3.876998325746305	-4.5925917128976295	19.59834151514196	-20.313934902293283	19.697715603592208	8.246211251235321	True	False	True	native_background_competition	unknown_not_negative
060126_15_right__window_3_high_mad__sources_4__seed_3103	random_encoder_conditional_pixel_residual_frozen_handcrafted_stack	random_residual	060126_15_right	060126_15_right__window_3_high_mad	high_mad	3103	4	near_neighbor	3	crescent	24	17	3.1039163667345018	0.688660052892414	206	4096	24	49	4	3.876998325746305	-0.7730819590118032	19.59834151514196	-16.49442514840746	9.433981132056603	5.385164807134504	True	False	True	native_background_competition	unknown_not_negative
spon_ca_burst_3_hindbrain_to_tail_488_20ms__window_1_low_mad__sources_1__seed_3101	raw_frozen_handcrafted_stack	raw	spon_ca_burst_3_hindbrain_to_tail_488_20ms	spon_ca_burst_3_hindbrain_to_tail_488_20ms__window_1_low_mad	low_mad	3101	1	single	0	crescent	21	14	1.384136279289888	1.6091557169508026	438	4096	13	49	7	3.7868628665784088	-2.402726587288521	5.069223558053999	-3.6850872787641107	13.038404810405298	13.038404810405298	True	False	True	native_background_competition	unknown_not_negative
spon_ca_burst_3_hindbrain_to_tail_488_20ms__window_1_low_mad__sources_1__seed_3101	jepa_conditional_pixel_residual_frozen_handcrafted_stack	jepa_residual	spon_ca_burst_3_hindbrain_to_tail_488_20ms	spon_ca_burst_3_hindbrain_to_tail_488_20ms__window_1_low_mad	low_mad	3101	1	single	0	crescent	21	14	3.8658793864509255	1.4656141112382617	2	4096	1	49	1	2.9470812227116965	0.9187981637392291	4.223893560214607	-0.35801417376368105	31.0	0.0	False	True	True	recovered_source_on	unknown_not_negative
spon_ca_burst_3_hindbrain_to_tail_488_20ms__window_1_low_mad__sources_1__seed_3101	random_encoder_conditional_pixel_residual_frozen_handcrafted_stack	random_residual	spon_ca_burst_3_hindbrain_to_tail_488_20ms	spon_ca_burst_3_hindbrain_to_tail_488_20ms__window_1_low_mad	low_mad	3101	1	single	0	crescent	21	14	3.7623990792378716	1.1965142087174252	11	4096	2	49	1	4.00068509929296	-0.2382860200550887	4.477553682592781	-0.7151546033549092	7.0	5.0	True	False	True	native_background_competition	unknown_not_negative
spon_ca_burst_3_hindbrain_to_tail_488_20ms__window_1_low_mad__sources_1__seed_3102	raw_frozen_handcrafted_stack	raw	spon_ca_burst_3_hindbrain_to_tail_488_20ms	spon_ca_burst_3_hindbrain_to_tail_488_20ms__window_1_low_mad	low_mad	3102	1	single	0	crescent	26	21	1.6924115436039704	0.8034554763504339	268	4096	3	49	10	3.7868628665784088	-2.0944513229744386	4.831662951903969	-3.139251408299998	7.615773105863909	6.0	True	False	True	native_background_competition	unknown_not_negative
spon_ca_burst_3_hindbrain_to_tail_488_20ms__window_1_low_mad__sources_1__seed_3102	jepa_conditional_pixel_residual_frozen_handcrafted_stack	jepa_residual	spon_ca_burst_3_hindbrain_to_tail_488_20ms	spon_ca_burst_3_hindbrain_to_tail_488_20ms__window_1_low_mad	low_mad	3102	1	single	0	crescent	26	21	1.7552299453958509	1.0866268217120085	151	4096	1	49	3	2.937431456810026	-1.182201511414175	4.275129327432989	-2.519899382037138	26.92582403567252	12.165525060596439	True	False	True	native_background_competition	unknown_not_negative
spon_ca_burst_3_hindbrain_to_tail_488_20ms__window_1_low_mad__sources_1__seed_3102	random_encoder_conditional_pixel_residual_frozen_handcrafted_stack	random_residual	spon_ca_burst_3_hindbrain_to_tail_488_20ms	spon_ca_burst_3_hindbrain_to_tail_488_20ms__window_1_low_mad	low_mad	3102	1	single	0	crescent	26	21	1.6715474604858331	1.814658503553583	335	4096	12	49	2	3.9391761101262754	-2.267628649640442	4.701115096271096	-3.029567635785263	5.0	5.0	True	False	True	native_background_competition	unknown_not_negative
spon_ca_burst_3_hindbrain_to_tail_488_20ms__window_1_low_mad__sources_1__seed_3103	raw_frozen_handcrafted_stack	raw	spon_ca_burst_3_hindbrain_to_tail_488_20ms	spon_ca_burst_3_hindbrain_to_tail_488_20ms__window_1_low_mad	low_mad	3103	1	single	0	ellipse	12	18	0.21023071858841252	1.781307196902072	1708	4096	24	49	2	3.7868628665784088	-3.5766321479899963	5.070134237031439	-4.859903518443026	20.223748416156685	16.1245154965971	True	False	True	native_background_competition	unknown_not_negative
spon_ca_burst_3_hindbrain_to_tail_488_20ms__window_1_low_mad__sources_1__seed_3103	jepa_conditional_pixel_residual_frozen_handcrafted_stack	jepa_residual	spon_ca_burst_3_hindbrain_to_tail_488_20ms	spon_ca_burst_3_hindbrain_to_tail_488_20ms__window_1_low_mad	low_mad	3103	1	single	0	ellipse	12	18	-2.1056638302210073	-0.4841094006253319	4036	4096	41	49	36	2.953300558405332	-5.05896438862634	4.2376435770458505	-6.343307407266858	40.19950248448356	18.35755975068582	True	False	False	attenuation_or_response_failure	unknown_not_negative
spon_ca_burst_3_hindbrain_to_tail_488_20ms__window_1_low_mad__sources_1__seed_3103	random_encoder_conditional_pixel_residual_frozen_handcrafted_stack	random_residual	spon_ca_burst_3_hindbrain_to_tail_488_20ms	spon_ca_burst_3_hindbrain_to_tail_488_20ms__window_1_low_mad	low_mad	3103	1	single	0	ellipse	12	18	-0.4843342468031	-0.44328505982153094	2870	4096	37	49	45	4.0455476942823685	-4.529881941085469	4.5198409240799435	-5.004175170883044	6.0	6.0	True	False	True	native_background_competition	unknown_not_negative
spon_ca_burst_3_hindbrain_to_tail_488_20ms__window_1_low_mad__sources_2__seed_3101	raw_frozen_handcrafted_stack	raw	spon_ca_burst_3_hindbrain_to_tail_488_20ms	spon_ca_burst_3_hindbrain_to_tail_488_20ms__window_1_low_mad	low_mad	3101	2	separated	0	ellipse	18	27	1.2755439406641136	1.7543404694157716	516	4096	15	49	2	3.797859684520351	-2.5223157438562374	5.070275503331355	-3.7947315626672413	15.231546211727817	3.1622776601683795	True	False	True	native_background_competition	unknown_not_negative
spon_ca_burst_3_hindbrain_to_tail_488_20ms__window_1_low_mad__sources_2__seed_3101	raw_frozen_handcrafted_stack	raw	spon_ca_burst_3_hindbrain_to_tail_488_20ms	spon_ca_burst_3_hindbrain_to_tail_488_20ms__window_1_low_mad	low_mad	3101	2	separated	1	crescent	10	54	1.611146184487916	2.4811140974214623	315	4096	8	49	2	3.797859684520351	-2.186713500032435	5.070275503331355	-3.4591293188434387	39.66106403010388	20.396078054371138	True	False	True	native_background_competition	unknown_not_negative
spon_ca_burst_3_hindbrain_to_tail_488_20ms__window_1_low_mad__sources_2__seed_3101	jepa_conditional_pixel_residual_frozen_handcrafted_stack	jepa_residual	spon_ca_burst_3_hindbrain_to_tail_488_20ms	spon_ca_burst_3_hindbrain_to_tail_488_20ms__window_1_low_mad	low_mad	3101	2	separated	0	ellipse	18	27	2.3057839040989814	1.5779695838020524	47	4096	6	49	1	2.9918336218384	-0.6860497177394187	4.277579367727943	-1.9717954636289612	36.40054944640259	1.4142135623730951	False	True	True	recovered_source_on	unknown_not_negative
spon_ca_burst_3_hindbrain_to_tail_488_20ms__window_1_low_mad__sources_2__seed_3101	jepa_conditional_pixel_residual_frozen_handcrafted_stack	jepa_residual	spon_ca_burst_3_hindbrain_to_tail_488_20ms	spon_ca_burst_3_hindbrain_to_tail_488_20ms__window_1_low_mad	low_mad	3101	2	separated	1	crescent	10	54	2.0026460569102698	1.3529633091736812	81	4096	1	49	1	2.9918336218384	-0.9891875649281303	4.277579367727943	-2.274933310817673	58.0	26.92582403567252	True	False	True	native_background_competition	unknown_not_negative
spon_ca_burst_3_hindbrain_to_tail_488_20ms__window_1_low_mad__sources_2__seed_3101	random_encoder_conditional_pixel_residual_frozen_handcrafted_stack	random_residual	spon_ca_burst_3_hindbrain_to_tail_488_20ms	spon_ca_burst_3_hindbrain_to_tail_488_20ms__window_1_low_mad	low_mad	3101	2	separated	0	ellipse	18	27	1.2572284945456758	2.095094494705048	566	4096	14	49	1	3.7860035835214862	-2.5287750889758103	4.449569878385977	-3.1923413838403008	9.0	5.0990195135927845	True	False	True	native_background_competition	unknown_not_negative
spon_ca_burst_3_hindbrain_to_tail_488_20ms__window_1_low_mad__sources_2__seed_3101	random_encoder_conditional_pixel_residual_frozen_handcrafted_stack	random_residual	spon_ca_burst_3_hindbrain_to_tail_488_20ms	spon_ca_burst_3_hindbrain_to_tail_488_20ms__window_1_low_mad	low_mad	3101	2	separated	1	crescent	10	54	0.5823717885352763	1.003295725849123	1265	4096	8	49	5	3.7860035835214862	-3.20363179498621	4.449569878385977	-3.8671980898507003	36.87817782917155	32.7566787083184	True	False	True	native_background_competition	unknown_not_negative
spon_ca_burst_3_hindbrain_to_tail_488_20ms__window_1_low_mad__sources_2__seed_3102	raw_frozen_handcrafted_stack	raw	spon_ca_burst_3_hindbrain_to_tail_488_20ms	spon_ca_burst_3_hindbrain_to_tail_488_20ms__window_1_low_mad	low_mad	3102	2	overlap	0	crescent	19	37	1.3174638640815652	0.02700283319784824	481	4096	8	49	26	3.778164480564602	-2.460700616483037	5.070133348564144	-3.7526694844825785	20.615528128088304	19.1049731745428	True	False	True	native_background_competition	unknown_not_negative
spon_ca_burst_3_hindbrain_to_tail_488_20ms__window_1_low_mad__sources_2__seed_3102	raw_frozen_handcrafted_stack	raw	spon_ca_burst_3_hindbrain_to_tail_488_20ms	spon_ca_burst_3_hindbrain_to_tail_488_20ms__window_1_low_mad	low_mad	3102	2	overlap	1	ellipse	17	41	0.6392278956432038	2.0397931961845113	1066	4096	21	49	1	3.778164480564602	-3.1389365849213986	5.070133348564144	-4.43090545292094	25.0	20.396078054371138	True	False	True	native_background_competition	unknown_not_negative
spon_ca_burst_3_hindbrain_to_tail_488_20ms__window_1_low_mad__sources_2__seed_3102	jepa_conditional_pixel_residual_frozen_handcrafted_stack	jepa_residual	spon_ca_burst_3_hindbrain_to_tail_488_20ms	spon_ca_burst_3_hindbrain_to_tail_488_20ms__window_1_low_mad	low_mad	3102	2	overlap	0	crescent	19	37	0.4669925714500037	-0.31789217521179314	1343	4096	17	49	44	2.9014533656988992	-2.4344607942488956	4.2639470962357935	-3.79695452478579	40.22437072223753	29.410882339705484	True	False	True	native_background_competition	unknown_not_negative
spon_ca_burst_3_hindbrain_to_tail_488_20ms__window_1_low_mad__sources_2__seed_3102	jepa_conditional_pixel_residual_frozen_handcrafted_stack	jepa_residual	spon_ca_burst_3_hindbrain_to_tail_488_20ms	spon_ca_burst_3_hindbrain_to_tail_488_20ms__window_1_low_mad	low_mad	3102	2	overlap	1	ellipse	17	41	0.054372570287297535	-0.0721671053942152	1956	4096	21	49	14	2.9014533656988992	-2.8470807954116015	4.2639470962357935	-4.209574525948496	44.204072210600685	33.28663395418648	True	False	False	attenuation_or_response_failure	unknown_not_negative
spon_ca_burst_3_hindbrain_to_tail_488_20ms__window_1_low_mad__sources_2__seed_3102	random_encoder_conditional_pixel_residual_frozen_handcrafted_stack	random_residual	spon_ca_burst_3_hindbrain_to_tail_488_20ms	spon_ca_burst_3_hindbrain_to_tail_488_20ms__window_1_low_mad	low_mad	3102	2	overlap	0	crescent	19	37	3.6391378270799155	1.0481389361760804	18	4096	9	49	13	4.063531717426865	-0.4243938903469493	4.400194203541737	-0.7610563764618217	19.026297590440446	1.0	False	True	True	recovered_source_on	unknown_not_negative
spon_ca_burst_3_hindbrain_to_tail_488_20ms__window_1_low_mad__sources_2__seed_3102	random_encoder_conditional_pixel_residual_frozen_handcrafted_stack	random_residual	spon_ca_burst_3_hindbrain_to_tail_488_20ms	spon_ca_burst_3_hindbrain_to_tail_488_20ms__window_1_low_mad	low_mad	3102	2	overlap	1	ellipse	17	41	3.2158553571207866	1.9570384766624902	35	4096	6	49	1	4.063531717426865	-0.8476763603060782	4.506453804916593	-1.2905984477958068	3.605551275463989	3.605551275463989	True	False	True	native_background_competition	unknown_not_negative
spon_ca_burst_3_hindbrain_to_tail_488_20ms__window_1_low_mad__sources_2__seed_3103	raw_frozen_handcrafted_stack	raw	spon_ca_burst_3_hindbrain_to_tail_488_20ms	spon_ca_burst_3_hindbrain_to_tail_488_20ms__window_1_low_mad	low_mad	3103	2	near_neighbor	0	crescent	49	22	2.301445642262553	-0.33173230415215604	97	4096	4	49	40	3.7868628665784088	-1.4854172243158557	5.0700707116198425	-2.7686250693572894	17.029386365926403	16.1245154965971	True	False	True	native_background_competition	unknown_not_negative
spon_ca_burst_3_hindbrain_to_tail_488_20ms__window_1_low_mad__sources_2__seed_3103	raw_frozen_handcrafted_stack	raw	spon_ca_burst_3_hindbrain_to_tail_488_20ms	spon_ca_burst_3_hindbrain_to_tail_488_20ms__window_1_low_mad	low_mad	3103	2	near_neighbor	1	ellipse	53	18	1.8231891884244753	1.9969931178138416	208	4096	5	49	4	3.7868628665784088	-1.9636736781539335	5.0700707116198425	-3.246881523195367	21.213203435596427	20.8806130178211	True	False	True	native_background_competition	unknown_not_negative
spon_ca_burst_3_hindbrain_to_tail_488_20ms__window_1_low_mad__sources_2__seed_3103	jepa_conditional_pixel_residual_frozen_handcrafted_stack	jepa_residual	spon_ca_burst_3_hindbrain_to_tail_488_20ms	spon_ca_burst_3_hindbrain_to_tail_488_20ms__window_1_low_mad	low_mad	3103	2	near_neighbor	0	crescent	49	22	0.57867349411404	1.1085857002409933	1188	4096	18	49	7	2.8947943697100085	-2.3161208755959684	4.688705174795642	-4.110031680681602	8.54400374531753	8.54400374531753	True	False	True	native_background_competition	unknown_not_negative
spon_ca_burst_3_hindbrain_to_tail_488_20ms__window_1_low_mad__sources_2__seed_3103	jepa_conditional_pixel_residual_frozen_handcrafted_stack	jepa_residual	spon_ca_burst_3_hindbrain_to_tail_488_20ms	spon_ca_burst_3_hindbrain_to_tail_488_20ms__window_1_low_mad	low_mad	3103	2	near_neighbor	1	ellipse	53	18	2.4850637824731274	1.8573759862780326	27	4096	2	49	2	2.8947943697100085	-0.40973058723688105	4.688705174795642	-2.203641392322514	4.123105625617661	4.123105625617661	True	False	True	native_background_competition	unknown_not_negative
spon_ca_burst_3_hindbrain_to_tail_488_20ms__window_1_low_mad__sources_2__seed_3103	random_encoder_conditional_pixel_residual_frozen_handcrafted_stack	random_residual	spon_ca_burst_3_hindbrain_to_tail_488_20ms	spon_ca_burst_3_hindbrain_to_tail_488_20ms__window_1_low_mad	low_mad	3103	2	near_neighbor	0	crescent	49	22	0.7507401392458782	0.6239672780485717	1039	4096	24	49	20	4.024577104048258	-3.2738369648023795	4.539824104263878	-3.7890839650179995	31.25699921617557	28.0178514522438	True	False	True	native_background_competition	unknown_not_negative
spon_ca_burst_3_hindbrain_to_tail_488_20ms__window_1_low_mad__sources_2__seed_3103	random_encoder_conditional_pixel_residual_frozen_handcrafted_stack	random_residual	spon_ca_burst_3_hindbrain_to_tail_488_20ms	spon_ca_burst_3_hindbrain_to_tail_488_20ms__window_1_low_mad	low_mad	3103	2	near_neighbor	1	ellipse	53	18	2.4830587937185227	2.1407324241248826	106	4096	3	49	3	4.024577104048258	-1.5415183103297352	4.539824104263878	-2.056765310545355	35.0	32.14031735997639	True	False	True	native_background_competition	unknown_not_negative
spon_ca_burst_3_hindbrain_to_tail_488_20ms__window_1_low_mad__sources_4__seed_3101	raw_frozen_handcrafted_stack	raw	spon_ca_burst_3_hindbrain_to_tail_488_20ms	spon_ca_burst_3_hindbrain_to_tail_488_20ms__window_1_low_mad	low_mad	3101	4	separated	0	ellipse	20	12	0.6482290583944014	1.8506251444109547	1082	4096	28	49	1	3.8370879792223613	-3.18885892082796	5.057313653675104	-4.409084595280703	15.0	15.0	True	False	True	native_background_competition	unknown_not_negative
spon_ca_burst_3_hindbrain_to_tail_488_20ms__window_1_low_mad__sources_4__seed_3101	raw_frozen_handcrafted_stack	raw	spon_ca_burst_3_hindbrain_to_tail_488_20ms	spon_ca_burst_3_hindbrain_to_tail_488_20ms__window_1_low_mad	low_mad	3101	4	separated	1	crescent	44	52	0.9998140176733931	0.88001738532293	726	4096	13	49	4	3.8370879792223613	-2.837273961548968	5.057313653675104	-4.057499636001711	33.24154027718932	1.4142135623730951	False	True	True	recovered_source_on	unknown_not_negative
spon_ca_burst_3_hindbrain_to_tail_488_20ms__window_1_low_mad__sources_4__seed_3101	raw_frozen_handcrafted_stack	raw	spon_ca_burst_3_hindbrain_to_tail_488_20ms	spon_ca_burst_3_hindbrain_to_tail_488_20ms__window_1_low_mad	low_mad	3101	4	separated	2	ellipse	38	17	2.1059013835120277	1.1490752595700122	136	4096	3	49	6	3.8370879792223613	-1.7311865957103336	5.057313653675104	-2.9514122701630763	7.211102550927978	7.211102550927978	True	False	True	native_background_competition	unknown_not_negative
spon_ca_burst_3_hindbrain_to_tail_488_20ms__window_1_low_mad__sources_4__seed_3101	raw_frozen_handcrafted_stack	raw	spon_ca_burst_3_hindbrain_to_tail_488_20ms	spon_ca_burst_3_hindbrain_to_tail_488_20ms__window_1_low_mad	low_mad	3101	4	separated	3	crescent	51	46	1.8891893574815228	1.5719097041754055	191	4096	7	49	3	3.8370879792223613	-1.9478986217408385	5.057313653675104	-3.1681242961935814	31.400636936215164	10.63014581273465	True	False	True	native_background_competition	unknown_not_negative
spon_ca_burst_3_hindbrain_to_tail_488_20ms__window_1_low_mad__sources_4__seed_3101	jepa_conditional_pixel_residual_frozen_handcrafted_stack	jepa_residual	spon_ca_burst_3_hindbrain_to_tail_488_20ms	spon_ca_burst_3_hindbrain_to_tail_488_20ms__window_1_low_mad	low_mad	3101	4	separated	0	ellipse	20	12	3.282041445955984	1.9071482584266435	5	4096	4	49	1	2.914528826397258	0.36751261955872616	4.2043383078993095	-0.9222968619433254	32.0624390837628	2.23606797749979	False	True	True	recovered_source_on	unknown_not_negative
spon_ca_burst_3_hindbrain_to_tail_488_20ms__window_1_low_mad__sources_4__seed_3101	jepa_conditional_pixel_residual_frozen_handcrafted_stack	jepa_residual	spon_ca_burst_3_hindbrain_to_tail_488_20ms	spon_ca_burst_3_hindbrain_to_tail_488_20ms__window_1_low_mad	low_mad	3101	4	separated	1	crescent	44	52	1.5028747628827364	-0.18658795099153958	271	4096	10	49	39	2.914528826397258	-1.4116540635145216	4.2043383078993095	-2.701463545016573	38.8329756778952	9.0	True	False	True	native_background_competition	unknown_not_negative
spon_ca_burst_3_hindbrain_to_tail_488_20ms__window_1_low_mad__sources_4__seed_3101	jepa_conditional_pixel_residual_frozen_handcrafted_stack	jepa_residual	spon_ca_burst_3_hindbrain_to_tail_488_20ms	spon_ca_burst_3_hindbrain_to_tail_488_20ms__window_1_low_mad	low_mad	3101	4	separated	2	ellipse	38	17	2.2769075549121003	1.6873254771337007	58	4096	1	49	5	2.914528826397258	-0.6376212714851577	4.2043383078993095	-1.9274307529872092	14.317821063276353	12.806248474865697	True	False	True	native_background_competition	unknown_not_negative
spon_ca_burst_3_hindbrain_to_tail_488_20ms__window_1_low_mad__sources_4__seed_3101	jepa_conditional_pixel_residual_frozen_handcrafted_stack	jepa_residual	spon_ca_burst_3_hindbrain_to_tail_488_20ms	spon_ca_burst_3_hindbrain_to_tail_488_20ms__window_1_low_mad	low_mad	3101	4	separated	3	crescent	51	46	0.6088923555564586	1.4956234139731999	1130	4096	21	49	1	2.914528826397258	-2.3056364708407995	4.2043383078993095	-3.595445952342851	32.01562118716424	16.55294535724685	True	False	True	native_background_competition	unknown_not_negative
spon_ca_burst_3_hindbrain_to_tail_488_20ms__window_1_low_mad__sources_4__seed_3101	random_encoder_conditional_pixel_residual_frozen_handcrafted_stack	random_residual	spon_ca_burst_3_hindbrain_to_tail_488_20ms	spon_ca_burst_3_hindbrain_to_tail_488_20ms__window_1_low_mad	low_mad	3101	4	separated	0	ellipse	20	12	4.395865315353285	2.238042635969822	3	4096	1	49	1	4.066223785420518	0.3296415299327675	4.453551175681639	-0.057685860328353655	6.324555320336759	0.0	False	True	True	recovered_source_on	unknown_not_negative
spon_ca_burst_3_hindbrain_to_tail_488_20ms__window_1_low_mad__sources_4__seed_3101	random_encoder_conditional_pixel_residual_frozen_handcrafted_stack	random_residual	spon_ca_burst_3_hindbrain_to_tail_488_20ms	spon_ca_burst_3_hindbrain_to_tail_488_20ms__window_1_low_mad	low_mad	3101	4	separated	1	crescent	44	52	0.7044676479374093	0.7044028942164151	1087	4096	5	49	3	4.066223785420518	-3.3617561374831086	4.453551175681639	-3.74908352774423	42.80186911806539	28.600699292150182	True	False	True	native_background_competition	unknown_not_negative
spon_ca_burst_3_hindbrain_to_tail_488_20ms__window_1_low_mad__sources_4__seed_3101	random_encoder_conditional_pixel_residual_frozen_handcrafted_stack	random_residual	spon_ca_burst_3_hindbrain_to_tail_488_20ms	spon_ca_burst_3_hindbrain_to_tail_488_20ms__window_1_low_mad	low_mad	3101	4	separated	2	ellipse	38	17	2.4633319194844283	2.043731607549884	143	4096	4	49	2	4.066223785420518	-1.6028918659360896	4.453551175681639	-1.9902192561972107	20.024984394500787	17.46424919657298	True	False	True	native_background_competition	unknown_not_negative
spon_ca_burst_3_hindbrain_to_tail_488_20ms__window_1_low_mad__sources_4__seed_3101	random_encoder_conditional_pixel_residual_frozen_handcrafted_stack	random_residual	spon_ca_burst_3_hindbrain_to_tail_488_20ms	spon_ca_burst_3_hindbrain_to_tail_488_20ms__window_1_low_mad	low_mad	3101	4	separated	3	crescent	51	46	2.9419608643113477	2.141451742206807	70	4096	4	49	1	4.066223785420518	-1.1242629211091701	4.453551175681639	-1.5115903113702913	43.278170016764804	31.953090617340916	True	False	True	native_background_competition	unknown_not_negative
spon_ca_burst_3_hindbrain_to_tail_488_20ms__window_1_low_mad__sources_4__seed_3102	raw_frozen_handcrafted_stack	raw	spon_ca_burst_3_hindbrain_to_tail_488_20ms	spon_ca_burst_3_hindbrain_to_tail_488_20ms__window_1_low_mad	low_mad	3102	4	overlap	0	ellipse	42	36	1.4908829239388945	1.650005684324534	385	4096	15	49	3	3.7713399411543893	-2.280457017215495	5.070115579218243	-3.5792326552793483	18.027756377319946	15.0	True	False	True	native_background_competition	unknown_not_negative
spon_ca_burst_3_hindbrain_to_tail_488_20ms__window_1_low_mad__sources_4__seed_3102	raw_frozen_handcrafted_stack	raw	spon_ca_burst_3_hindbrain_to_tail_488_20ms	spon_ca_burst_3_hindbrain_to_tail_488_20ms__window_1_low_mad	low_mad	3102	4	overlap	1	crescent	40	37	0.20808379098148536	0.3520316232608228	1737	4096	28	49	15	3.7713399411543893	-3.563256150172904	5.070115579218243	-4.862031788236758	17.88854381999832	14.7648230602334	True	False	False	attenuation_or_response_failure	unknown_not_negative
spon_ca_burst_3_hindbrain_to_tail_488_20ms__window_1_low_mad__sources_4__seed_3102	raw_frozen_handcrafted_stack	raw	spon_ca_burst_3_hindbrain_to_tail_488_20ms	spon_ca_burst_3_hindbrain_to_tail_488_20ms__window_1_low_mad	low_mad	3102	4	overlap	2	ellipse	9	40	1.353806929087619	2.5285715993404803	477	4096	11	49	2	3.7713399411543893	-2.4175330120667704	5.070115579218243	-3.7163086501306237	29.832867780352597	28.844410203711913	True	False	True	native_background_competition	unknown_not_negative
spon_ca_burst_3_hindbrain_to_tail_488_20ms__window_1_low_mad__sources_4__seed_3102	raw_frozen_handcrafted_stack	raw	spon_ca_burst_3_hindbrain_to_tail_488_20ms	spon_ca_burst_3_hindbrain_to_tail_488_20ms__window_1_low_mad	low_mad	3102	4	overlap	3	crescent	43	52	1.2581065637595168	1.2431145402599573	541	4096	16	49	4	3.7713399411543893	-2.5132333773948723	5.070115579218243	-3.8120090154587256	32.89376840679705	1.0	False	True	True	recovered_source_on	unknown_not_negative
spon_ca_burst_3_hindbrain_to_tail_488_20ms__window_1_low_mad__sources_4__seed_3102	jepa_conditional_pixel_residual_frozen_handcrafted_stack	jepa_residual	spon_ca_burst_3_hindbrain_to_tail_488_20ms	spon_ca_burst_3_hindbrain_to_tail_488_20ms__window_1_low_mad	low_mad	3102	4	overlap	0	ellipse	42	36	1.0735401731554874	0.8944868142586724	560	4096	8	49	2	2.9882987032455057	-1.9147585300900183	4.257171312868149	-3.183631139712661	24.166091947189145	17.029386365926403	True	False	True	native_background_competition	unknown_not_negative
spon_ca_burst_3_hindbrain_to_tail_488_20ms__window_1_low_mad__sources_4__seed_3102	jepa_conditional_pixel_residual_frozen_handcrafted_stack	jepa_residual	spon_ca_burst_3_hindbrain_to_tail_488_20ms	spon_ca_burst_3_hindbrain_to_tail_488_20ms__window_1_low_mad	low_mad	3102	4	overlap	1	crescent	40	37	-0.9511308897658441	-0.3489933610848375	3394	4096	47	49	42	2.9882987032455057	-3.93942959301135	4.257171312868149	-5.208302202633993	25.942243542145693	16.278820596099706	True	False	False	attenuation_or_response_failure	unknown_not_negative
spon_ca_burst_3_hindbrain_to_tail_488_20ms__window_1_low_mad__sources_4__seed_3102	jepa_conditional_pixel_residual_frozen_handcrafted_stack	jepa_residual	spon_ca_burst_3_hindbrain_to_tail_488_20ms	spon_ca_burst_3_hindbrain_to_tail_488_20ms__window_1_low_mad	low_mad	3102	4	overlap	2	ellipse	9	40	-0.6474454611319876	0.07810713568701733	3045	4096	38	49	38	2.9882987032455057	-3.6357441643774933	4.257171312868149	-4.904616774000137	50.24937810560445	36.359317925395686	True	False	True	native_background_competition	unknown_not_negative
spon_ca_burst_3_hindbrain_to_tail_488_20ms__window_1_low_mad__sources_4__seed_3102	jepa_conditional_pixel_residual_frozen_handcrafted_stack	jepa_residual	spon_ca_burst_3_hindbrain_to_tail_488_20ms	spon_ca_burst_3_hindbrain_to_tail_488_20ms__window_1_low_mad	low_mad	3102	4	overlap	3	crescent	43	52	2.772920829086199	2.487638426627252	19	4096	7	49	1	2.9882987032455057	-0.21537787415930687	4.257171312868149	-1.48425048378195	39.05124837953327	1.0	False	True	True	recovered_source_on	unknown_not_negative
spon_ca_burst_3_hindbrain_to_tail_488_20ms__window_1_low_mad__sources_4__seed_3102	random_encoder_conditional_pixel_residual_frozen_handcrafted_stack	random_residual	spon_ca_burst_3_hindbrain_to_tail_488_20ms	spon_ca_burst_3_hindbrain_to_tail_488_20ms__window_1_low_mad	low_mad	3102	4	overlap	0	ellipse	42	36	1.6074542908744585	0.330675785439438	365	4096	12	49	7	4.025146765955048	-2.4176924750805897	4.562946826464354	-2.9554925355898956	25.80697580112788	21.02379604162864	True	False	False	attenuation_or_response_failure	unknown_not_negative
spon_ca_burst_3_hindbrain_to_tail_488_20ms__window_1_low_mad__sources_4__seed_3102	random_encoder_conditional_pixel_residual_frozen_handcrafted_stack	random_residual	spon_ca_burst_3_hindbrain_to_tail_488_20ms	spon_ca_burst_3_hindbrain_to_tail_488_20ms__window_1_low_mad	low_mad	3102	4	overlap	1	crescent	40	37	0.8067074873406677	0.17218163218849436	972	4096	23	49	16	4.025146765955048	-3.2184392786143805	4.562946826464354	-3.7562393391236863	24.839484696748443	19.1049731745428	True	False	True	native_background_competition	unknown_not_negative
spon_ca_burst_3_hindbrain_to_tail_488_20ms__window_1_low_mad__sources_4__seed_3102	random_encoder_conditional_pixel_residual_frozen_handcrafted_stack	random_residual	spon_ca_burst_3_hindbrain_to_tail_488_20ms	spon_ca_burst_3_hindbrain_to_tail_488_20ms__window_1_low_mad	low_mad	3102	4	overlap	2	ellipse	9	40	0.7043190861228468	0.42310341199783347	1090	4096	25	49	6	4.025146765955048	-3.3208276798322016	4.562946826464354	-3.8586277403415075	22.47220505424423	13.0	True	False	True	native_background_competition	unknown_not_negative
spon_ca_burst_3_hindbrain_to_tail_488_20ms__window_1_low_mad__sources_4__seed_3102	random_encoder_conditional_pixel_residual_frozen_handcrafted_stack	random_residual	spon_ca_burst_3_hindbrain_to_tail_488_20ms	spon_ca_burst_3_hindbrain_to_tail_488_20ms__window_1_low_mad	low_mad	3102	4	overlap	3	crescent	43	52	0.3929312551755032	1.6758408932276891	1493	4096	22	49	3	4.025146765955048	-3.632215510779545	4.562946826464354	-4.170015571288851	38.01315561749642	27.80287754891569	True	False	True	native_background_competition	unknown_not_negative
spon_ca_burst_3_hindbrain_to_tail_488_20ms__window_1_low_mad__sources_4__seed_3103	raw_frozen_handcrafted_stack	raw	spon_ca_burst_3_hindbrain_to_tail_488_20ms	spon_ca_burst_3_hindbrain_to_tail_488_20ms__window_1_low_mad	low_mad	3103	4	near_neighbor	0	ellipse	20	28	0.9157937154662759	1.0152411957590763	787	4096	19	49	9	3.786868197382179	-2.8710744819159033	5.0424657302082725	-4.126672014741997	13.892443989449804	8.48528137423857	True	False	True	native_background_competition	unknown_not_negative
spon_ca_burst_3_hindbrain_to_tail_488_20ms__window_1_low_mad__sources_4__seed_3103	raw_frozen_handcrafted_stack	raw	spon_ca_burst_3_hindbrain_to_tail_488_20ms	spon_ca_burst_3_hindbrain_to_tail_488_20ms__window_1_low_mad	low_mad	3103	4	near_neighbor	1	crescent	25	27	0.9020557669907477	1.9100726300425697	805	4096	18	49	4	3.786868197382179	-2.8848124303914315	5.0424657302082725	-4.140409963217524	9.219544457292887	8.54400374531753	True	False	True	native_background_competition	unknown_not_negative
spon_ca_burst_3_hindbrain_to_tail_488_20ms__window_1_low_mad__sources_4__seed_3103	raw_frozen_handcrafted_stack	raw	spon_ca_burst_3_hindbrain_to_tail_488_20ms	spon_ca_burst_3_hindbrain_to_tail_488_20ms__window_1_low_mad	low_mad	3103	4	near_neighbor	2	ellipse	49	22	2.046381021906121	-0.586796924508588	145	4096	2	49	48	3.786868197382179	-1.740487175476058	5.0424657302082725	-2.9960847083021513	17.029386365926403	16.1245154965971	True	False	True	native_background_competition	unknown_not_negative
spon_ca_burst_3_hindbrain_to_tail_488_20ms__window_1_low_mad__sources_4__seed_3103	raw_frozen_handcrafted_stack	raw	spon_ca_burst_3_hindbrain_to_tail_488_20ms	spon_ca_burst_3_hindbrain_to_tail_488_20ms__window_1_low_mad	low_mad	3103	4	near_neighbor	3	crescent	9	13	1.84288065219087	2.774632496641034	200	4096	4	49	2	3.786868197382179	-1.9439875451913091	5.0424657302082725	-3.199585078017402	24.351591323771842	21.587033144922902	True	False	True	native_background_competition	unknown_not_negative
spon_ca_burst_3_hindbrain_to_tail_488_20ms__window_1_low_mad__sources_4__seed_3103	jepa_conditional_pixel_residual_frozen_handcrafted_stack	jepa_residual	spon_ca_burst_3_hindbrain_to_tail_488_20ms	spon_ca_burst_3_hindbrain_to_tail_488_20ms__window_1_low_mad	low_mad	3103	4	near_neighbor	0	ellipse	20	28	1.1716593692954294	0.9394353041022384	478	4096	11	49	2	2.915011554331312	-1.7433521850358829	4.287465211278942	-3.1158058419835126	34.92849839314596	20.615528128088304	True	False	True	native_background_competition	unknown_not_negative
spon_ca_burst_3_hindbrain_to_tail_488_20ms__window_1_low_mad__sources_4__seed_3103	jepa_conditional_pixel_residual_frozen_handcrafted_stack	jepa_residual	spon_ca_burst_3_hindbrain_to_tail_488_20ms	spon_ca_burst_3_hindbrain_to_tail_488_20ms__window_1_low_mad	low_mad	3103	4	near_neighbor	1	crescent	25	27	0.1099597122788254	0.33367697652064743	1875	4096	25	49	4	2.915011554331312	-2.805051842052487	4.287465211278942	-4.177505499000117	29.966648127543394	18.24828759089466	True	False	False	attenuation_or_response_failure	unknown_not_negative
spon_ca_burst_3_hindbrain_to_tail_488_20ms__window_1_low_mad__sources_4__seed_3103	jepa_conditional_pixel_residual_frozen_handcrafted_stack	jepa_residual	spon_ca_burst_3_hindbrain_to_tail_488_20ms	spon_ca_burst_3_hindbrain_to_tail_488_20ms__window_1_low_mad	low_mad	3103	4	near_neighbor	2	ellipse	49	22	-0.8229867821255957	-0.2930745759986425	3258	4096	42	49	47	2.915011554331312	-3.737998336456908	4.287465211278942	-5.110451993404538	8.54400374531753	8.54400374531753	True	False	True	native_background_competition	unknown_not_negative
spon_ca_burst_3_hindbrain_to_tail_488_20ms__window_1_low_mad__sources_4__seed_3103	jepa_conditional_pixel_residual_frozen_handcrafted_stack	jepa_residual	spon_ca_burst_3_hindbrain_to_tail_488_20ms	spon_ca_burst_3_hindbrain_to_tail_488_20ms__window_1_low_mad	low_mad	3103	4	near_neighbor	3	crescent	9	13	1.325333265424498	1.6324010512509557	357	4096	14	49	1	2.915011554331312	-1.5896782889068142	4.287465211278942	-2.962131945854444	43.01162633521314	19.4164878389476	True	False	True	native_background_competition	unknown_not_negative
spon_ca_burst_3_hindbrain_to_tail_488_20ms__window_1_low_mad__sources_4__seed_3103	random_encoder_conditional_pixel_residual_frozen_handcrafted_stack	random_residual	spon_ca_burst_3_hindbrain_to_tail_488_20ms	spon_ca_burst_3_hindbrain_to_tail_488_20ms__window_1_low_mad	low_mad	3103	4	near_neighbor	0	ellipse	20	28	-0.678666559107962	0.01872507776922916	3176	4096	36	49	22	4.075803734399593	-4.754470293507556	4.538477956986916	-5.217144516094878	10.198039027185569	7.0710678118654755	True	False	True	native_background_competition	unknown_not_negative
spon_ca_burst_3_hindbrain_to_tail_488_20ms__window_1_low_mad__sources_4__seed_3103	random_encoder_conditional_pixel_residual_frozen_handcrafted_stack	random_residual	spon_ca_burst_3_hindbrain_to_tail_488_20ms	spon_ca_burst_3_hindbrain_to_tail_488_20ms__window_1_low_mad	low_mad	3103	4	near_neighbor	1	crescent	25	27	2.136505074659095	1.7742915789539377	191	4096	1	49	2	4.075803734399593	-1.9392986597404982	4.538477956986916	-2.401972882327821	11.40175425099138	7.211102550927978	True	False	True	native_background_competition	unknown_not_negative
spon_ca_burst_3_hindbrain_to_tail_488_20ms__window_1_low_mad__sources_4__seed_3103	random_encoder_conditional_pixel_residual_frozen_handcrafted_stack	random_residual	spon_ca_burst_3_hindbrain_to_tail_488_20ms	spon_ca_burst_3_hindbrain_to_tail_488_20ms__window_1_low_mad	low_mad	3103	4	near_neighbor	2	ellipse	49	22	0.6570932501088605	0.530320388911554	1160	4096	19	49	14	4.075803734399593	-3.4187104842907328	4.538477956986916	-3.8813847068780554	31.25699921617557	28.0178514522438	True	False	True	native_background_competition	unknown_not_negative
spon_ca_burst_3_hindbrain_to_tail_488_20ms__window_1_low_mad__sources_4__seed_3103	random_encoder_conditional_pixel_residual_frozen_handcrafted_stack	random_residual	spon_ca_burst_3_hindbrain_to_tail_488_20ms	spon_ca_burst_3_hindbrain_to_tail_488_20ms__window_1_low_mad	low_mad	3103	4	near_neighbor	3	crescent	9	13	0.9342738120436764	2.0631614409160406	829	4096	6	49	2	4.075803734399593	-3.1415299223559168	4.538477956986916	-3.6042041449432394	10.295630140987	10.295630140987	True	False	True	native_background_competition	unknown_not_negative
spon_ca_burst_3_hindbrain_to_tail_488_20ms__window_2_median_mad__sources_1__seed_3101	raw_frozen_handcrafted_stack	raw	spon_ca_burst_3_hindbrain_to_tail_488_20ms	spon_ca_burst_3_hindbrain_to_tail_488_20ms__window_2_median_mad	median_mad	3101	1	single	0	crescent	43	30	2.9642291006297974	1.7032383617125677	181	4096	18	49	11	6.053983339187889	-3.0897542385580916	15.724571407883293	-12.760342307253495	14.317821063276353	5.656854249492381	True	False	True	native_background_competition	unknown_not_negative
spon_ca_burst_3_hindbrain_to_tail_488_20ms__window_2_median_mad__sources_1__seed_3101	jepa_conditional_pixel_residual_frozen_handcrafted_stack	jepa_residual	spon_ca_burst_3_hindbrain_to_tail_488_20ms	spon_ca_burst_3_hindbrain_to_tail_488_20ms__window_2_median_mad	median_mad	3101	1	single	0	crescent	43	30	-1.345850961693617	-1.3736248089659306	3710	4096	47	49	49	3.4082419845977188	-4.754092946291336	4.895982013511332	-6.241832975204948	9.486832980505138	9.486832980505138	True	False	False	attenuation_or_response_failure	unknown_not_negative
spon_ca_burst_3_hindbrain_to_tail_488_20ms__window_2_median_mad__sources_1__seed_3101	random_encoder_conditional_pixel_residual_frozen_handcrafted_stack	random_residual	spon_ca_burst_3_hindbrain_to_tail_488_20ms	spon_ca_burst_3_hindbrain_to_tail_488_20ms__window_2_median_mad	median_mad	3101	1	single	0	crescent	43	30	2.1867077391367533	1.790452775033986	294	4096	22	49	3	6.200307953501296	-4.013600214364542	11.458509840712313	-9.27180210157556	14.317821063276353	5.656854249492381	True	False	True	native_background_competition	unknown_not_negative
spon_ca_burst_3_hindbrain_to_tail_488_20ms__window_2_median_mad__sources_1__seed_3102	raw_frozen_handcrafted_stack	raw	spon_ca_burst_3_hindbrain_to_tail_488_20ms	spon_ca_burst_3_hindbrain_to_tail_488_20ms__window_2_median_mad	median_mad	3102	1	single	0	ellipse	13	16	1.2097561186842933	1.4944340617792118	676	4096	4	49	5	6.054232690542932	-4.844476571858639	15.725831100596425	-14.516074981912132	45.35416188179427	38.47076812334269	True	False	True	native_background_competition	unknown_not_negative
spon_ca_burst_3_hindbrain_to_tail_488_20ms__window_2_median_mad__sources_1__seed_3102	jepa_conditional_pixel_residual_frozen_handcrafted_stack	jepa_residual	spon_ca_burst_3_hindbrain_to_tail_488_20ms	spon_ca_burst_3_hindbrain_to_tail_488_20ms__window_2_median_mad	median_mad	3102	1	single	0	ellipse	13	16	-1.5716766415372383	-0.8530377312702969	3836	4096	47	49	47	3.425626277941473	-4.997302919478711	4.873995297884443	-6.445671939421682	33.37663853655727	33.37663853655727	True	False	False	attenuation_or_response_failure	unknown_not_negative
spon_ca_burst_3_hindbrain_to_tail_488_20ms__window_2_median_mad__sources_1__seed_3102	random_encoder_conditional_pixel_residual_frozen_handcrafted_stack	random_residual	spon_ca_burst_3_hindbrain_to_tail_488_20ms	spon_ca_burst_3_hindbrain_to_tail_488_20ms__window_2_median_mad	median_mad	3102	1	single	0	ellipse	13	16	0.41312217819073305	1.0728883702128496	1436	4096	4	49	3	6.238532278407993	-5.82541010021726	11.472191059613545	-11.059068881422812	45.35416188179427	38.47076812334269	True	False	True	native_background_competition	unknown_not_negative
spon_ca_burst_3_hindbrain_to_tail_488_20ms__window_2_median_mad__sources_1__seed_3103	raw_frozen_handcrafted_stack	raw	spon_ca_burst_3_hindbrain_to_tail_488_20ms	spon_ca_burst_3_hindbrain_to_tail_488_20ms__window_2_median_mad	median_mad	3103	1	single	0	ellipse	9	16	0.9151823852505763	-0.006236841222355793	895	4096	2	49	37	6.054232690542932	-5.139050305292356	15.725831100596425	-14.810648715345849	49.24428900898052	42.04759208325728	True	False	True	native_background_competition	unknown_not_negative
spon_ca_burst_3_hindbrain_to_tail_488_20ms__window_2_median_mad__sources_1__seed_3103	jepa_conditional_pixel_residual_frozen_handcrafted_stack	jepa_residual	spon_ca_burst_3_hindbrain_to_tail_488_20ms	spon_ca_burst_3_hindbrain_to_tail_488_20ms__window_2_median_mad	median_mad	3103	1	single	0	ellipse	9	16	0.8269192467797587	-0.28075909571715163	909	4096	1	49	35	3.4183538093962245	-2.591434562616466	4.888728317977253	-4.061809071197494	37.33630940518894	37.33630940518894	True	False	False	attenuation_or_response_failure	unknown_not_negative
spon_ca_burst_3_hindbrain_to_tail_488_20ms__window_2_median_mad__sources_1__seed_3103	random_encoder_conditional_pixel_residual_frozen_handcrafted_stack	random_residual	spon_ca_burst_3_hindbrain_to_tail_488_20ms	spon_ca_burst_3_hindbrain_to_tail_488_20ms__window_2_median_mad	median_mad	3103	1	single	0	ellipse	9	16	0.6068277038363454	-0.4216260335160258	1209	4096	2	49	49	6.223698841875629	-5.616871138039284	11.493467229973742	-10.886639526137397	49.24428900898052	42.04759208325728	True	False	True	native_background_competition	unknown_not_negative
spon_ca_burst_3_hindbrain_to_tail_488_20ms__window_2_median_mad__sources_2__seed_3101	raw_frozen_handcrafted_stack	raw	spon_ca_burst_3_hindbrain_to_tail_488_20ms	spon_ca_burst_3_hindbrain_to_tail_488_20ms__window_2_median_mad	median_mad	3101	2	separated	0	ellipse	9	40	2.1494760381905835	2.276040212307435	326	4096	1	49	1	6.054232690542932	-3.9047566523523485	15.725831100596425	-13.576355062405842	49.72926703662542	38.47076812334269	True	False	True	native_background_competition	unknown_not_negative
spon_ca_burst_3_hindbrain_to_tail_488_20ms__window_2_median_mad__sources_2__seed_3101	raw_frozen_handcrafted_stack	raw	spon_ca_burst_3_hindbrain_to_tail_488_20ms	spon_ca_burst_3_hindbrain_to_tail_488_20ms__window_2_median_mad	median_mad	3101	2	separated	1	crescent	15	56	0.49312527291670066	1.0647380639832478	1337	4096	19	49	9	6.054232690542932	-5.561107417626231	15.725831100596425	-15.232705827679725	51.03920062069938	38.8329756778952	True	False	True	native_background_competition	unknown_not_negative
spon_ca_burst_3_hindbrain_to_tail_488_20ms__window_2_median_mad__sources_2__seed_3101	jepa_conditional_pixel_residual_frozen_handcrafted_stack	jepa_residual	spon_ca_burst_3_hindbrain_to_tail_488_20ms	spon_ca_burst_3_hindbrain_to_tail_488_20ms__window_2_median_mad	median_mad	3101	2	separated	0	ellipse	9	40	-1.0001609116881347	-0.23862919437169794	3463	4096	21	49	41	3.4234981221645406	-4.423659033852675	4.888205174270592	-5.888366085958727	41.593268686170845	39.35733730830886	True	False	True	native_background_competition	unknown_not_negative
spon_ca_burst_3_hindbrain_to_tail_488_20ms__window_2_median_mad__sources_2__seed_3101	jepa_conditional_pixel_residual_frozen_handcrafted_stack	jepa_residual	spon_ca_burst_3_hindbrain_to_tail_488_20ms	spon_ca_burst_3_hindbrain_to_tail_488_20ms__window_2_median_mad	median_mad	3101	2	separated	1	crescent	15	56	0.7126717602232145	-1.01831351032186	1009	4096	17	49	48	3.4234981221645406	-2.710826361941326	4.888205174270592	-4.175533414047377	46.75467891024384	29.068883707497267	True	False	False	attenuation_or_response_failure	unknown_not_negative
spon_ca_burst_3_hindbrain_to_tail_488_20ms__window_2_median_mad__sources_2__seed_3101	random_encoder_conditional_pixel_residual_frozen_handcrafted_stack	random_residual	spon_ca_burst_3_hindbrain_to_tail_488_20ms	spon_ca_burst_3_hindbrain_to_tail_488_20ms__window_2_median_mad	median_mad	3101	2	separated	0	ellipse	9	40	0.867593476338146	0.9513191638890668	958	4096	2	49	5	6.2481704776363065	-5.38057700129816	11.463244851849021	-10.595651375510876	49.72926703662542	38.47076812334269	True	False	True	native_background_competition	unknown_not_negative
spon_ca_burst_3_hindbrain_to_tail_488_20ms__window_2_median_mad__sources_2__seed_3101	random_encoder_conditional_pixel_residual_frozen_handcrafted_stack	random_residual	spon_ca_burst_3_hindbrain_to_tail_488_20ms	spon_ca_burst_3_hindbrain_to_tail_488_20ms__window_2_median_mad	median_mad	3101	2	separated	1	crescent	15	56	0.09565502744573502	0.35926762191477796	1899	4096	16	49	12	6.2481704776363065	-6.152515450190571	11.463244851849021	-11.367589824403286	51.03920062069938	38.8329756778952	True	False	True	native_background_competition	unknown_not_negative
spon_ca_burst_3_hindbrain_to_tail_488_20ms__window_2_median_mad__sources_2__seed_3102	raw_frozen_handcrafted_stack	raw	spon_ca_burst_3_hindbrain_to_tail_488_20ms	spon_ca_burst_3_hindbrain_to_tail_488_20ms__window_2_median_mad	median_mad	3102	2	overlap	0	crescent	13	22	2.673249906380127	3.4633198255532145	224	4096	3	49	3	6.054232690542932	-3.380982784162805	15.725831100596425	-13.052581194216298	44.28317965096906	36.05551275463989	True	False	False	attenuation_or_response_failure	unknown_not_negative
spon_ca_burst_3_hindbrain_to_tail_488_20ms__window_2_median_mad__sources_2__seed_3102	raw_frozen_handcrafted_stack	raw	spon_ca_burst_3_hindbrain_to_tail_488_20ms	spon_ca_burst_3_hindbrain_to_tail_488_20ms__window_2_median_mad	median_mad	3102	2	overlap	1	ellipse	14	24	2.9072936672562744	3.734592740480724	184	4096	1	49	1	6.054232690542932	-3.1469390232866576	15.725831100596425	-12.81853743334015	43.104524124504614	34.48187929913333	True	False	True	native_background_competition	unknown_not_negative
spon_ca_burst_3_hindbrain_to_tail_488_20ms__window_2_median_mad__sources_2__seed_3102	jepa_conditional_pixel_residual_frozen_handcrafted_stack	jepa_residual	spon_ca_burst_3_hindbrain_to_tail_488_20ms	spon_ca_burst_3_hindbrain_to_tail_488_20ms__window_2_median_mad	median_mad	3102	2	overlap	0	crescent	13	22	-1.425326834225129	-0.608379814865042	3742	4096	40	49	25	3.4149147051904545	-4.840241539415583	4.889755760156183	-6.3150825943813125	33.015148038438355	33.015148038438355	True	False	False	attenuation_or_response_failure	unknown_not_negative
spon_ca_burst_3_hindbrain_to_tail_488_20ms__window_2_median_mad__sources_2__seed_3102	jepa_conditional_pixel_residual_frozen_handcrafted_stack	jepa_residual	spon_ca_burst_3_hindbrain_to_tail_488_20ms	spon_ca_burst_3_hindbrain_to_tail_488_20ms__window_2_median_mad	median_mad	3102	2	overlap	1	ellipse	14	24	-2.230122361861645	-1.4971077747615704	4018	4096	49	49	46	3.4149147051904545	-5.645037067052099	4.889755760156183	-7.119878122017829	32.14031735997639	32.14031735997639	True	False	False	attenuation_or_response_failure	unknown_not_negative
spon_ca_burst_3_hindbrain_to_tail_488_20ms__window_2_median_mad__sources_2__seed_3102	random_encoder_conditional_pixel_residual_frozen_handcrafted_stack	random_residual	spon_ca_burst_3_hindbrain_to_tail_488_20ms	spon_ca_burst_3_hindbrain_to_tail_488_20ms__window_2_median_mad	median_mad	3102	2	overlap	0	crescent	13	22	1.6823834476675124	2.702242891832345	451	4096	1	49	2	6.225866043744664	-4.543482596077151	11.483681670935196	-9.801298223267684	44.28317965096906	36.05551275463989	True	False	True	native_background_competition	unknown_not_negative
spon_ca_burst_3_hindbrain_to_tail_488_20ms__window_2_median_mad__sources_2__seed_3102	random_encoder_conditional_pixel_residual_frozen_handcrafted_stack	random_residual	spon_ca_burst_3_hindbrain_to_tail_488_20ms	spon_ca_burst_3_hindbrain_to_tail_488_20ms__window_2_median_mad	median_mad	3102	2	overlap	1	ellipse	14	24	1.4967814567172253	2.5179999477077266	547	4096	4	49	4	6.225866043744664	-4.7290845870274385	11.483681670935196	-9.986900214217972	43.104524124504614	34.48187929913333	True	False	False	attenuation_or_response_failure	unknown_not_negative
spon_ca_burst_3_hindbrain_to_tail_488_20ms__window_2_median_mad__sources_2__seed_3103	raw_frozen_handcrafted_stack	raw	spon_ca_burst_3_hindbrain_to_tail_488_20ms	spon_ca_burst_3_hindbrain_to_tail_488_20ms__window_2_median_mad	median_mad	3103	2	near_neighbor	0	ellipse	19	25	1.5599227397467432	2.1843314555387874	499	4096	5	49	2	6.054232690542932	-4.494309950796189	15.725831100596425	-14.16590836084968	38.05259518088089	29.410882339705484	True	False	True	native_background_competition	unknown_not_negative
spon_ca_burst_3_hindbrain_to_tail_488_20ms__window_2_median_mad__sources_2__seed_3103	raw_frozen_handcrafted_stack	raw	spon_ca_burst_3_hindbrain_to_tail_488_20ms	spon_ca_burst_3_hindbrain_to_tail_488_20ms__window_2_median_mad	median_mad	3103	2	near_neighbor	1	crescent	11	25	0.8997152065576385	0.6860319058519818	915	4096	6	49	16	6.054232690542932	-5.154517483985294	15.725831100596425	-14.826115894038786	46.04345773288535	37.107950630558946	True	False	True	native_background_competition	unknown_not_negative
spon_ca_burst_3_hindbrain_to_tail_488_20ms__window_2_median_mad__sources_2__seed_3103	jepa_conditional_pixel_residual_frozen_handcrafted_stack	jepa_residual	spon_ca_burst_3_hindbrain_to_tail_488_20ms	spon_ca_burst_3_hindbrain_to_tail_488_20ms__window_2_median_mad	median_mad	3103	2	near_neighbor	0	ellipse	19	25	-1.6048339835058827	-1.1997265544849793	3847	4096	42	49	49	3.40923524390011	-5.014069227405993	4.8794402557559025	-6.484274239261785	27.294688127912362	27.294688127912362	True	False	False	attenuation_or_response_failure	unknown_not_negative
spon_ca_burst_3_hindbrain_to_tail_488_20ms__window_2_median_mad__sources_2__seed_3103	jepa_conditional_pixel_residual_frozen_handcrafted_stack	jepa_residual	spon_ca_burst_3_hindbrain_to_tail_488_20ms	spon_ca_burst_3_hindbrain_to_tail_488_20ms__window_2_median_mad	median_mad	3103	2	near_neighbor	1	crescent	11	25	-0.8349469494976235	-1.2611885356914747	3244	4096	19	49	43	3.40923524390011	-4.244182193397734	4.8794402557559025	-5.714387205253526	35.22782990761707	35.22782990761707	True	False	False	attenuation_or_response_failure	unknown_not_negative
spon_ca_burst_3_hindbrain_to_tail_488_20ms__window_2_median_mad__sources_2__seed_3103	random_encoder_conditional_pixel_residual_frozen_handcrafted_stack	random_residual	spon_ca_burst_3_hindbrain_to_tail_488_20ms	spon_ca_burst_3_hindbrain_to_tail_488_20ms__window_2_median_mad	median_mad	3103	2	near_neighbor	0	ellipse	19	25	0.4594353884192945	1.5204951061828607	1384	4096	3	49	1	6.2417854316123345	-5.78235004319304	11.478912425931604	-11.01947703751231	38.05259518088089	29.410882339705484	True	False	True	native_background_competition	unknown_not_negative
spon_ca_burst_3_hindbrain_to_tail_488_20ms__window_2_median_mad__sources_2__seed_3103	random_encoder_conditional_pixel_residual_frozen_handcrafted_stack	random_residual	spon_ca_burst_3_hindbrain_to_tail_488_20ms	spon_ca_burst_3_hindbrain_to_tail_488_20ms__window_2_median_mad	median_mad	3103	2	near_neighbor	1	crescent	11	25	0.16899789703001727	-0.35723799765646774	1774	4096	8	49	40	6.2417854316123345	-6.072787534582317	11.478912425931604	-11.309914528901587	46.04345773288535	37.107950630558946	True	False	True	native_background_competition	unknown_not_negative
spon_ca_burst_3_hindbrain_to_tail_488_20ms__window_2_median_mad__sources_4__seed_3101	raw_frozen_handcrafted_stack	raw	spon_ca_burst_3_hindbrain_to_tail_488_20ms	spon_ca_burst_3_hindbrain_to_tail_488_20ms__window_2_median_mad	median_mad	3101	4	separated	0	crescent	48	15	0.7748661295954247	0.6788053291831556	1030	4096	16	49	7	6.030053846628435	-5.25518771703301	15.725600930114846	-14.95073480051942	15.0	8.06225774829855	True	False	True	native_background_competition	unknown_not_negative
spon_ca_burst_3_hindbrain_to_tail_488_20ms__window_2_median_mad__sources_4__seed_3101	raw_frozen_handcrafted_stack	raw	spon_ca_burst_3_hindbrain_to_tail_488_20ms	spon_ca_burst_3_hindbrain_to_tail_488_20ms__window_2_median_mad	median_mad	3101	4	separated	1	ellipse	13	47	1.5176337498717851	0.5939204799686566	523	4096	2	49	4	6.030053846628435	-4.5124200967566495	15.725600930114846	-14.20796718024306	48.33218389437829	36.40054944640259	True	False	True	native_background_competition	unknown_not_negative
spon_ca_burst_3_hindbrain_to_tail_488_20ms__window_2_median_mad__sources_4__seed_3101	raw_frozen_handcrafted_stack	raw	spon_ca_burst_3_hindbrain_to_tail_488_20ms	spon_ca_burst_3_hindbrain_to_tail_488_20ms__window_2_median_mad	median_mad	3101	4	separated	2	crescent	29	30	2.5309394028656347	3.1329394700479223	246	4096	2	49	1	6.030053846628435	-3.4991144437628	15.725600930114846	-13.194661527249211	28.160255680657446	18.439088914585774	True	False	True	native_background_competition	unknown_not_negative
spon_ca_burst_3_hindbrain_to_tail_488_20ms__window_2_median_mad__sources_4__seed_3101	raw_frozen_handcrafted_stack	raw	spon_ca_burst_3_hindbrain_to_tail_488_20ms	spon_ca_burst_3_hindbrain_to_tail_488_20ms__window_2_median_mad	median_mad	3101	4	separated	3	ellipse	37	12	-0.1199980699570371	1.326576402763282	2219	4096	30	49	7	6.030053846628435	-6.150051916585472	15.725600930114846	-15.845599000071882	25.0	19.313207915827967	True	False	True	native_background_competition	unknown_not_negative
spon_ca_burst_3_hindbrain_to_tail_488_20ms__window_2_median_mad__sources_4__seed_3101	jepa_conditional_pixel_residual_frozen_handcrafted_stack	jepa_residual	spon_ca_burst_3_hindbrain_to_tail_488_20ms	spon_ca_burst_3_hindbrain_to_tail_488_20ms__window_2_median_mad	median_mad	3101	4	separated	0	crescent	48	15	-1.6409794084335967	-0.196756388556111	3863	4096	33	49	28	3.4198178582739893	-5.060797266707586	4.839557912461319	-6.480537320894916	6.324555320336759	6.324555320336759	True	False	False	attenuation_or_response_failure	unknown_not_negative
spon_ca_burst_3_hindbrain_to_tail_488_20ms__window_2_median_mad__sources_4__seed_3101	jepa_conditional_pixel_residual_frozen_handcrafted_stack	jepa_residual	spon_ca_burst_3_hindbrain_to_tail_488_20ms	spon_ca_burst_3_hindbrain_to_tail_488_20ms__window_2_median_mad	median_mad	3101	4	separated	1	ellipse	13	47	-0.5415317003162271	-0.3274501486769402	2912	4096	26	49	48	3.4198178582739893	-3.9613495585902165	4.839557912461319	-5.381089612777546	42.01190307520001	32.89376840679705	True	False	True	native_background_competition	unknown_not_negative
spon_ca_burst_3_hindbrain_to_tail_488_20ms__window_2_median_mad__sources_4__seed_3101	jepa_conditional_pixel_residual_frozen_handcrafted_stack	jepa_residual	spon_ca_burst_3_hindbrain_to_tail_488_20ms	spon_ca_burst_3_hindbrain_to_tail_488_20ms__window_2_median_mad	median_mad	3101	4	separated	2	crescent	29	30	-1.1883567302507994	-0.6884544338352075	3589	4096	40	49	43	3.4198178582739893	-4.608174588524789	4.839557912461319	-6.027914642712118	19.235384061671343	19.235384061671343	True	False	False	attenuation_or_response_failure	unknown_not_negative
spon_ca_burst_3_hindbrain_to_tail_488_20ms__window_2_median_mad__sources_4__seed_3101	jepa_conditional_pixel_residual_frozen_handcrafted_stack	jepa_residual	spon_ca_burst_3_hindbrain_to_tail_488_20ms	spon_ca_burst_3_hindbrain_to_tail_488_20ms__window_2_median_mad	median_mad	3101	4	separated	3	ellipse	37	12	-1.1741098127960174	-0.5501847991688901	3580	4096	40	49	46	3.4198178582739893	-4.5939276710700065	4.839557912461319	-6.013667725257337	12.727922061357855	12.727922061357855	True	False	False	attenuation_or_response_failure	unknown_not_negative
spon_ca_burst_3_hindbrain_to_tail_488_20ms__window_2_median_mad__sources_4__seed_3101	random_encoder_conditional_pixel_residual_frozen_handcrafted_stack	random_residual	spon_ca_burst_3_hindbrain_to_tail_488_20ms	spon_ca_burst_3_hindbrain_to_tail_488_20ms__window_2_median_mad	median_mad	3101	4	separated	0	crescent	48	15	-0.19876937083169863	-0.8265081213833064	2369	4096	38	49	44	6.262570843800828	-6.461340214632526	11.43965188408182	-11.638421254913519	15.0	11.180339887498949	True	False	True	native_background_competition	unknown_not_negative
spon_ca_burst_3_hindbrain_to_tail_488_20ms__window_2_median_mad__sources_4__seed_3101	random_encoder_conditional_pixel_residual_frozen_handcrafted_stack	random_residual	spon_ca_burst_3_hindbrain_to_tail_488_20ms	spon_ca_burst_3_hindbrain_to_tail_488_20ms__window_2_median_mad	median_mad	3101	4	separated	1	ellipse	13	47	0.9476057495588136	0.23429892962193954	891	4096	4	49	7	6.262570843800828	-5.314965094242014	11.43965188408182	-10.492046134523006	48.33218389437829	36.40054944640259	True	False	True	native_background_competition	unknown_not_negative
spon_ca_burst_3_hindbrain_to_tail_488_20ms__window_2_median_mad__sources_4__seed_3101	random_encoder_conditional_pixel_residual_frozen_handcrafted_stack	random_residual	spon_ca_burst_3_hindbrain_to_tail_488_20ms	spon_ca_burst_3_hindbrain_to_tail_488_20ms__window_2_median_mad	median_mad	3101	4	separated	2	crescent	29	30	1.4531186360070438	2.086903489961652	544	4096	5	49	1	6.262570843800828	-4.809452207793784	11.43965188408182	-9.986533248074776	28.160255680657446	18.439088914585774	True	False	True	native_background_competition	unknown_not_negative
spon_ca_burst_3_hindbrain_to_tail_488_20ms__window_2_median_mad__sources_4__seed_3101	random_encoder_conditional_pixel_residual_frozen_handcrafted_stack	random_residual	spon_ca_burst_3_hindbrain_to_tail_488_20ms	spon_ca_burst_3_hindbrain_to_tail_488_20ms__window_2_median_mad	median_mad	3101	4	separated	3	ellipse	37	12	-0.020985159917125105	-0.8742978700427019	2072	4096	41	49	48	6.262570843800828	-6.283556003717953	11.43965188408182	-11.460637043998945	25.0	22.47220505424423	True	False	True	native_background_competition	unknown_not_negative
spon_ca_burst_3_hindbrain_to_tail_488_20ms__window_2_median_mad__sources_4__seed_3102	raw_frozen_handcrafted_stack	raw	spon_ca_burst_3_hindbrain_to_tail_488_20ms	spon_ca_burst_3_hindbrain_to_tail_488_20ms__window_2_median_mad	median_mad	3102	4	overlap	0	ellipse	27	40	3.2156225416466326	3.4068266608623263	145	4096	4	49	2	6.217994949082563	-3.00237240743593	15.71469905691763	-12.499076515270996	32.69556544854363	20.8806130178211	True	False	True	native_background_competition	unknown_not_negative
spon_ca_burst_3_hindbrain_to_tail_488_20ms__window_2_median_mad__sources_4__seed_3102	raw_frozen_handcrafted_stack	raw	spon_ca_burst_3_hindbrain_to_tail_488_20ms	spon_ca_burst_3_hindbrain_to_tail_488_20ms__window_2_median_mad	median_mad	3102	4	overlap	1	crescent	28	38	3.001779631512051	3.106282988570633	171	4096	7	49	3	6.217994949082563	-3.2162153175705117	15.71469905691763	-12.712919425405579	31.016124838541646	19.4164878389476	True	False	False	attenuation_or_response_failure	unknown_not_negative
spon_ca_burst_3_hindbrain_to_tail_488_20ms__window_2_median_mad__sources_4__seed_3102	raw_frozen_handcrafted_stack	raw	spon_ca_burst_3_hindbrain_to_tail_488_20ms	spon_ca_burst_3_hindbrain_to_tail_488_20ms__window_2_median_mad	median_mad	3102	4	overlap	2	ellipse	55	18	5.978436025876387	0.8423166710496197	31	4096	3	49	3	6.217994949082563	-0.2395589232061761	15.71469905691763	-9.736263031041243	9.219544457292887	1.0	False	True	True	recovered_source_on	unknown_not_negative
spon_ca_burst_3_hindbrain_to_tail_488_20ms__window_2_median_mad__sources_4__seed_3102	raw_frozen_handcrafted_stack	raw	spon_ca_burst_3_hindbrain_to_tail_488_20ms	spon_ca_burst_3_hindbrain_to_tail_488_20ms__window_2_median_mad	median_mad	3102	4	overlap	3	crescent	8	53	2.476202326658367	2.2134615169849843	263	4096	1	49	1	6.217994949082563	-3.741792622424196	15.71469905691763	-13.238496730259262	55.47071299343465	43.382023926967726	True	False	True	native_background_competition	unknown_not_negative
spon_ca_burst_3_hindbrain_to_tail_488_20ms__window_2_median_mad__sources_4__seed_3102	jepa_conditional_pixel_residual_frozen_handcrafted_stack	jepa_residual	spon_ca_burst_3_hindbrain_to_tail_488_20ms	spon_ca_burst_3_hindbrain_to_tail_488_20ms__window_2_median_mad	median_mad	3102	4	overlap	0	ellipse	27	40	-1.3581813719250004	-0.6850050722067036	3692	4096	33	49	29	3.411828037708846	-4.770009409633847	4.932087020770605	-6.290268392695605	26.870057685088806	24.758836806279895	True	False	False	attenuation_or_response_failure	unknown_not_negative
spon_ca_burst_3_hindbrain_to_tail_488_20ms__window_2_median_mad__sources_4__seed_3102	jepa_conditional_pixel_residual_frozen_handcrafted_stack	jepa_residual	spon_ca_burst_3_hindbrain_to_tail_488_20ms	spon_ca_burst_3_hindbrain_to_tail_488_20ms__window_2_median_mad	median_mad	3102	4	overlap	1	crescent	28	38	-1.5040785055888686	-1.0957241371156372	3786	4096	41	49	43	3.411828037708846	-4.915906543297715	4.932087020770605	-6.436165526359473	24.758836806279895	24.758836806279895	True	False	False	attenuation_or_response_failure	unknown_not_negative
spon_ca_burst_3_hindbrain_to_tail_488_20ms__window_2_median_mad__sources_4__seed_3102	jepa_conditional_pixel_residual_frozen_handcrafted_stack	jepa_residual	spon_ca_burst_3_hindbrain_to_tail_488_20ms	spon_ca_burst_3_hindbrain_to_tail_488_20ms__window_2_median_mad	median_mad	3102	4	overlap	2	ellipse	55	18	1.0862855313134658	0.3471581466337913	683	4096	15	49	1	3.411828037708846	-2.3255425063953803	4.932087020770605	-3.845801489457139	9.486832980505138	9.219544457292887	True	False	True	native_background_competition	unknown_not_negative
spon_ca_burst_3_hindbrain_to_tail_488_20ms__window_2_median_mad__sources_4__seed_3102	jepa_conditional_pixel_residual_frozen_handcrafted_stack	jepa_residual	spon_ca_burst_3_hindbrain_to_tail_488_20ms	spon_ca_burst_3_hindbrain_to_tail_488_20ms__window_2_median_mad	median_mad	3102	4	overlap	3	crescent	8	53	-0.5140938301248676	-1.4741360296978336	2867	4096	34	49	48	3.411828037708846	-3.925921867833714	4.932087020770605	-5.446180850895472	49.678969393496885	36.345563690772494	True	False	False	attenuation_or_response_failure	unknown_not_negative
spon_ca_burst_3_hindbrain_to_tail_488_20ms__window_2_median_mad__sources_4__seed_3102	random_encoder_conditional_pixel_residual_frozen_handcrafted_stack	random_residual	spon_ca_burst_3_hindbrain_to_tail_488_20ms	spon_ca_burst_3_hindbrain_to_tail_488_20ms__window_2_median_mad	median_mad	3102	4	overlap	0	ellipse	27	40	1.1452393315802267	1.2414624859060028	754	4096	7	49	4	6.192661001978564	-5.047421670398338	11.48482996048922	-10.339590628908994	32.69556544854363	20.8806130178211	True	False	False	attenuation_or_response_failure	unknown_not_negative
spon_ca_burst_3_hindbrain_to_tail_488_20ms__window_2_median_mad__sources_4__seed_3102	random_encoder_conditional_pixel_residual_frozen_handcrafted_stack	random_residual	spon_ca_burst_3_hindbrain_to_tail_488_20ms	spon_ca_burst_3_hindbrain_to_tail_488_20ms__window_2_median_mad	median_mad	3102	4	overlap	1	crescent	28	38	2.0376496915405355	1.928438025041216	317	4096	1	49	1	6.192661001978564	-4.155011310438029	11.48482996048922	-9.447180268948685	31.016124838541646	19.4164878389476	True	False	True	native_background_competition	unknown_not_negative
spon_ca_burst_3_hindbrain_to_tail_488_20ms__window_2_median_mad__sources_4__seed_3102	random_encoder_conditional_pixel_residual_frozen_handcrafted_stack	random_residual	spon_ca_burst_3_hindbrain_to_tail_488_20ms	spon_ca_burst_3_hindbrain_to_tail_488_20ms__window_2_median_mad	median_mad	3102	4	overlap	2	ellipse	55	18	4.482031524789277	0.5257081993748165	49	4096	10	49	5	6.192661001978564	-1.7106294771892872	11.48482996048922	-7.002798435699943	9.219544457292887	3.605551275463989	True	False	True	native_background_competition	unknown_not_negative
spon_ca_burst_3_hindbrain_to_tail_488_20ms__window_2_median_mad__sources_4__seed_3102	random_encoder_conditional_pixel_residual_frozen_handcrafted_stack	random_residual	spon_ca_burst_3_hindbrain_to_tail_488_20ms	spon_ca_burst_3_hindbrain_to_tail_488_20ms__window_2_median_mad	median_mad	3102	4	overlap	3	crescent	8	53	1.448074901123226	0.9069070081267312	561	4096	4	49	1	6.192661001978564	-4.744586100855338	11.48482996048922	-10.036755059365994	55.47071299343465	43.382023926967726	True	False	True	native_background_competition	unknown_not_negative
spon_ca_burst_3_hindbrain_to_tail_488_20ms__window_2_median_mad__sources_4__seed_3103	raw_frozen_handcrafted_stack	raw	spon_ca_burst_3_hindbrain_to_tail_488_20ms	spon_ca_burst_3_hindbrain_to_tail_488_20ms__window_2_median_mad	median_mad	3103	4	near_neighbor	0	ellipse	21	31	1.8361939547869328	2.622600647685516	418	4096	5	49	2	6.054232690542932	-4.218038735755999	15.725831100596425	-13.889637145809491	36.22154055254967	26.1725046566048	True	False	True	native_background_competition	unknown_not_negative
spon_ca_burst_3_hindbrain_to_tail_488_20ms__window_2_median_mad__sources_4__seed_3103	raw_frozen_handcrafted_stack	raw	spon_ca_burst_3_hindbrain_to_tail_488_20ms	spon_ca_burst_3_hindbrain_to_tail_488_20ms__window_2_median_mad	median_mad	3103	4	near_neighbor	1	crescent	25	37	2.5348281407979574	2.89347320902003	245	4096	2	49	2	6.054232690542932	-3.5194045497449746	15.725831100596425	-13.191002959798467	33.52610922848042	22.20360331117452	True	False	True	native_background_competition	unknown_not_negative
spon_ca_burst_3_hindbrain_to_tail_488_20ms__window_2_median_mad__sources_4__seed_3103	raw_frozen_handcrafted_stack	raw	spon_ca_burst_3_hindbrain_to_tail_488_20ms	spon_ca_burst_3_hindbrain_to_tail_488_20ms__window_2_median_mad	median_mad	3103	4	near_neighbor	2	ellipse	30	16	0.15566239811290122	0.8398906722176631	1818	4096	23	49	10	6.054232690542932	-5.898570292430031	15.725831100596425	-15.570168702483524	29.154759474226502	24.758836806279895	True	False	True	native_background_competition	unknown_not_negative
spon_ca_burst_3_hindbrain_to_tail_488_20ms__window_2_median_mad__sources_4__seed_3103	raw_frozen_handcrafted_stack	raw	spon_ca_burst_3_hindbrain_to_tail_488_20ms	spon_ca_burst_3_hindbrain_to_tail_488_20ms__window_2_median_mad	median_mad	3103	4	near_neighbor	3	crescent	19	10	1.8158426108537664	1.5569450560740088	426	4096	1	49	3	6.054232690542932	-4.238390079689165	15.725831100596425	-13.90998848974266	41.6293165929973	36.87817782917155	True	False	True	native_background_competition	unknown_not_negative
spon_ca_burst_3_hindbrain_to_tail_488_20ms__window_2_median_mad__sources_4__seed_3103	jepa_conditional_pixel_residual_frozen_handcrafted_stack	jepa_residual	spon_ca_burst_3_hindbrain_to_tail_488_20ms	spon_ca_burst_3_hindbrain_to_tail_488_20ms__window_2_median_mad	median_mad	3103	4	near_neighbor	0	ellipse	21	31	-1.129817917536826	-0.9176446083437891	3553	4096	40	49	43	3.4066860256707163	-4.536503943207542	4.943166264607998	-6.0729841821448245	26.92582403567252	26.92582403567252	True	False	False	attenuation_or_response_failure	unknown_not_negative
spon_ca_burst_3_hindbrain_to_tail_488_20ms__window_2_median_mad__sources_4__seed_3103	jepa_conditional_pixel_residual_frozen_handcrafted_stack	jepa_residual	spon_ca_burst_3_hindbrain_to_tail_488_20ms	spon_ca_burst_3_hindbrain_to_tail_488_20ms__window_2_median_mad	median_mad	3103	4	near_neighbor	1	crescent	25	37	-1.2095169540083512	-1.3139751175444525	3598	4096	34	49	49	3.4066860256707163	-4.616202979679068	4.943166264607998	-6.15268321861635	26.40075756488817	26.40075756488817	True	False	False	attenuation_or_response_failure	unknown_not_negative
spon_ca_burst_3_hindbrain_to_tail_488_20ms__window_2_median_mad__sources_4__seed_3103	jepa_conditional_pixel_residual_frozen_handcrafted_stack	jepa_residual	spon_ca_burst_3_hindbrain_to_tail_488_20ms	spon_ca_burst_3_hindbrain_to_tail_488_20ms__window_2_median_mad	median_mad	3103	4	near_neighbor	2	ellipse	30	16	-1.7167832636900877	-1.1011072637817032	3872	4096	41	49	45	3.4066860256707163	-5.123469289360804	4.943166264607998	-6.659949528298086	16.76305461424021	16.76305461424021	True	False	False	attenuation_or_response_failure	unknown_not_negative
spon_ca_burst_3_hindbrain_to_tail_488_20ms__window_2_median_mad__sources_4__seed_3103	jepa_conditional_pixel_residual_frozen_handcrafted_stack	jepa_residual	spon_ca_burst_3_hindbrain_to_tail_488_20ms	spon_ca_burst_3_hindbrain_to_tail_488_20ms__window_2_median_mad	median_mad	3103	4	near_neighbor	3	crescent	19	10	-0.6774918217115957	-1.0512939059405213	3082	4096	44	49	49	3.4066860256707163	-4.084177847382312	4.943166264607998	-5.620658086319594	29.154759474226502	29.154759474226502	True	False	False	attenuation_or_response_failure	unknown_not_negative
spon_ca_burst_3_hindbrain_to_tail_488_20ms__window_2_median_mad__sources_4__seed_3103	random_encoder_conditional_pixel_residual_frozen_handcrafted_stack	random_residual	spon_ca_burst_3_hindbrain_to_tail_488_20ms	spon_ca_burst_3_hindbrain_to_tail_488_20ms__window_2_median_mad	median_mad	3103	4	near_neighbor	0	ellipse	21	31	0.4517072708076857	1.5620394031865834	1391	4096	12	49	2	6.2456947478455564	-5.793987477037871	11.456862968342595	-11.005155697534908	36.22154055254967	26.1725046566048	True	False	True	native_background_competition	unknown_not_negative
spon_ca_burst_3_hindbrain_to_tail_488_20ms__window_2_median_mad__sources_4__seed_3103	random_encoder_conditional_pixel_residual_frozen_handcrafted_stack	random_residual	spon_ca_burst_3_hindbrain_to_tail_488_20ms	spon_ca_burst_3_hindbrain_to_tail_488_20ms__window_2_median_mad	median_mad	3103	4	near_neighbor	1	crescent	25	37	1.445151432003069	0.4336115939310321	555	4096	1	49	8	6.2456947478455564	-4.8005433158424875	11.456862968342595	-10.011711536339526	33.52610922848042	22.20360331117452	True	False	True	native_background_competition	unknown_not_negative
spon_ca_burst_3_hindbrain_to_tail_488_20ms__window_2_median_mad__sources_4__seed_3103	random_encoder_conditional_pixel_residual_frozen_handcrafted_stack	random_residual	spon_ca_burst_3_hindbrain_to_tail_488_20ms	spon_ca_burst_3_hindbrain_to_tail_488_20ms__window_2_median_mad	median_mad	3103	4	near_neighbor	2	ellipse	30	16	-0.701333429904551	0.16354918516096595	3231	4096	37	49	18	6.2456947478455564	-6.9470281777501075	11.456862968342595	-12.158196398247146	29.154759474226502	24.758836806279895	True	False	True	native_background_competition	unknown_not_negative
spon_ca_burst_3_hindbrain_to_tail_488_20ms__window_2_median_mad__sources_4__seed_3103	random_encoder_conditional_pixel_residual_frozen_handcrafted_stack	random_residual	spon_ca_burst_3_hindbrain_to_tail_488_20ms	spon_ca_burst_3_hindbrain_to_tail_488_20ms__window_2_median_mad	median_mad	3103	4	near_neighbor	3	crescent	19	10	0.9658613689621002	0.9129482215402533	883	4096	2	49	5	6.2456947478455564	-5.279833378883456	11.456862968342595	-10.491001599380494	41.6293165929973	36.87817782917155	True	False	True	native_background_competition	unknown_not_negative
spon_ca_burst_3_hindbrain_to_tail_488_20ms__window_3_high_mad__sources_1__seed_3101	raw_frozen_handcrafted_stack	raw	spon_ca_burst_3_hindbrain_to_tail_488_20ms	spon_ca_burst_3_hindbrain_to_tail_488_20ms__window_3_high_mad	high_mad	3101	1	single	0	crescent	37	22	1.6548741325696958	-0.30552729514324595	605	4096	22	49	49	6.721588364707853	-5.066714232138157	14.786147340437562	-13.131273207867867	10.198039027185569	6.082762530298219	True	False	True	native_background_competition	unknown_not_negative
spon_ca_burst_3_hindbrain_to_tail_488_20ms__window_3_high_mad__sources_1__seed_3101	jepa_conditional_pixel_residual_frozen_handcrafted_stack	jepa_residual	spon_ca_burst_3_hindbrain_to_tail_488_20ms	spon_ca_burst_3_hindbrain_to_tail_488_20ms__window_3_high_mad	high_mad	3101	1	single	0	crescent	37	22	0.42758899713840526	-1.0386392707721728	1437	4096	35	49	49	7.131460265325374	-6.703871268186969	12.272359421827195	-11.84477042468879	10.198039027185569	4.242640687119285	True	False	False	attenuation_or_response_failure	unknown_not_negative
spon_ca_burst_3_hindbrain_to_tail_488_20ms__window_3_high_mad__sources_1__seed_3101	random_encoder_conditional_pixel_residual_frozen_handcrafted_stack	random_residual	spon_ca_burst_3_hindbrain_to_tail_488_20ms	spon_ca_burst_3_hindbrain_to_tail_488_20ms__window_3_high_mad	high_mad	3101	1	single	0	crescent	37	22	1.4587090000685627	-0.23480506912448185	640	4096	21	49	48	6.361408126583135	-4.902699126514572	12.961339011227382	-11.50263001115882	10.198039027185569	6.082762530298219	True	False	True	native_background_competition	unknown_not_negative
spon_ca_burst_3_hindbrain_to_tail_488_20ms__window_3_high_mad__sources_1__seed_3102	raw_frozen_handcrafted_stack	raw	spon_ca_burst_3_hindbrain_to_tail_488_20ms	spon_ca_burst_3_hindbrain_to_tail_488_20ms__window_3_high_mad	high_mad	3102	1	single	0	crescent	15	20	1.999558630060394	-1.9275578446847956	472	4096	19	49	47	6.761507259300654	-4.76194862924026	14.801871170226441	-12.802312540166048	12.649110640673518	5.0	True	False	False	attenuation_or_response_failure	unknown_not_negative
spon_ca_burst_3_hindbrain_to_tail_488_20ms__window_3_high_mad__sources_1__seed_3102	jepa_conditional_pixel_residual_frozen_handcrafted_stack	jepa_residual	spon_ca_burst_3_hindbrain_to_tail_488_20ms	spon_ca_burst_3_hindbrain_to_tail_488_20ms__window_3_high_mad	high_mad	3102	1	single	0	crescent	15	20	1.0812399855502504	-1.7470503001758622	864	4096	27	49	47	7.232292704587578	-6.151052719037327	12.286295483325635	-11.205055497775383	12.649110640673518	12.649110640673518	True	False	False	attenuation_or_response_failure	unknown_not_negative
spon_ca_burst_3_hindbrain_to_tail_488_20ms__window_3_high_mad__sources_1__seed_3102	random_encoder_conditional_pixel_residual_frozen_handcrafted_stack	random_residual	spon_ca_burst_3_hindbrain_to_tail_488_20ms	spon_ca_burst_3_hindbrain_to_tail_488_20ms__window_3_high_mad	high_mad	3102	1	single	0	crescent	15	20	2.121463103272899	-1.4259909431401923	376	4096	13	49	46	6.400666007101182	-4.279202903828283	12.964801775532456	-10.843338672259556	12.649110640673518	5.0	True	False	False	attenuation_or_response_failure	unknown_not_negative
spon_ca_burst_3_hindbrain_to_tail_488_20ms__window_3_high_mad__sources_1__seed_3103	raw_frozen_handcrafted_stack	raw	spon_ca_burst_3_hindbrain_to_tail_488_20ms	spon_ca_burst_3_hindbrain_to_tail_488_20ms__window_3_high_mad	high_mad	3103	1	single	0	ellipse	19	24	-0.7651721995233235	-1.6493164301749346	3418	4096	45	49	43	6.822461279056882	-7.587633478580206	14.889832213321325	-15.655004412844649	8.0	7.0	True	False	False	attenuation_or_response_failure	unknown_not_negative
spon_ca_burst_3_hindbrain_to_tail_488_20ms__window_3_high_mad__sources_1__seed_3103	jepa_conditional_pixel_residual_frozen_handcrafted_stack	jepa_residual	spon_ca_burst_3_hindbrain_to_tail_488_20ms	spon_ca_burst_3_hindbrain_to_tail_488_20ms__window_3_high_mad	high_mad	3103	1	single	0	ellipse	19	24	0.6737333521426799	-1.5221209156158775	1173	4096	34	49	48	7.264539684422991	-6.590806332280311	12.339502719963106	-11.665769367820426	8.0	8.0	True	False	False	attenuation_or_response_failure	unknown_not_negative
spon_ca_burst_3_hindbrain_to_tail_488_20ms__window_3_high_mad__sources_1__seed_3103	random_encoder_conditional_pixel_residual_frozen_handcrafted_stack	random_residual	spon_ca_burst_3_hindbrain_to_tail_488_20ms	spon_ca_burst_3_hindbrain_to_tail_488_20ms__window_3_high_mad	high_mad	3103	1	single	0	ellipse	19	24	-0.7179361231738081	-1.480829938073482	3336	4096	46	49	46	6.448048187327297	-7.165984310501105	13.05477912941706	-13.772715252590869	8.0	7.0	True	False	False	attenuation_or_response_failure	unknown_not_negative
spon_ca_burst_3_hindbrain_to_tail_488_20ms__window_3_high_mad__sources_2__seed_3101	raw_frozen_handcrafted_stack	raw	spon_ca_burst_3_hindbrain_to_tail_488_20ms	spon_ca_burst_3_hindbrain_to_tail_488_20ms__window_3_high_mad	high_mad	3101	2	separated	0	ellipse	30	42	0.3204776722958583	-0.9939375079110273	1599	4096	29	49	49	6.721588364707853	-6.4011106924119945	14.79119027425153	-14.470712601955672	18.24828759089466	18.24828759089466	True	False	True	native_background_competition	unknown_not_negative
spon_ca_burst_3_hindbrain_to_tail_488_20ms__window_3_high_mad__sources_2__seed_3101	raw_frozen_handcrafted_stack	raw	spon_ca_burst_3_hindbrain_to_tail_488_20ms	spon_ca_burst_3_hindbrain_to_tail_488_20ms__window_3_high_mad	high_mad	3101	2	separated	1	crescent	42	57	-0.5427840418335718	0.20710255881175188	3038	4096	24	49	5	6.721588364707853	-7.264372406541424	14.79119027425153	-15.333974316085103	36.24913792078372	19.209372712298546	True	False	True	native_background_competition	unknown_not_negative
spon_ca_burst_3_hindbrain_to_tail_488_20ms__window_3_high_mad__sources_2__seed_3101	jepa_conditional_pixel_residual_frozen_handcrafted_stack	jepa_residual	spon_ca_burst_3_hindbrain_to_tail_488_20ms	spon_ca_burst_3_hindbrain_to_tail_488_20ms__window_3_high_mad	high_mad	3101	2	separated	0	ellipse	30	42	-1.6165616119476844	-1.1958803956475959	4041	4096	48	49	49	7.262438833426591	-8.879000445374276	12.231986744150612	-13.848548356098297	18.24828759089466	17.46424919657298	True	False	False	attenuation_or_response_failure	unknown_not_negative
spon_ca_burst_3_hindbrain_to_tail_488_20ms__window_3_high_mad__sources_2__seed_3101	jepa_conditional_pixel_residual_frozen_handcrafted_stack	jepa_residual	spon_ca_burst_3_hindbrain_to_tail_488_20ms	spon_ca_burst_3_hindbrain_to_tail_488_20ms__window_3_high_mad	high_mad	3101	2	separated	1	crescent	42	57	-0.9999720664758421	-1.1999324711441057	3700	4096	41	49	48	7.262438833426591	-8.262410899902433	12.231986744150612	-13.231958810626454	36.24913792078372	19.209372712298546	True	False	False	attenuation_or_response_failure	unknown_not_negative
spon_ca_burst_3_hindbrain_to_tail_488_20ms__window_3_high_mad__sources_2__seed_3101	random_encoder_conditional_pixel_residual_frozen_handcrafted_stack	random_residual	spon_ca_burst_3_hindbrain_to_tail_488_20ms	spon_ca_burst_3_hindbrain_to_tail_488_20ms__window_3_high_mad	high_mad	3101	2	separated	0	ellipse	30	42	-0.9261537792983799	-0.2763998077449856	3653	4096	43	49	18	6.347914941490251	-7.274068720788631	12.962011389303868	-13.888165168602248	18.24828759089466	18.24828759089466	True	False	False	attenuation_or_response_failure	unknown_not_negative
spon_ca_burst_3_hindbrain_to_tail_488_20ms__window_3_high_mad__sources_2__seed_3101	random_encoder_conditional_pixel_residual_frozen_handcrafted_stack	random_residual	spon_ca_burst_3_hindbrain_to_tail_488_20ms	spon_ca_burst_3_hindbrain_to_tail_488_20ms__window_3_high_mad	high_mad	3101	2	separated	1	crescent	42	57	-0.6933456024783992	0.04015967111832219	3281	4096	26	49	8	6.347914941490251	-7.041260543968651	12.962011389303868	-13.655356991782266	36.24913792078372	19.209372712298546	True	False	True	native_background_competition	unknown_not_negative
spon_ca_burst_3_hindbrain_to_tail_488_20ms__window_3_high_mad__sources_2__seed_3102	raw_frozen_handcrafted_stack	raw	spon_ca_burst_3_hindbrain_to_tail_488_20ms	spon_ca_burst_3_hindbrain_to_tail_488_20ms__window_3_high_mad	high_mad	3102	2	overlap	0	crescent	35	31	0.7512231650196619	1.177814830216606	1138	4096	20	49	4	6.721588364707853	-5.970365199688191	14.780922617309658	-14.029699452289996	10.63014581273465	10.63014581273465	True	False	True	native_background_competition	unknown_not_negative
spon_ca_burst_3_hindbrain_to_tail_488_20ms__window_3_high_mad__sources_2__seed_3102	raw_frozen_handcrafted_stack	raw	spon_ca_burst_3_hindbrain_to_tail_488_20ms	spon_ca_burst_3_hindbrain_to_tail_488_20ms__window_3_high_mad	high_mad	3102	2	overlap	1	ellipse	40	30	0.7435899961995666	0.44377197588518175	1143	4096	15	49	4	6.721588364707853	-5.9779983685082865	14.780922617309658	-14.03733262111009	14.317821063276353	12.727922061357855	True	False	True	native_background_competition	unknown_not_negative
spon_ca_burst_3_hindbrain_to_tail_488_20ms__window_3_high_mad__sources_2__seed_3102	jepa_conditional_pixel_residual_frozen_handcrafted_stack	jepa_residual	spon_ca_burst_3_hindbrain_to_tail_488_20ms	spon_ca_burst_3_hindbrain_to_tail_488_20ms__window_3_high_mad	high_mad	3102	2	overlap	0	crescent	35	31	0.9055792366317672	0.13602603765127952	978	4096	16	49	14	7.295347787693288	-6.389768551061521	12.255351994689306	-11.349772758057538	10.63014581273465	6.082762530298219	True	False	True	native_background_competition	unknown_not_negative
spon_ca_burst_3_hindbrain_to_tail_488_20ms__window_3_high_mad__sources_2__seed_3102	jepa_conditional_pixel_residual_frozen_handcrafted_stack	jepa_residual	spon_ca_burst_3_hindbrain_to_tail_488_20ms	spon_ca_burst_3_hindbrain_to_tail_488_20ms__window_3_high_mad	high_mad	3102	2	overlap	1	ellipse	40	30	1.2288572740526549	-0.9961287082174861	774	4096	18	49	44	7.295347787693288	-6.066490513640633	12.255351994689306	-11.026494720636652	14.317821063276353	7.810249675906654	True	False	False	attenuation_or_response_failure	unknown_not_negative
spon_ca_burst_3_hindbrain_to_tail_488_20ms__window_3_high_mad__sources_2__seed_3102	random_encoder_conditional_pixel_residual_frozen_handcrafted_stack	random_residual	spon_ca_burst_3_hindbrain_to_tail_488_20ms	spon_ca_burst_3_hindbrain_to_tail_488_20ms__window_3_high_mad	high_mad	3102	2	overlap	0	crescent	35	31	0.45940216429811925	1.0510031867237029	1417	4096	29	49	1	6.3602695139145204	-5.9008673496164015	12.971925924107484	-12.512523759809365	10.63014581273465	10.63014581273465	True	False	True	native_background_competition	unknown_not_negative
spon_ca_burst_3_hindbrain_to_tail_488_20ms__window_3_high_mad__sources_2__seed_3102	random_encoder_conditional_pixel_residual_frozen_handcrafted_stack	random_residual	spon_ca_burst_3_hindbrain_to_tail_488_20ms	spon_ca_burst_3_hindbrain_to_tail_488_20ms__window_3_high_mad	high_mad	3102	2	overlap	1	ellipse	40	30	0.628550651971997	0.21810004612562184	1251	4096	18	49	7	6.3602695139145204	-5.7317188619425234	12.971925924107484	-12.343375272135487	14.317821063276353	12.727922061357855	True	False	True	native_background_competition	unknown_not_negative
spon_ca_burst_3_hindbrain_to_tail_488_20ms__window_3_high_mad__sources_2__seed_3103	raw_frozen_handcrafted_stack	raw	spon_ca_burst_3_hindbrain_to_tail_488_20ms	spon_ca_burst_3_hindbrain_to_tail_488_20ms__window_3_high_mad	high_mad	3103	2	near_neighbor	0	crescent	28	20	7.404953132313516	0.08407870940670215	58	4096	23	49	31	6.722874737826828	0.6820783944866875	13.645092891115429	-6.240139758801913	4.123105625617661	3.1622776601683795	True	False	True	native_background_competition	unknown_not_negative
spon_ca_burst_3_hindbrain_to_tail_488_20ms__window_3_high_mad__sources_2__seed_3103	raw_frozen_handcrafted_stack	raw	spon_ca_burst_3_hindbrain_to_tail_488_20ms	spon_ca_burst_3_hindbrain_to_tail_488_20ms__window_3_high_mad	high_mad	3103	2	near_neighbor	1	ellipse	26	24	8.452780668783747	-1.5706847998524651	48	4096	14	49	48	6.722874737826828	1.7299059309569191	13.339372157558772	-4.886591488775025	5.830951894845301	1.0	False	True	False	source_on_only_inconsistent	unknown_not_negative
spon_ca_burst_3_hindbrain_to_tail_488_20ms__window_3_high_mad__sources_2__seed_3103	jepa_conditional_pixel_residual_frozen_handcrafted_stack	jepa_residual	spon_ca_burst_3_hindbrain_to_tail_488_20ms	spon_ca_burst_3_hindbrain_to_tail_488_20ms__window_3_high_mad	high_mad	3103	2	near_neighbor	0	crescent	28	20	5.832089493521714	-0.09026972104771946	63	4096	21	49	35	7.296758079136174	-1.4646685856144597	11.218447129345618	-5.386357635823904	4.123105625617661	3.1622776601683795	True	False	True	native_background_competition	unknown_not_negative
spon_ca_burst_3_hindbrain_to_tail_488_20ms__window_3_high_mad__sources_2__seed_3103	jepa_conditional_pixel_residual_frozen_handcrafted_stack	jepa_residual	spon_ca_burst_3_hindbrain_to_tail_488_20ms	spon_ca_burst_3_hindbrain_to_tail_488_20ms__window_3_high_mad	high_mad	3103	2	near_neighbor	1	ellipse	26	24	6.968502038306473	-1.4950771801852065	43	4096	10	49	49	7.296758079136174	-0.32825604082970106	10.414876073487529	-3.446374035181056	5.830951894845301	1.0	False	True	False	source_on_only_inconsistent	unknown_not_negative
spon_ca_burst_3_hindbrain_to_tail_488_20ms__window_3_high_mad__sources_2__seed_3103	random_encoder_conditional_pixel_residual_frozen_handcrafted_stack	random_residual	spon_ca_burst_3_hindbrain_to_tail_488_20ms	spon_ca_burst_3_hindbrain_to_tail_488_20ms__window_3_high_mad	high_mad	3103	2	near_neighbor	0	crescent	28	20	6.456583210595546	-0.06959295279860722	59	4096	20	49	39	6.3595295258758835	0.09705368471966214	12.057166804300449	-5.600583593704903	4.123105625617661	3.1622776601683795	True	False	True	native_background_competition	unknown_not_negative
spon_ca_burst_3_hindbrain_to_tail_488_20ms__window_3_high_mad__sources_2__seed_3103	random_encoder_conditional_pixel_residual_frozen_handcrafted_stack	random_residual	spon_ca_burst_3_hindbrain_to_tail_488_20ms	spon_ca_burst_3_hindbrain_to_tail_488_20ms__window_3_high_mad	high_mad	3103	2	near_neighbor	1	ellipse	26	24	7.7100334828398065	-1.258596499560344	39	4096	11	49	47	6.3595295258758835	1.350503956963923	11.26617564028641	-3.556142157446603	5.830951894845301	1.0	False	True	False	source_on_only_inconsistent	unknown_not_negative
spon_ca_burst_3_hindbrain_to_tail_488_20ms__window_3_high_mad__sources_4__seed_3101	raw_frozen_handcrafted_stack	raw	spon_ca_burst_3_hindbrain_to_tail_488_20ms	spon_ca_burst_3_hindbrain_to_tail_488_20ms__window_3_high_mad	high_mad	3101	4	separated	0	ellipse	12	33	-1.2472114834988428	-1.2156362396231961	3917	4096	40	49	48	6.776145720023149	-8.023357203521993	14.798202840665011	-16.045414324163854	17.4928556845359	9.0	True	False	False	attenuation_or_response_failure	unknown_not_negative
spon_ca_burst_3_hindbrain_to_tail_488_20ms__window_3_high_mad__sources_4__seed_3101	raw_frozen_handcrafted_stack	raw	spon_ca_burst_3_hindbrain_to_tail_488_20ms	spon_ca_burst_3_hindbrain_to_tail_488_20ms__window_3_high_mad	high_mad	3101	4	separated	1	crescent	9	19	-0.39525409690166846	-0.6274527468103501	2746	4096	42	49	45	6.776145720023149	-7.171399816924818	14.798202840665011	-15.19345693756668	18.681541692269406	5.830951894845301	True	False	True	native_background_competition	unknown_not_negative
spon_ca_burst_3_hindbrain_to_tail_488_20ms__window_3_high_mad__sources_4__seed_3101	raw_frozen_handcrafted_stack	raw	spon_ca_burst_3_hindbrain_to_tail_488_20ms	spon_ca_burst_3_hindbrain_to_tail_488_20ms__window_3_high_mad	high_mad	3101	4	separated	2	ellipse	36	34	-2.1496274046753667	-1.7010284852323299	4087	4096	49	49	49	6.776145720023149	-8.925773124698516	14.798202840665011	-16.947830245340377	13.45362404707371	13.45362404707371	True	False	False	attenuation_or_response_failure	unknown_not_negative
spon_ca_burst_3_hindbrain_to_tail_488_20ms__window_3_high_mad__sources_4__seed_3101	raw_frozen_handcrafted_stack	raw	spon_ca_burst_3_hindbrain_to_tail_488_20ms	spon_ca_burst_3_hindbrain_to_tail_488_20ms__window_3_high_mad	high_mad	3101	4	separated	3	crescent	48	14	-1.2801159741611	-1.8249928478238575	3937	4096	38	49	48	6.776145720023149	-8.056261694184249	14.798202840665011	-16.078318814826112	23.259406699226016	18.384776310850235	True	False	False	attenuation_or_response_failure	unknown_not_negative
spon_ca_burst_3_hindbrain_to_tail_488_20ms__window_3_high_mad__sources_4__seed_3101	jepa_conditional_pixel_residual_frozen_handcrafted_stack	jepa_residual	spon_ca_burst_3_hindbrain_to_tail_488_20ms	spon_ca_burst_3_hindbrain_to_tail_488_20ms__window_3_high_mad	high_mad	3101	4	separated	0	ellipse	12	33	-1.5475877968884535	-1.027952158197083	4005	4096	46	49	48	7.299380430167781	-8.846968227056234	12.242113643633964	-13.789701440522418	17.4928556845359	17.4928556845359	True	False	False	attenuation_or_response_failure	unknown_not_negative
spon_ca_burst_3_hindbrain_to_tail_488_20ms__window_3_high_mad__sources_4__seed_3101	jepa_conditional_pixel_residual_frozen_handcrafted_stack	jepa_residual	spon_ca_burst_3_hindbrain_to_tail_488_20ms	spon_ca_burst_3_hindbrain_to_tail_488_20ms__window_3_high_mad	high_mad	3101	4	separated	1	crescent	9	19	-1.5594564617978304	-1.26552347887228	4008	4096	48	49	49	7.299380430167781	-8.85883689196561	12.242113643633964	-13.801570105431795	18.681541692269406	18.681541692269406	True	False	False	attenuation_or_response_failure	unknown_not_negative
spon_ca_burst_3_hindbrain_to_tail_488_20ms__window_3_high_mad__sources_4__seed_3101	jepa_conditional_pixel_residual_frozen_handcrafted_stack	jepa_residual	spon_ca_burst_3_hindbrain_to_tail_488_20ms	spon_ca_burst_3_hindbrain_to_tail_488_20ms__window_3_high_mad	high_mad	3101	4	separated	2	ellipse	36	34	-1.9690150852113375	-1.5411622215364933	4077	4096	49	49	49	7.299380430167781	-9.268395515379119	12.242113643633964	-14.211128728845301	13.45362404707371	9.219544457292887	True	False	False	attenuation_or_response_failure	unknown_not_negative
spon_ca_burst_3_hindbrain_to_tail_488_20ms__window_3_high_mad__sources_4__seed_3101	jepa_conditional_pixel_residual_frozen_handcrafted_stack	jepa_residual	spon_ca_burst_3_hindbrain_to_tail_488_20ms	spon_ca_burst_3_hindbrain_to_tail_488_20ms__window_3_high_mad	high_mad	3101	4	separated	3	crescent	48	14	-1.738334800302765	-1.6162155293757476	4049	4096	37	49	48	7.299380430167781	-9.037715230470546	12.242113643633964	-13.980448443936728	23.259406699226016	17.804493814764857	True	False	False	attenuation_or_response_failure	unknown_not_negative
spon_ca_burst_3_hindbrain_to_tail_488_20ms__window_3_high_mad__sources_4__seed_3101	random_encoder_conditional_pixel_residual_frozen_handcrafted_stack	random_residual	spon_ca_burst_3_hindbrain_to_tail_488_20ms	spon_ca_burst_3_hindbrain_to_tail_488_20ms__window_3_high_mad	high_mad	3101	4	separated	0	ellipse	12	33	-1.325284521811121	-1.0286050111579756	3988	4096	44	49	47	6.4151971448403105	-7.740481666651432	12.985149552688243	-14.310434074499364	17.4928556845359	9.0	True	False	False	attenuation_or_response_failure	unknown_not_negative
spon_ca_burst_3_hindbrain_to_tail_488_20ms__window_3_high_mad__sources_4__seed_3101	random_encoder_conditional_pixel_residual_frozen_handcrafted_stack	random_residual	spon_ca_burst_3_hindbrain_to_tail_488_20ms	spon_ca_burst_3_hindbrain_to_tail_488_20ms__window_3_high_mad	high_mad	3101	4	separated	1	crescent	9	19	-0.3415649397649871	-0.552506257581476	2607	4096	44	49	43	6.4151971448403105	-6.756762084605297	12.985149552688243	-13.326714492453231	18.681541692269406	5.830951894845301	True	False	False	attenuation_or_response_failure	unknown_not_negative
spon_ca_burst_3_hindbrain_to_tail_488_20ms__window_3_high_mad__sources_4__seed_3101	random_encoder_conditional_pixel_residual_frozen_handcrafted_stack	random_residual	spon_ca_burst_3_hindbrain_to_tail_488_20ms	spon_ca_burst_3_hindbrain_to_tail_488_20ms__window_3_high_mad	high_mad	3101	4	separated	2	ellipse	36	34	-0.9064012140122096	-1.5884641581749332	3603	4096	44	49	49	6.4151971448403105	-7.32159835885252	12.985149552688243	-13.891550766700453	13.45362404707371	13.45362404707371	True	False	False	attenuation_or_response_failure	unknown_not_negative
spon_ca_burst_3_hindbrain_to_tail_488_20ms__window_3_high_mad__sources_4__seed_3101	random_encoder_conditional_pixel_residual_frozen_handcrafted_stack	random_residual	spon_ca_burst_3_hindbrain_to_tail_488_20ms	spon_ca_burst_3_hindbrain_to_tail_488_20ms__window_3_high_mad	high_mad	3101	4	separated	3	crescent	48	14	-0.9354060630331825	-1.655396267827253	3648	4096	32	49	49	6.4151971448403105	-7.350603207873493	12.985149552688243	-13.920555615721426	23.259406699226016	18.384776310850235	True	False	False	attenuation_or_response_failure	unknown_not_negative
spon_ca_burst_3_hindbrain_to_tail_488_20ms__window_3_high_mad__sources_4__seed_3102	raw_frozen_handcrafted_stack	raw	spon_ca_burst_3_hindbrain_to_tail_488_20ms	spon_ca_burst_3_hindbrain_to_tail_488_20ms__window_3_high_mad	high_mad	3102	4	overlap	0	ellipse	20	20	4.005592686401545	-1.1456273450963348	176	4096	7	49	44	6.777817021867588	-2.772224335466043	14.835453127148572	-10.829860440747026	8.06225774829855	8.06225774829855	True	False	False	attenuation_or_response_failure	unknown_not_negative
spon_ca_burst_3_hindbrain_to_tail_488_20ms__window_3_high_mad__sources_4__seed_3102	raw_frozen_handcrafted_stack	raw	spon_ca_burst_3_hindbrain_to_tail_488_20ms	spon_ca_burst_3_hindbrain_to_tail_488_20ms__window_3_high_mad	high_mad	3102	4	overlap	1	crescent	17	16	-0.6159799420962554	-1.0031537874179666	3160	4096	37	49	40	6.777817021867588	-7.393796963963844	14.835453127148572	-15.451433069244827	12.806248474865697	9.433981132056603	True	False	False	attenuation_or_response_failure	unknown_not_negative
spon_ca_burst_3_hindbrain_to_tail_488_20ms__window_3_high_mad__sources_4__seed_3102	raw_frozen_handcrafted_stack	raw	spon_ca_burst_3_hindbrain_to_tail_488_20ms	spon_ca_burst_3_hindbrain_to_tail_488_20ms__window_3_high_mad	high_mad	3102	4	overlap	2	ellipse	50	34	-2.393062504494657	-1.19147432846633	4089	4096	49	49	47	6.777817021867588	-9.170879526362246	14.835453127148572	-17.22851563164323	25.079872407968907	8.94427190999916	True	False	False	attenuation_or_response_failure	unknown_not_negative
spon_ca_burst_3_hindbrain_to_tail_488_20ms__window_3_high_mad__sources_4__seed_3102	raw_frozen_handcrafted_stack	raw	spon_ca_burst_3_hindbrain_to_tail_488_20ms	spon_ca_burst_3_hindbrain_to_tail_488_20ms__window_3_high_mad	high_mad	3102	4	overlap	3	crescent	33	18	5.18920122475749	-0.8904477083730358	123	4096	18	49	44	6.777817021867588	-1.5886157971100987	14.835453127148572	-9.646251902391082	8.48528137423857	3.605551275463989	True	False	False	attenuation_or_response_failure	unknown_not_negative
spon_ca_burst_3_hindbrain_to_tail_488_20ms__window_3_high_mad__sources_4__seed_3102	jepa_conditional_pixel_residual_frozen_handcrafted_stack	jepa_residual	spon_ca_burst_3_hindbrain_to_tail_488_20ms	spon_ca_burst_3_hindbrain_to_tail_488_20ms__window_3_high_mad	high_mad	3102	4	overlap	0	ellipse	20	20	2.5186752304452913	-1.562070431101934	298	4096	14	49	48	7.1882992423739385	-4.669624011928647	12.356836224499135	-9.838160994053844	8.06225774829855	8.06225774829855	True	False	False	attenuation_or_response_failure	unknown_not_negative
spon_ca_burst_3_hindbrain_to_tail_488_20ms__window_3_high_mad__sources_4__seed_3102	jepa_conditional_pixel_residual_frozen_handcrafted_stack	jepa_residual	spon_ca_burst_3_hindbrain_to_tail_488_20ms	spon_ca_burst_3_hindbrain_to_tail_488_20ms__window_3_high_mad	high_mad	3102	4	overlap	1	crescent	17	16	-1.0393553996114513	-1.5253112222787426	3748	4096	46	49	48	7.1882992423739385	-8.22765464198539	12.356836224499135	-13.396191624110587	12.806248474865697	12.806248474865697	True	False	False	attenuation_or_response_failure	unknown_not_negative
spon_ca_burst_3_hindbrain_to_tail_488_20ms__window_3_high_mad__sources_4__seed_3102	jepa_conditional_pixel_residual_frozen_handcrafted_stack	jepa_residual	spon_ca_burst_3_hindbrain_to_tail_488_20ms	spon_ca_burst_3_hindbrain_to_tail_488_20ms__window_3_high_mad	high_mad	3102	4	overlap	2	ellipse	50	34	-2.7092166982743273	-1.0434143797779927	4092	4096	48	49	43	7.1882992423739385	-9.897515940648265	12.356836224499135	-15.066052922773462	25.079872407968907	8.94427190999916	True	False	False	attenuation_or_response_failure	unknown_not_negative
spon_ca_burst_3_hindbrain_to_tail_488_20ms__window_3_high_mad__sources_4__seed_3102	jepa_conditional_pixel_residual_frozen_handcrafted_stack	jepa_residual	spon_ca_burst_3_hindbrain_to_tail_488_20ms	spon_ca_burst_3_hindbrain_to_tail_488_20ms__window_3_high_mad	high_mad	3102	4	overlap	3	crescent	33	18	3.782254751004076	-1.5496189139980574	143	4096	18	49	49	7.1882992423739385	-3.4060444913698626	12.356836224499135	-8.574581473495059	8.48528137423857	3.605551275463989	True	False	False	attenuation_or_response_failure	unknown_not_negative
spon_ca_burst_3_hindbrain_to_tail_488_20ms__window_3_high_mad__sources_4__seed_3102	random_encoder_conditional_pixel_residual_frozen_handcrafted_stack	random_residual	spon_ca_burst_3_hindbrain_to_tail_488_20ms	spon_ca_burst_3_hindbrain_to_tail_488_20ms__window_3_high_mad	high_mad	3102	4	overlap	0	ellipse	20	20	3.4426914042483654	-0.9320001523500219	176	4096	5	49	44	6.414735548269185	-2.9720441440208196	13.023088576187767	-9.580397171939403	8.06225774829855	8.06225774829855	True	False	False	attenuation_or_response_failure	unknown_not_negative
spon_ca_burst_3_hindbrain_to_tail_488_20ms__window_3_high_mad__sources_4__seed_3102	random_encoder_conditional_pixel_residual_frozen_handcrafted_stack	random_residual	spon_ca_burst_3_hindbrain_to_tail_488_20ms	spon_ca_burst_3_hindbrain_to_tail_488_20ms__window_3_high_mad	high_mad	3102	4	overlap	1	crescent	17	16	-1.2085447968385385	-0.948703751043168	3940	4096	47	49	44	6.414735548269185	-7.623280345107723	13.023088576187767	-14.231633373026305	12.806248474865697	9.433981132056603	True	False	False	attenuation_or_response_failure	unknown_not_negative
spon_ca_burst_3_hindbrain_to_tail_488_20ms__window_3_high_mad__sources_4__seed_3102	random_encoder_conditional_pixel_residual_frozen_handcrafted_stack	random_residual	spon_ca_burst_3_hindbrain_to_tail_488_20ms	spon_ca_burst_3_hindbrain_to_tail_488_20ms__window_3_high_mad	high_mad	3102	4	overlap	2	ellipse	50	34	-2.237011209266756	-0.992528761022659	4089	4096	48	49	45	6.414735548269185	-8.65174675753594	13.023088576187767	-15.260099785454523	25.079872407968907	8.94427190999916	True	False	False	attenuation_or_response_failure	unknown_not_negative
spon_ca_burst_3_hindbrain_to_tail_488_20ms__window_3_high_mad__sources_4__seed_3102	random_encoder_conditional_pixel_residual_frozen_handcrafted_stack	random_residual	spon_ca_burst_3_hindbrain_to_tail_488_20ms	spon_ca_burst_3_hindbrain_to_tail_488_20ms__window_3_high_mad	high_mad	3102	4	overlap	3	crescent	33	18	4.706438116343562	-0.8759433673370989	108	4096	18	49	46	6.414735548269185	-1.7082974319256232	13.023088576187767	-8.316650459844205	8.48528137423857	3.605551275463989	True	False	False	attenuation_or_response_failure	unknown_not_negative
spon_ca_burst_3_hindbrain_to_tail_488_20ms__window_3_high_mad__sources_4__seed_3103	raw_frozen_handcrafted_stack	raw	spon_ca_burst_3_hindbrain_to_tail_488_20ms	spon_ca_burst_3_hindbrain_to_tail_488_20ms__window_3_high_mad	high_mad	3103	4	near_neighbor	0	crescent	23	20	3.754624925096432	-1.717087555123065	194	4096	14	49	47	6.457815042811832	-2.7031901177154003	14.911620306303867	-11.156995381207434	5.656854249492381	5.656854249492381	True	False	False	attenuation_or_response_failure	unknown_not_negative
spon_ca_burst_3_hindbrain_to_tail_488_20ms__window_3_high_mad__sources_4__seed_3103	raw_frozen_handcrafted_stack	raw	spon_ca_burst_3_hindbrain_to_tail_488_20ms	spon_ca_burst_3_hindbrain_to_tail_488_20ms__window_3_high_mad	high_mad	3103	4	near_neighbor	1	ellipse	28	14	-1.8581309682179652	-1.2565569643706973	4075	4096	45	49	46	6.457815042811832	-8.315946011029798	14.911620306303867	-16.76975127452183	10.04987562112089	7.615773105863909	True	False	False	attenuation_or_response_failure	unknown_not_negative
spon_ca_burst_3_hindbrain_to_tail_488_20ms__window_3_high_mad__sources_4__seed_3103	raw_frozen_handcrafted_stack	raw	spon_ca_burst_3_hindbrain_to_tail_488_20ms	spon_ca_burst_3_hindbrain_to_tail_488_20ms__window_3_high_mad	high_mad	3103	4	near_neighbor	2	crescent	38	22	-1.2784746742843764	-0.6281147218626214	3946	4096	47	49	43	6.457815042811832	-7.736289717096209	14.911620306303867	-16.190094980588242	11.180339887498949	7.0710678118654755	True	False	False	attenuation_or_response_failure	unknown_not_negative
spon_ca_burst_3_hindbrain_to_tail_488_20ms__window_3_high_mad__sources_4__seed_3103	raw_frozen_handcrafted_stack	raw	spon_ca_burst_3_hindbrain_to_tail_488_20ms	spon_ca_burst_3_hindbrain_to_tail_488_20ms__window_3_high_mad	high_mad	3103	4	near_neighbor	3	ellipse	15	24	3.3861526669893456	-0.0749046335956951	231	4096	12	49	28	6.457815042811832	-3.071662375822487	14.911620306303867	-11.52546763931452	12.0	3.0	False	True	True	recovered_source_on	unknown_not_negative
spon_ca_burst_3_hindbrain_to_tail_488_20ms__window_3_high_mad__sources_4__seed_3103	jepa_conditional_pixel_residual_frozen_handcrafted_stack	jepa_residual	spon_ca_burst_3_hindbrain_to_tail_488_20ms	spon_ca_burst_3_hindbrain_to_tail_488_20ms__window_3_high_mad	high_mad	3103	4	near_neighbor	0	crescent	23	20	2.9360608032133633	-1.588923901802803	225	4096	18	49	49	7.294300040544846	-4.3582392373314836	12.35812024163267	-9.422059438419307	5.656854249492381	5.656854249492381	True	False	False	attenuation_or_response_failure	unknown_not_negative
spon_ca_burst_3_hindbrain_to_tail_488_20ms__window_3_high_mad__sources_4__seed_3103	jepa_conditional_pixel_residual_frozen_handcrafted_stack	jepa_residual	spon_ca_burst_3_hindbrain_to_tail_488_20ms	spon_ca_burst_3_hindbrain_to_tail_488_20ms__window_3_high_mad	high_mad	3103	4	near_neighbor	1	ellipse	28	14	-1.7283813718803926	-1.2376864077438023	4056	4096	43	49	49	7.294300040544846	-9.02268141242524	12.35812024163267	-14.086501613513063	10.04987562112089	7.615773105863909	True	False	False	attenuation_or_response_failure	unknown_not_negative
spon_ca_burst_3_hindbrain_to_tail_488_20ms__window_3_high_mad__sources_4__seed_3103	jepa_conditional_pixel_residual_frozen_handcrafted_stack	jepa_residual	spon_ca_burst_3_hindbrain_to_tail_488_20ms	spon_ca_burst_3_hindbrain_to_tail_488_20ms__window_3_high_mad	high_mad	3103	4	near_neighbor	2	crescent	38	22	-1.8110360524791378	-1.5674804765196573	4066	4096	49	49	49	7.294300040544846	-9.105336093023984	12.35812024163267	-14.169156294111808	11.180339887498949	5.0	True	False	False	attenuation_or_response_failure	unknown_not_negative
spon_ca_burst_3_hindbrain_to_tail_488_20ms__window_3_high_mad__sources_4__seed_3103	jepa_conditional_pixel_residual_frozen_handcrafted_stack	jepa_residual	spon_ca_burst_3_hindbrain_to_tail_488_20ms	spon_ca_burst_3_hindbrain_to_tail_488_20ms__window_3_high_mad	high_mad	3103	4	near_neighbor	3	ellipse	15	24	2.6168949869642906	-0.4350733209213562	276	4096	13	49	35	7.294300040544846	-4.677405053580555	12.35812024163267	-9.74122525466838	12.0	12.0	True	False	False	attenuation_or_response_failure	unknown_not_negative
spon_ca_burst_3_hindbrain_to_tail_488_20ms__window_3_high_mad__sources_4__seed_3103	random_encoder_conditional_pixel_residual_frozen_handcrafted_stack	random_residual	spon_ca_burst_3_hindbrain_to_tail_488_20ms	spon_ca_burst_3_hindbrain_to_tail_488_20ms__window_3_high_mad	high_mad	3103	4	near_neighbor	0	crescent	23	20	3.3034269959830085	-1.577116274528024	187	4096	14	49	48	6.121318507040051	-2.817891511057043	13.085245747665093	-9.781818751682085	5.656854249492381	5.656854249492381	True	False	False	attenuation_or_response_failure	unknown_not_negative
spon_ca_burst_3_hindbrain_to_tail_488_20ms__window_3_high_mad__sources_4__seed_3103	random_encoder_conditional_pixel_residual_frozen_handcrafted_stack	random_residual	spon_ca_burst_3_hindbrain_to_tail_488_20ms	spon_ca_burst_3_hindbrain_to_tail_488_20ms__window_3_high_mad	high_mad	3103	4	near_neighbor	1	ellipse	28	14	-1.344536406185923	-1.1612380870574672	3995	4096	42	49	46	6.121318507040051	-7.465854913225974	13.085245747665093	-14.429782153851017	10.04987562112089	7.615773105863909	True	False	False	attenuation_or_response_failure	unknown_not_negative
spon_ca_burst_3_hindbrain_to_tail_488_20ms__window_3_high_mad__sources_4__seed_3103	random_encoder_conditional_pixel_residual_frozen_handcrafted_stack	random_residual	spon_ca_burst_3_hindbrain_to_tail_488_20ms	spon_ca_burst_3_hindbrain_to_tail_488_20ms__window_3_high_mad	high_mad	3103	4	near_neighbor	2	crescent	38	22	-1.4925372359466011	-1.0158312097959403	4047	4096	49	49	49	6.121318507040051	-7.613855742986653	13.085245747665093	-14.577782983611694	11.180339887498949	7.0710678118654755	True	False	False	attenuation_or_response_failure	unknown_not_negative
spon_ca_burst_3_hindbrain_to_tail_488_20ms__window_3_high_mad__sources_4__seed_3103	random_encoder_conditional_pixel_residual_frozen_handcrafted_stack	random_residual	spon_ca_burst_3_hindbrain_to_tail_488_20ms	spon_ca_burst_3_hindbrain_to_tail_488_20ms__window_3_high_mad	high_mad	3103	4	near_neighbor	3	ellipse	15	24	3.354611489052377	-0.20255691182191438	180	4096	12	49	39	6.121318507040051	-2.7667070179876743	13.085245747665093	-9.730634258612715	12.0	3.0	False	True	False	source_on_only_inconsistent	unknown_not_negative
