training_seed	fixture_id	background_recording_id	background_window_id	injection_seed	source_count	crowding_case	method	score_input_units	source_on_recall	source_on_recovered	source_on_candidate_count	source_on_unmatched_candidate_count_unknown	injected_sources	intervention_recall	intervention_candidate_count	intervention_unmatched_candidate_count_unknown	median_center_delta_background_mad	maximum_pair_closure_absolute	maximum_pair_closure_float32_ulp
1001	060126_10_rest__window_1_low_mad__sources_1__seed_3101	060126_10_rest	060126_10_rest__window_1_low_mad	3101	1	single	compact_jepa_latent_temporal_change	frozen_training_robust_normalized	0.0	0	2	2	1	0.0	4	4	-0.002967726596506237	1.49135976243997e-05	0.5
1001	060126_10_rest__window_1_low_mad__sources_1__seed_3101	060126_10_rest	060126_10_rest__window_1_low_mad	3101	1	single	compact_jepa_masked_prediction_error_secondary	frozen_training_robust_normalized	0.0	0	4	4	1	0.0	4	4	-0.002776082331422236	1.49135976243997e-05	0.5
1001	060126_10_rest__window_1_low_mad__sources_1__seed_3101	060126_10_rest	060126_10_rest__window_1_low_mad	3101	1	single	frozen_handcrafted_stack	raw_native_units	1.0	1	4	3	1	1.0	4	3	3.2015655481122796	1.49135976243997e-05	0.5
1001	060126_10_rest__window_1_low_mad__sources_1__seed_3101	060126_10_rest	060126_10_rest__window_1_low_mad	3101	1	single	frozen_random_encoder_latent_temporal_change	frozen_training_robust_normalized	0.0	0	3	3	1	0.0	4	4	-0.00415335717941101	1.49135976243997e-05	0.5
1001	060126_10_rest__window_1_low_mad__sources_1__seed_3101	060126_10_rest	060126_10_rest__window_1_low_mad	3101	1	single	masked_pixel_autoencoder_latent_temporal_change	frozen_training_robust_normalized	0.0	0	4	4	1	0.0	4	4	-0.01074743127835509	1.49135976243997e-05	0.5
1001	060126_10_rest__window_1_low_mad__sources_1__seed_3101	060126_10_rest	060126_10_rest__window_1_low_mad	3101	1	single	masked_pixel_autoencoder_reconstruction_error_secondary	frozen_training_robust_normalized	0.0	0	4	4	1	1.0	4	3	0.25376372215476106	1.49135976243997e-05	0.5
1001	060126_10_rest__window_1_low_mad__sources_1__seed_3102	060126_10_rest	060126_10_rest__window_1_low_mad	3102	1	single	compact_jepa_latent_temporal_change	frozen_training_robust_normalized	0.0	0	1	1	1	0.0	4	4	-0.006915742973758965	7.62939453125e-06	0.5
1001	060126_10_rest__window_1_low_mad__sources_1__seed_3102	060126_10_rest	060126_10_rest__window_1_low_mad	3102	1	single	compact_jepa_masked_prediction_error_secondary	frozen_training_robust_normalized	0.0	0	4	4	1	0.0	4	4	0.05330822381839284	7.62939453125e-06	0.5
1001	060126_10_rest__window_1_low_mad__sources_1__seed_3102	060126_10_rest	060126_10_rest__window_1_low_mad	3102	1	single	frozen_handcrafted_stack	raw_native_units	1.0	1	4	3	1	1.0	4	3	2.359130199367708	7.62939453125e-06	0.5
1001	060126_10_rest__window_1_low_mad__sources_1__seed_3102	060126_10_rest	060126_10_rest__window_1_low_mad	3102	1	single	frozen_random_encoder_latent_temporal_change	frozen_training_robust_normalized	0.0	0	4	4	1	0.0	4	4	-0.008781521336085785	7.62939453125e-06	0.5
1001	060126_10_rest__window_1_low_mad__sources_1__seed_3102	060126_10_rest	060126_10_rest__window_1_low_mad	3102	1	single	masked_pixel_autoencoder_latent_temporal_change	frozen_training_robust_normalized	0.0	0	4	4	1	0.0	4	4	-0.023274584352911187	7.62939453125e-06	0.5
1001	060126_10_rest__window_1_low_mad__sources_1__seed_3102	060126_10_rest	060126_10_rest__window_1_low_mad	3102	1	single	masked_pixel_autoencoder_reconstruction_error_secondary	frozen_training_robust_normalized	0.0	0	4	4	1	1.0	4	3	1.8366307000262998	7.62939453125e-06	0.5
1001	060126_10_rest__window_1_low_mad__sources_1__seed_3103	060126_10_rest	060126_10_rest__window_1_low_mad	3103	1	single	compact_jepa_latent_temporal_change	frozen_training_robust_normalized	0.0	0	2	2	1	0.0	4	4	-0.017039378375450276	1.2252654414623976e-05	0.5
1001	060126_10_rest__window_1_low_mad__sources_1__seed_3103	060126_10_rest	060126_10_rest__window_1_low_mad	3103	1	single	compact_jepa_masked_prediction_error_secondary	frozen_training_robust_normalized	0.0	0	4	4	1	0.0	4	4	0.02271460918161794	1.2252654414623976e-05	0.5
1001	060126_10_rest__window_1_low_mad__sources_1__seed_3103	060126_10_rest	060126_10_rest__window_1_low_mad	3103	1	single	frozen_handcrafted_stack	raw_native_units	0.0	0	4	4	1	1.0	4	3	-0.06571411533862515	1.2252654414623976e-05	0.5
1001	060126_10_rest__window_1_low_mad__sources_1__seed_3103	060126_10_rest	060126_10_rest__window_1_low_mad	3103	1	single	frozen_random_encoder_latent_temporal_change	frozen_training_robust_normalized	0.0	0	4	4	1	0.0	4	4	-0.02313022671288692	1.2252654414623976e-05	0.5
1001	060126_10_rest__window_1_low_mad__sources_1__seed_3103	060126_10_rest	060126_10_rest__window_1_low_mad	3103	1	single	masked_pixel_autoencoder_latent_temporal_change	frozen_training_robust_normalized	0.0	0	4	4	1	0.0	4	4	0.0011393904855750009	1.2252654414623976e-05	0.5
1001	060126_10_rest__window_1_low_mad__sources_1__seed_3103	060126_10_rest	060126_10_rest__window_1_low_mad	3103	1	single	masked_pixel_autoencoder_reconstruction_error_secondary	frozen_training_robust_normalized	0.0	0	4	4	1	1.0	4	3	2.1762152996995745	1.2252654414623976e-05	0.5
1001	060126_10_rest__window_1_low_mad__sources_2__seed_3101	060126_10_rest	060126_10_rest__window_1_low_mad	3101	2	separated	compact_jepa_latent_temporal_change	frozen_training_robust_normalized	0.0	0	2	2	2	0.0	4	4	-0.010479235777899984	1.491003786213696e-05	0.5
1001	060126_10_rest__window_1_low_mad__sources_2__seed_3101	060126_10_rest	060126_10_rest__window_1_low_mad	3101	2	separated	compact_jepa_masked_prediction_error_secondary	frozen_training_robust_normalized	0.0	0	4	4	2	0.5	4	3	0.052896419074208806	1.491003786213696e-05	0.5
1001	060126_10_rest__window_1_low_mad__sources_2__seed_3101	060126_10_rest	060126_10_rest__window_1_low_mad	3101	2	separated	frozen_handcrafted_stack	raw_native_units	0.5	1	4	3	2	1.0	4	2	1.0320310785839188	1.491003786213696e-05	0.5
1001	060126_10_rest__window_1_low_mad__sources_2__seed_3101	060126_10_rest	060126_10_rest__window_1_low_mad	3101	2	separated	frozen_random_encoder_latent_temporal_change	frozen_training_robust_normalized	0.0	0	4	4	2	0.0	4	4	-0.0016661583583492262	1.491003786213696e-05	0.5
1001	060126_10_rest__window_1_low_mad__sources_2__seed_3101	060126_10_rest	060126_10_rest__window_1_low_mad	3101	2	separated	masked_pixel_autoencoder_latent_temporal_change	frozen_training_robust_normalized	0.0	0	4	4	2	0.0	4	4	-0.05047868387103366	1.491003786213696e-05	0.5
1001	060126_10_rest__window_1_low_mad__sources_2__seed_3101	060126_10_rest	060126_10_rest__window_1_low_mad	3101	2	separated	masked_pixel_autoencoder_reconstruction_error_secondary	frozen_training_robust_normalized	0.0	0	4	4	2	1.0	4	2	1.313875527986586	1.491003786213696e-05	0.5
1001	060126_10_rest__window_1_low_mad__sources_2__seed_3102	060126_10_rest	060126_10_rest__window_1_low_mad	3102	2	overlap	compact_jepa_latent_temporal_change	frozen_training_robust_normalized	0.0	0	2	2	2	0.0	4	4	-0.004670838056996918	1.1444091796875e-05	0.5
1001	060126_10_rest__window_1_low_mad__sources_2__seed_3102	060126_10_rest	060126_10_rest__window_1_low_mad	3102	2	overlap	compact_jepa_masked_prediction_error_secondary	frozen_training_robust_normalized	0.0	0	4	4	2	0.5	4	3	0.05878451805365098	1.1444091796875e-05	0.5
1001	060126_10_rest__window_1_low_mad__sources_2__seed_3102	060126_10_rest	060126_10_rest__window_1_low_mad	3102	2	overlap	frozen_handcrafted_stack	raw_native_units	0.5	1	4	3	2	0.5	4	3	2.7081153906307005	1.1444091796875e-05	0.5
1001	060126_10_rest__window_1_low_mad__sources_2__seed_3102	060126_10_rest	060126_10_rest__window_1_low_mad	3102	2	overlap	frozen_random_encoder_latent_temporal_change	frozen_training_robust_normalized	0.0	0	3	3	2	0.0	4	4	-0.03261842070529558	1.1444091796875e-05	0.5
1001	060126_10_rest__window_1_low_mad__sources_2__seed_3102	060126_10_rest	060126_10_rest__window_1_low_mad	3102	2	overlap	masked_pixel_autoencoder_latent_temporal_change	frozen_training_robust_normalized	0.0	0	4	4	2	0.5	4	3	0.03598293429714139	1.1444091796875e-05	0.5
1001	060126_10_rest__window_1_low_mad__sources_2__seed_3102	060126_10_rest	060126_10_rest__window_1_low_mad	3102	2	overlap	masked_pixel_autoencoder_reconstruction_error_secondary	frozen_training_robust_normalized	0.0	0	4	4	2	0.5	4	3	2.114127802720385	1.1444091796875e-05	0.5
1001	060126_10_rest__window_1_low_mad__sources_2__seed_3103	060126_10_rest	060126_10_rest__window_1_low_mad	3103	2	near_neighbor	compact_jepa_latent_temporal_change	frozen_training_robust_normalized	0.0	0	2	2	2	0.0	4	4	-0.015038771175386434	7.62939453125e-06	0.5
1001	060126_10_rest__window_1_low_mad__sources_2__seed_3103	060126_10_rest	060126_10_rest__window_1_low_mad	3103	2	near_neighbor	compact_jepa_masked_prediction_error_secondary	frozen_training_robust_normalized	0.0	0	4	4	2	0.5	4	3	0.13751642373736167	7.62939453125e-06	0.5
1001	060126_10_rest__window_1_low_mad__sources_2__seed_3103	060126_10_rest	060126_10_rest__window_1_low_mad	3103	2	near_neighbor	frozen_handcrafted_stack	raw_native_units	0.5	1	4	3	2	1.0	4	2	2.011286550369356	7.62939453125e-06	0.5
1001	060126_10_rest__window_1_low_mad__sources_2__seed_3103	060126_10_rest	060126_10_rest__window_1_low_mad	3103	2	near_neighbor	frozen_random_encoder_latent_temporal_change	frozen_training_robust_normalized	0.5	1	4	3	2	0.0	4	4	-0.007907269746610823	7.62939453125e-06	0.5
1001	060126_10_rest__window_1_low_mad__sources_2__seed_3103	060126_10_rest	060126_10_rest__window_1_low_mad	3103	2	near_neighbor	masked_pixel_autoencoder_latent_temporal_change	frozen_training_robust_normalized	0.0	0	4	4	2	0.0	4	4	0.03934352200291086	7.62939453125e-06	0.5
1001	060126_10_rest__window_1_low_mad__sources_2__seed_3103	060126_10_rest	060126_10_rest__window_1_low_mad	3103	2	near_neighbor	masked_pixel_autoencoder_reconstruction_error_secondary	frozen_training_robust_normalized	0.5	1	4	3	2	1.0	4	2	1.1284249964988697	7.62939453125e-06	0.5
1001	060126_10_rest__window_1_low_mad__sources_4__seed_3101	060126_10_rest	060126_10_rest__window_1_low_mad	3101	4	separated	compact_jepa_latent_temporal_change	frozen_training_robust_normalized	0.25	1	2	1	4	0.25	4	3	-0.0015213085085292732	1.4610170183004811e-05	0.5
1001	060126_10_rest__window_1_low_mad__sources_4__seed_3101	060126_10_rest	060126_10_rest__window_1_low_mad	3101	4	separated	compact_jepa_masked_prediction_error_secondary	frozen_training_robust_normalized	0.0	0	4	4	4	0.75	4	1	0.07995015215527607	1.4610170183004811e-05	0.5
1001	060126_10_rest__window_1_low_mad__sources_4__seed_3101	060126_10_rest	060126_10_rest__window_1_low_mad	3101	4	separated	frozen_handcrafted_stack	raw_native_units	0.5	2	4	2	4	1.0	4	0	2.1257480442088514	1.4610170183004811e-05	0.5
1001	060126_10_rest__window_1_low_mad__sources_4__seed_3101	060126_10_rest	060126_10_rest__window_1_low_mad	3101	4	separated	frozen_random_encoder_latent_temporal_change	frozen_training_robust_normalized	0.0	0	4	4	4	0.0	4	4	-0.000892550438497175	1.4610170183004811e-05	0.5
1001	060126_10_rest__window_1_low_mad__sources_4__seed_3101	060126_10_rest	060126_10_rest__window_1_low_mad	3101	4	separated	masked_pixel_autoencoder_latent_temporal_change	frozen_training_robust_normalized	0.0	0	4	4	4	0.25	4	3	-0.024179033134587496	1.4610170183004811e-05	0.5
1001	060126_10_rest__window_1_low_mad__sources_4__seed_3101	060126_10_rest	060126_10_rest__window_1_low_mad	3101	4	separated	masked_pixel_autoencoder_reconstruction_error_secondary	frozen_training_robust_normalized	0.0	0	4	4	4	1.0	4	0	1.3367304964160343	1.4610170183004811e-05	0.5
1001	060126_10_rest__window_1_low_mad__sources_4__seed_3102	060126_10_rest	060126_10_rest__window_1_low_mad	3102	4	overlap	compact_jepa_latent_temporal_change	frozen_training_robust_normalized	0.0	0	2	2	4	0.25	4	3	0.0008679541499180266	1.3321638107299805e-05	0.5
1001	060126_10_rest__window_1_low_mad__sources_4__seed_3102	060126_10_rest	060126_10_rest__window_1_low_mad	3102	4	overlap	compact_jepa_masked_prediction_error_secondary	frozen_training_robust_normalized	0.0	0	4	4	4	0.5	4	2	0.05370828802925687	1.3321638107299805e-05	0.5
1001	060126_10_rest__window_1_low_mad__sources_4__seed_3102	060126_10_rest	060126_10_rest__window_1_low_mad	3102	4	overlap	frozen_handcrafted_stack	raw_native_units	0.25	1	4	3	4	1.0	4	0	1.3009925780128115	1.3321638107299805e-05	0.5
1001	060126_10_rest__window_1_low_mad__sources_4__seed_3102	060126_10_rest	060126_10_rest__window_1_low_mad	3102	4	overlap	frozen_random_encoder_latent_temporal_change	frozen_training_robust_normalized	0.0	0	4	4	4	0.0	4	4	-0.004114351738073951	1.3321638107299805e-05	0.5
1001	060126_10_rest__window_1_low_mad__sources_4__seed_3102	060126_10_rest	060126_10_rest__window_1_low_mad	3102	4	overlap	masked_pixel_autoencoder_latent_temporal_change	frozen_training_robust_normalized	0.25	1	4	3	4	0.25	4	3	0.07253095713699395	1.3321638107299805e-05	0.5
1001	060126_10_rest__window_1_low_mad__sources_4__seed_3102	060126_10_rest	060126_10_rest__window_1_low_mad	3102	4	overlap	masked_pixel_autoencoder_reconstruction_error_secondary	frozen_training_robust_normalized	0.25	1	4	3	4	0.75	4	1	1.092212611893955	1.3321638107299805e-05	0.5
1001	060126_10_rest__window_1_low_mad__sources_4__seed_3103	060126_10_rest	060126_10_rest__window_1_low_mad	3103	4	near_neighbor	compact_jepa_latent_temporal_change	frozen_training_robust_normalized	0.0	0	2	2	4	0.0	4	4	-0.00868212392747475	1.4357443433254957e-05	0.5
1001	060126_10_rest__window_1_low_mad__sources_4__seed_3103	060126_10_rest	060126_10_rest__window_1_low_mad	3103	4	near_neighbor	compact_jepa_masked_prediction_error_secondary	frozen_training_robust_normalized	0.0	0	4	4	4	0.25	4	3	0.07504615353949046	1.4357443433254957e-05	0.5
1001	060126_10_rest__window_1_low_mad__sources_4__seed_3103	060126_10_rest	060126_10_rest__window_1_low_mad	3103	4	near_neighbor	frozen_handcrafted_stack	raw_native_units	0.25	1	4	3	4	0.75	4	1	0.4439486522348285	1.4357443433254957e-05	0.5
1001	060126_10_rest__window_1_low_mad__sources_4__seed_3103	060126_10_rest	060126_10_rest__window_1_low_mad	3103	4	near_neighbor	frozen_random_encoder_latent_temporal_change	frozen_training_robust_normalized	0.25	1	4	3	4	0.0	4	4	0.0007326762838810383	1.4357443433254957e-05	0.5
1001	060126_10_rest__window_1_low_mad__sources_4__seed_3103	060126_10_rest	060126_10_rest__window_1_low_mad	3103	4	near_neighbor	masked_pixel_autoencoder_latent_temporal_change	frozen_training_robust_normalized	0.0	0	4	4	4	0.0	4	4	0.008061725133785336	1.4357443433254957e-05	0.5
1001	060126_10_rest__window_1_low_mad__sources_4__seed_3103	060126_10_rest	060126_10_rest__window_1_low_mad	3103	4	near_neighbor	masked_pixel_autoencoder_reconstruction_error_secondary	frozen_training_robust_normalized	0.0	0	4	4	4	0.75	4	1	0.9819013400921726	1.4357443433254957e-05	0.5
1001	060126_10_rest__window_2_median_mad__sources_1__seed_3101	060126_10_rest	060126_10_rest__window_2_median_mad	3101	1	single	compact_jepa_latent_temporal_change	frozen_training_robust_normalized	0.0	0	2	2	1	1.0	4	3	0.15629492007386503	5.897691153222695e-05	0.5
1001	060126_10_rest__window_2_median_mad__sources_1__seed_3101	060126_10_rest	060126_10_rest__window_2_median_mad	3101	1	single	compact_jepa_masked_prediction_error_secondary	frozen_training_robust_normalized	0.0	0	4	4	1	1.0	4	3	0.09776258936034976	5.897691153222695e-05	0.5
1001	060126_10_rest__window_2_median_mad__sources_1__seed_3101	060126_10_rest	060126_10_rest__window_2_median_mad	3101	1	single	frozen_handcrafted_stack	raw_native_units	0.0	0	4	4	1	1.0	4	3	1.069308762923567	5.897691153222695e-05	0.5
1001	060126_10_rest__window_2_median_mad__sources_1__seed_3101	060126_10_rest	060126_10_rest__window_2_median_mad	3101	1	single	frozen_random_encoder_latent_temporal_change	frozen_training_robust_normalized	0.0	0	4	4	1	1.0	4	3	0.14608865835528273	5.897691153222695e-05	0.5
1001	060126_10_rest__window_2_median_mad__sources_1__seed_3101	060126_10_rest	060126_10_rest__window_2_median_mad	3101	1	single	masked_pixel_autoencoder_latent_temporal_change	frozen_training_robust_normalized	0.0	0	4	4	1	1.0	4	3	0.060758901720284086	5.897691153222695e-05	0.5
1001	060126_10_rest__window_2_median_mad__sources_1__seed_3101	060126_10_rest	060126_10_rest__window_2_median_mad	3101	1	single	masked_pixel_autoencoder_reconstruction_error_secondary	frozen_training_robust_normalized	0.0	0	4	4	1	1.0	4	3	0.6941786479781393	5.897691153222695e-05	0.5
1001	060126_10_rest__window_2_median_mad__sources_1__seed_3102	060126_10_rest	060126_10_rest__window_2_median_mad	3102	1	single	compact_jepa_latent_temporal_change	frozen_training_robust_normalized	0.0	0	2	2	1	0.0	4	4	0.011263643323500272	6.091594696044922e-05	0.5
1001	060126_10_rest__window_2_median_mad__sources_1__seed_3102	060126_10_rest	060126_10_rest__window_2_median_mad	3102	1	single	compact_jepa_masked_prediction_error_secondary	frozen_training_robust_normalized	0.0	0	4	4	1	0.0	4	4	0.0979516582144071	6.091594696044922e-05	0.5
1001	060126_10_rest__window_2_median_mad__sources_1__seed_3102	060126_10_rest	060126_10_rest__window_2_median_mad	3102	1	single	frozen_handcrafted_stack	raw_native_units	0.0	0	4	4	1	1.0	2	1	2.082810702369029	6.091594696044922e-05	0.5
1001	060126_10_rest__window_2_median_mad__sources_1__seed_3102	060126_10_rest	060126_10_rest__window_2_median_mad	3102	1	single	frozen_random_encoder_latent_temporal_change	frozen_training_robust_normalized	0.0	0	4	4	1	0.0	4	4	0.009097033278654187	6.091594696044922e-05	0.5
1001	060126_10_rest__window_2_median_mad__sources_1__seed_3102	060126_10_rest	060126_10_rest__window_2_median_mad	3102	1	single	masked_pixel_autoencoder_latent_temporal_change	frozen_training_robust_normalized	0.0	0	4	4	1	0.0	4	4	0.30648651159302576	6.091594696044922e-05	0.5
1001	060126_10_rest__window_2_median_mad__sources_1__seed_3102	060126_10_rest	060126_10_rest__window_2_median_mad	3102	1	single	masked_pixel_autoencoder_reconstruction_error_secondary	frozen_training_robust_normalized	0.0	0	4	4	1	1.0	4	3	1.6248191039046311	6.091594696044922e-05	0.5
1001	060126_10_rest__window_2_median_mad__sources_1__seed_3103	060126_10_rest	060126_10_rest__window_2_median_mad	3103	1	single	compact_jepa_latent_temporal_change	frozen_training_robust_normalized	0.0	0	2	2	1	1.0	4	3	0.041808412652296845	3.0517578125e-05	0.5
1001	060126_10_rest__window_2_median_mad__sources_1__seed_3103	060126_10_rest	060126_10_rest__window_2_median_mad	3103	1	single	compact_jepa_masked_prediction_error_secondary	frozen_training_robust_normalized	0.0	0	4	4	1	0.0	4	4	-0.11877362814187803	3.0517578125e-05	0.5
1001	060126_10_rest__window_2_median_mad__sources_1__seed_3103	060126_10_rest	060126_10_rest__window_2_median_mad	3103	1	single	frozen_handcrafted_stack	raw_native_units	0.0	0	4	4	1	1.0	4	3	1.9391035851996583	3.0517578125e-05	0.5
1001	060126_10_rest__window_2_median_mad__sources_1__seed_3103	060126_10_rest	060126_10_rest__window_2_median_mad	3103	1	single	frozen_random_encoder_latent_temporal_change	frozen_training_robust_normalized	0.0	0	4	4	1	1.0	4	3	0.07061207349103549	3.0517578125e-05	0.5
1001	060126_10_rest__window_2_median_mad__sources_1__seed_3103	060126_10_rest	060126_10_rest__window_2_median_mad	3103	1	single	masked_pixel_autoencoder_latent_temporal_change	frozen_training_robust_normalized	0.0	0	4	4	1	1.0	4	3	0.04364951874831402	3.0517578125e-05	0.5
1001	060126_10_rest__window_2_median_mad__sources_1__seed_3103	060126_10_rest	060126_10_rest__window_2_median_mad	3103	1	single	masked_pixel_autoencoder_reconstruction_error_secondary	frozen_training_robust_normalized	0.0	0	4	4	1	1.0	4	3	0.15631671466765357	3.0517578125e-05	0.5
1001	060126_10_rest__window_2_median_mad__sources_2__seed_3101	060126_10_rest	060126_10_rest__window_2_median_mad	3101	2	separated	compact_jepa_latent_temporal_change	frozen_training_robust_normalized	0.0	0	2	2	2	1.0	4	2	0.09473896836703247	3.0517578125e-05	0.5
1001	060126_10_rest__window_2_median_mad__sources_2__seed_3101	060126_10_rest	060126_10_rest__window_2_median_mad	3101	2	separated	compact_jepa_masked_prediction_error_secondary	frozen_training_robust_normalized	0.0	0	4	4	2	0.0	4	4	-0.03600541870733004	3.0517578125e-05	0.5
1001	060126_10_rest__window_2_median_mad__sources_2__seed_3101	060126_10_rest	060126_10_rest__window_2_median_mad	3101	2	separated	frozen_handcrafted_stack	raw_native_units	0.0	0	4	4	2	1.0	4	2	1.7321249426030947	3.0517578125e-05	0.5
1001	060126_10_rest__window_2_median_mad__sources_2__seed_3101	060126_10_rest	060126_10_rest__window_2_median_mad	3101	2	separated	frozen_random_encoder_latent_temporal_change	frozen_training_robust_normalized	0.0	0	4	4	2	1.0	4	2	0.0742253554608728	3.0517578125e-05	0.5
1001	060126_10_rest__window_2_median_mad__sources_2__seed_3101	060126_10_rest	060126_10_rest__window_2_median_mad	3101	2	separated	masked_pixel_autoencoder_latent_temporal_change	frozen_training_robust_normalized	0.0	0	4	4	2	0.0	4	4	0.03413563429747091	3.0517578125e-05	0.5
1001	060126_10_rest__window_2_median_mad__sources_2__seed_3101	060126_10_rest	060126_10_rest__window_2_median_mad	3101	2	separated	masked_pixel_autoencoder_reconstruction_error_secondary	frozen_training_robust_normalized	0.0	0	4	4	2	1.0	4	2	0.1409280366996604	3.0517578125e-05	0.5
1001	060126_10_rest__window_2_median_mad__sources_2__seed_3102	060126_10_rest	060126_10_rest__window_2_median_mad	3102	2	overlap	compact_jepa_latent_temporal_change	frozen_training_robust_normalized	0.0	0	2	2	2	0.0	4	4	0.176325830555533	3.0517578125e-05	0.5
1001	060126_10_rest__window_2_median_mad__sources_2__seed_3102	060126_10_rest	060126_10_rest__window_2_median_mad	3102	2	overlap	compact_jepa_masked_prediction_error_secondary	frozen_training_robust_normalized	0.0	0	4	4	2	0.0	4	4	0.07166588541622343	3.0517578125e-05	0.5
1001	060126_10_rest__window_2_median_mad__sources_2__seed_3102	060126_10_rest	060126_10_rest__window_2_median_mad	3102	2	overlap	frozen_handcrafted_stack	raw_native_units	0.5	1	4	3	2	1.0	3	1	2.5441031086657064	3.0517578125e-05	0.5
1001	060126_10_rest__window_2_median_mad__sources_2__seed_3102	060126_10_rest	060126_10_rest__window_2_median_mad	3102	2	overlap	frozen_random_encoder_latent_temporal_change	frozen_training_robust_normalized	0.5	1	4	3	2	0.0	4	4	0.10721275260387804	3.0517578125e-05	0.5
1001	060126_10_rest__window_2_median_mad__sources_2__seed_3102	060126_10_rest	060126_10_rest__window_2_median_mad	3102	2	overlap	masked_pixel_autoencoder_latent_temporal_change	frozen_training_robust_normalized	0.0	0	4	4	2	0.0	4	4	0.0489049329495074	3.0517578125e-05	0.5
1001	060126_10_rest__window_2_median_mad__sources_2__seed_3102	060126_10_rest	060126_10_rest__window_2_median_mad	3102	2	overlap	masked_pixel_autoencoder_reconstruction_error_secondary	frozen_training_robust_normalized	0.0	0	4	4	2	1.0	4	2	1.0431808414072723	3.0517578125e-05	0.5
1001	060126_10_rest__window_2_median_mad__sources_2__seed_3103	060126_10_rest	060126_10_rest__window_2_median_mad	3103	2	near_neighbor	compact_jepa_latent_temporal_change	frozen_training_robust_normalized	0.0	0	2	2	2	0.5	4	3	0.15859824018183843	5.8710575103759766e-05	0.5
1001	060126_10_rest__window_2_median_mad__sources_2__seed_3103	060126_10_rest	060126_10_rest__window_2_median_mad	3103	2	near_neighbor	compact_jepa_masked_prediction_error_secondary	frozen_training_robust_normalized	0.0	0	4	4	2	0.0	4	4	-0.1676800363320795	5.8710575103759766e-05	0.5
1001	060126_10_rest__window_2_median_mad__sources_2__seed_3103	060126_10_rest	060126_10_rest__window_2_median_mad	3103	2	near_neighbor	frozen_handcrafted_stack	raw_native_units	0.0	0	4	4	2	1.0	4	2	0.4287116782358855	5.8710575103759766e-05	0.5
1001	060126_10_rest__window_2_median_mad__sources_2__seed_3103	060126_10_rest	060126_10_rest__window_2_median_mad	3103	2	near_neighbor	frozen_random_encoder_latent_temporal_change	frozen_training_robust_normalized	0.5	1	4	3	2	0.5	4	3	0.09305189564539962	5.8710575103759766e-05	0.5
1001	060126_10_rest__window_2_median_mad__sources_2__seed_3103	060126_10_rest	060126_10_rest__window_2_median_mad	3103	2	near_neighbor	masked_pixel_autoencoder_latent_temporal_change	frozen_training_robust_normalized	0.0	0	4	4	2	0.0	4	4	0.01980313443032622	5.8710575103759766e-05	0.5
1001	060126_10_rest__window_2_median_mad__sources_2__seed_3103	060126_10_rest	060126_10_rest__window_2_median_mad	3103	2	near_neighbor	masked_pixel_autoencoder_reconstruction_error_secondary	frozen_training_robust_normalized	0.0	0	4	4	2	1.0	4	2	0.5298288008306543	5.8710575103759766e-05	0.5
1001	060126_10_rest__window_2_median_mad__sources_4__seed_3101	060126_10_rest	060126_10_rest__window_2_median_mad	3101	4	separated	compact_jepa_latent_temporal_change	frozen_training_robust_normalized	0.0	0	2	2	4	0.25	4	3	0.08212689988209299	6.102025508880615e-05	0.5
1001	060126_10_rest__window_2_median_mad__sources_4__seed_3101	060126_10_rest	060126_10_rest__window_2_median_mad	3101	4	separated	compact_jepa_masked_prediction_error_secondary	frozen_training_robust_normalized	0.0	0	4	4	4	0.0	4	4	-0.10069728238917076	6.102025508880615e-05	0.5
1001	060126_10_rest__window_2_median_mad__sources_4__seed_3101	060126_10_rest	060126_10_rest__window_2_median_mad	3101	4	separated	frozen_handcrafted_stack	raw_native_units	0.25	1	4	3	4	1.0	4	0	2.713726143098473	6.102025508880615e-05	0.5
1001	060126_10_rest__window_2_median_mad__sources_4__seed_3101	060126_10_rest	060126_10_rest__window_2_median_mad	3101	4	separated	frozen_random_encoder_latent_temporal_change	frozen_training_robust_normalized	0.0	0	4	4	4	0.25	4	3	0.037249614161335654	6.102025508880615e-05	0.5
1001	060126_10_rest__window_2_median_mad__sources_4__seed_3101	060126_10_rest	060126_10_rest__window_2_median_mad	3101	4	separated	masked_pixel_autoencoder_latent_temporal_change	frozen_training_robust_normalized	0.25	1	4	3	4	0.0	4	4	-0.01571863662247544	6.102025508880615e-05	0.5
1001	060126_10_rest__window_2_median_mad__sources_4__seed_3101	060126_10_rest	060126_10_rest__window_2_median_mad	3101	4	separated	masked_pixel_autoencoder_reconstruction_error_secondary	frozen_training_robust_normalized	0.0	0	4	4	4	0.75	4	1	0.07476416137309724	6.102025508880615e-05	0.5
1001	060126_10_rest__window_2_median_mad__sources_4__seed_3102	060126_10_rest	060126_10_rest__window_2_median_mad	3102	4	overlap	compact_jepa_latent_temporal_change	frozen_training_robust_normalized	0.0	0	2	2	4	0.75	4	1	0.1544504094624397	6.103515625e-05	0.5
1001	060126_10_rest__window_2_median_mad__sources_4__seed_3102	060126_10_rest	060126_10_rest__window_2_median_mad	3102	4	overlap	compact_jepa_masked_prediction_error_secondary	frozen_training_robust_normalized	0.0	0	4	4	4	0.0	4	4	0.0008848924640082467	6.103515625e-05	0.5
1001	060126_10_rest__window_2_median_mad__sources_4__seed_3102	060126_10_rest	060126_10_rest__window_2_median_mad	3102	4	overlap	frozen_handcrafted_stack	raw_native_units	0.25	1	4	3	4	0.75	4	1	2.133680469479361	6.103515625e-05	0.5
1001	060126_10_rest__window_2_median_mad__sources_4__seed_3102	060126_10_rest	060126_10_rest__window_2_median_mad	3102	4	overlap	frozen_random_encoder_latent_temporal_change	frozen_training_robust_normalized	0.25	1	4	3	4	0.75	4	1	0.09579159258228631	6.103515625e-05	0.5
1001	060126_10_rest__window_2_median_mad__sources_4__seed_3102	060126_10_rest	060126_10_rest__window_2_median_mad	3102	4	overlap	masked_pixel_autoencoder_latent_temporal_change	frozen_training_robust_normalized	0.0	0	4	4	4	0.25	4	3	-0.0624115207037344	6.103515625e-05	0.5
1001	060126_10_rest__window_2_median_mad__sources_4__seed_3102	060126_10_rest	060126_10_rest__window_2_median_mad	3102	4	overlap	masked_pixel_autoencoder_reconstruction_error_secondary	frozen_training_robust_normalized	0.25	1	4	3	4	1.0	4	0	1.2605925505167885	6.103515625e-05	0.5
1001	060126_10_rest__window_2_median_mad__sources_4__seed_3103	060126_10_rest	060126_10_rest__window_2_median_mad	3103	4	near_neighbor	compact_jepa_latent_temporal_change	frozen_training_robust_normalized	0.0	0	2	2	4	0.75	4	1	0.10243598912076263	3.0517578125e-05	0.5
1001	060126_10_rest__window_2_median_mad__sources_4__seed_3103	060126_10_rest	060126_10_rest__window_2_median_mad	3103	4	near_neighbor	compact_jepa_masked_prediction_error_secondary	frozen_training_robust_normalized	0.0	0	4	4	4	0.0	4	4	-0.32370758339403777	3.0517578125e-05	0.5
1001	060126_10_rest__window_2_median_mad__sources_4__seed_3103	060126_10_rest	060126_10_rest__window_2_median_mad	3103	4	near_neighbor	frozen_handcrafted_stack	raw_native_units	0.0	0	4	4	4	1.0	4	0	1.1409131011558216	3.0517578125e-05	0.5
1001	060126_10_rest__window_2_median_mad__sources_4__seed_3103	060126_10_rest	060126_10_rest__window_2_median_mad	3103	4	near_neighbor	frozen_random_encoder_latent_temporal_change	frozen_training_robust_normalized	0.0	0	4	4	4	0.5	4	2	0.08149452543208235	3.0517578125e-05	0.5
1001	060126_10_rest__window_2_median_mad__sources_4__seed_3103	060126_10_rest	060126_10_rest__window_2_median_mad	3103	4	near_neighbor	masked_pixel_autoencoder_latent_temporal_change	frozen_training_robust_normalized	0.0	0	4	4	4	0.0	4	4	0.0004890143601600505	3.0517578125e-05	0.5
1001	060126_10_rest__window_2_median_mad__sources_4__seed_3103	060126_10_rest	060126_10_rest__window_2_median_mad	3103	4	near_neighbor	masked_pixel_autoencoder_reconstruction_error_secondary	frozen_training_robust_normalized	0.0	0	4	4	4	0.75	4	1	0.21555398977552834	3.0517578125e-05	0.5
1001	060126_10_rest__window_3_high_mad__sources_1__seed_3101	060126_10_rest	060126_10_rest__window_3_high_mad	3101	1	single	compact_jepa_latent_temporal_change	frozen_training_robust_normalized	0.0	0	1	1	1	0.0	4	4	0.00608012504133848	0.0001220703125	0.5
1001	060126_10_rest__window_3_high_mad__sources_1__seed_3101	060126_10_rest	060126_10_rest__window_3_high_mad	3101	1	single	compact_jepa_masked_prediction_error_secondary	frozen_training_robust_normalized	0.0	0	4	4	1	0.0	4	4	0.009420763174659008	0.0001220703125	0.5
1001	060126_10_rest__window_3_high_mad__sources_1__seed_3101	060126_10_rest	060126_10_rest__window_3_high_mad	3101	1	single	frozen_handcrafted_stack	raw_native_units	0.0	0	4	4	1	1.0	4	3	1.6790168002783363	0.0001220703125	0.5
1001	060126_10_rest__window_3_high_mad__sources_1__seed_3101	060126_10_rest	060126_10_rest__window_3_high_mad	3101	1	single	frozen_random_encoder_latent_temporal_change	frozen_training_robust_normalized	0.0	0	2	2	1	0.0	4	4	0.012268561717763915	0.0001220703125	0.5
1001	060126_10_rest__window_3_high_mad__sources_1__seed_3101	060126_10_rest	060126_10_rest__window_3_high_mad	3101	1	single	masked_pixel_autoencoder_latent_temporal_change	frozen_training_robust_normalized	0.0	0	3	3	1	0.0	4	4	0.007731956341236135	0.0001220703125	0.5
1001	060126_10_rest__window_3_high_mad__sources_1__seed_3101	060126_10_rest	060126_10_rest__window_3_high_mad	3101	1	single	masked_pixel_autoencoder_reconstruction_error_secondary	frozen_training_robust_normalized	0.0	0	4	4	1	1.0	4	3	0.2159937547988776	0.0001220703125	0.5
1001	060126_10_rest__window_3_high_mad__sources_1__seed_3102	060126_10_rest	060126_10_rest__window_3_high_mad	3102	1	single	compact_jepa_latent_temporal_change	frozen_training_robust_normalized	0.0	0	1	1	1	1.0	4	3	0.016780626750689587	0.0001220703125	0.5
1001	060126_10_rest__window_3_high_mad__sources_1__seed_3102	060126_10_rest	060126_10_rest__window_3_high_mad	3102	1	single	compact_jepa_masked_prediction_error_secondary	frozen_training_robust_normalized	0.0	0	4	4	1	0.0	4	4	0.02564048613892722	0.0001220703125	0.5
1001	060126_10_rest__window_3_high_mad__sources_1__seed_3102	060126_10_rest	060126_10_rest__window_3_high_mad	3102	1	single	frozen_handcrafted_stack	raw_native_units	1.0	1	4	3	1	1.0	4	3	0.5582096247638708	0.0001220703125	0.5
1001	060126_10_rest__window_3_high_mad__sources_1__seed_3102	060126_10_rest	060126_10_rest__window_3_high_mad	3102	1	single	frozen_random_encoder_latent_temporal_change	frozen_training_robust_normalized	0.0	0	2	2	1	1.0	4	3	0.01427347596194517	0.0001220703125	0.5
1001	060126_10_rest__window_3_high_mad__sources_1__seed_3102	060126_10_rest	060126_10_rest__window_3_high_mad	3102	1	single	masked_pixel_autoencoder_latent_temporal_change	frozen_training_robust_normalized	0.0	0	3	3	1	0.0	4	4	-0.02309140789276487	0.0001220703125	0.5
1001	060126_10_rest__window_3_high_mad__sources_1__seed_3102	060126_10_rest	060126_10_rest__window_3_high_mad	3102	1	single	masked_pixel_autoencoder_reconstruction_error_secondary	frozen_training_robust_normalized	0.0	0	4	4	1	1.0	4	3	0.17288073783859115	0.0001220703125	0.5
1001	060126_10_rest__window_3_high_mad__sources_1__seed_3103	060126_10_rest	060126_10_rest__window_3_high_mad	3103	1	single	compact_jepa_latent_temporal_change	frozen_training_robust_normalized	0.0	0	1	1	1	0.0	4	4	0.01083772916423087	0.0001220703125	0.5
1001	060126_10_rest__window_3_high_mad__sources_1__seed_3103	060126_10_rest	060126_10_rest__window_3_high_mad	3103	1	single	compact_jepa_masked_prediction_error_secondary	frozen_training_robust_normalized	0.0	0	4	4	1	0.0	4	4	-0.005701154622031357	0.0001220703125	0.5
1001	060126_10_rest__window_3_high_mad__sources_1__seed_3103	060126_10_rest	060126_10_rest__window_3_high_mad	3103	1	single	frozen_handcrafted_stack	raw_native_units	1.0	1	4	3	1	1.0	4	3	2.658865316791256	0.0001220703125	0.5
1001	060126_10_rest__window_3_high_mad__sources_1__seed_3103	060126_10_rest	060126_10_rest__window_3_high_mad	3103	1	single	frozen_random_encoder_latent_temporal_change	frozen_training_robust_normalized	0.0	0	2	2	1	0.0	4	4	0.0004224373438590501	0.0001220703125	0.5
1001	060126_10_rest__window_3_high_mad__sources_1__seed_3103	060126_10_rest	060126_10_rest__window_3_high_mad	3103	1	single	masked_pixel_autoencoder_latent_temporal_change	frozen_training_robust_normalized	0.0	0	3	3	1	0.0	4	4	0.005489198258952943	0.0001220703125	0.5
1001	060126_10_rest__window_3_high_mad__sources_1__seed_3103	060126_10_rest	060126_10_rest__window_3_high_mad	3103	1	single	masked_pixel_autoencoder_reconstruction_error_secondary	frozen_training_robust_normalized	0.0	0	4	4	1	1.0	4	3	0.3424991673875555	0.0001220703125	0.5
1001	060126_10_rest__window_3_high_mad__sources_2__seed_3101	060126_10_rest	060126_10_rest__window_3_high_mad	3101	2	separated	compact_jepa_latent_temporal_change	frozen_training_robust_normalized	0.0	0	1	1	2	0.5	4	3	0.010074878734194676	0.0001220703125	0.5
1001	060126_10_rest__window_3_high_mad__sources_2__seed_3101	060126_10_rest	060126_10_rest__window_3_high_mad	3101	2	separated	compact_jepa_masked_prediction_error_secondary	frozen_training_robust_normalized	0.0	0	4	4	2	0.0	4	4	-0.011586954189385351	0.0001220703125	0.5
1001	060126_10_rest__window_3_high_mad__sources_2__seed_3101	060126_10_rest	060126_10_rest__window_3_high_mad	3101	2	separated	frozen_handcrafted_stack	raw_native_units	0.0	0	4	4	2	1.0	4	2	1.8059463798928388	0.0001220703125	0.5
1001	060126_10_rest__window_3_high_mad__sources_2__seed_3101	060126_10_rest	060126_10_rest__window_3_high_mad	3101	2	separated	frozen_random_encoder_latent_temporal_change	frozen_training_robust_normalized	0.0	0	2	2	2	0.5	4	3	0.006508902952205735	0.0001220703125	0.5
1001	060126_10_rest__window_3_high_mad__sources_2__seed_3101	060126_10_rest	060126_10_rest__window_3_high_mad	3101	2	separated	masked_pixel_autoencoder_latent_temporal_change	frozen_training_robust_normalized	0.0	0	3	3	2	0.0	4	4	-0.017033476809786452	0.0001220703125	0.5
1001	060126_10_rest__window_3_high_mad__sources_2__seed_3101	060126_10_rest	060126_10_rest__window_3_high_mad	3101	2	separated	masked_pixel_autoencoder_reconstruction_error_secondary	frozen_training_robust_normalized	0.0	0	4	4	2	1.0	4	2	0.2847724277890046	0.0001220703125	0.5
1001	060126_10_rest__window_3_high_mad__sources_2__seed_3102	060126_10_rest	060126_10_rest__window_3_high_mad	3102	2	overlap	compact_jepa_latent_temporal_change	frozen_training_robust_normalized	0.0	0	1	1	2	0.0	4	4	0.02365796693884281	0.0001220703125	0.5
1001	060126_10_rest__window_3_high_mad__sources_2__seed_3102	060126_10_rest	060126_10_rest__window_3_high_mad	3102	2	overlap	compact_jepa_masked_prediction_error_secondary	frozen_training_robust_normalized	0.0	0	4	4	2	0.0	4	4	0.009709537030446413	0.0001220703125	0.5
1001	060126_10_rest__window_3_high_mad__sources_2__seed_3102	060126_10_rest	060126_10_rest__window_3_high_mad	3102	2	overlap	frozen_handcrafted_stack	raw_native_units	0.5	1	4	3	2	1.0	4	2	2.2540780184364673	0.0001220703125	0.5
1001	060126_10_rest__window_3_high_mad__sources_2__seed_3102	060126_10_rest	060126_10_rest__window_3_high_mad	3102	2	overlap	frozen_random_encoder_latent_temporal_change	frozen_training_robust_normalized	0.0	0	2	2	2	0.0	4	4	0.02796319008257342	0.0001220703125	0.5
1001	060126_10_rest__window_3_high_mad__sources_2__seed_3102	060126_10_rest	060126_10_rest__window_3_high_mad	3102	2	overlap	masked_pixel_autoencoder_latent_temporal_change	frozen_training_robust_normalized	0.0	0	3	3	2	0.0	4	4	0.019817681572729673	0.0001220703125	0.5
1001	060126_10_rest__window_3_high_mad__sources_2__seed_3102	060126_10_rest	060126_10_rest__window_3_high_mad	3102	2	overlap	masked_pixel_autoencoder_reconstruction_error_secondary	frozen_training_robust_normalized	0.0	0	4	4	2	0.5	4	3	0.27075370678773136	0.0001220703125	0.5
1001	060126_10_rest__window_3_high_mad__sources_2__seed_3103	060126_10_rest	060126_10_rest__window_3_high_mad	3103	2	near_neighbor	compact_jepa_latent_temporal_change	frozen_training_robust_normalized	0.0	0	1	1	2	0.5	4	3	0.013257259778896191	0.0001220703125	0.5
1001	060126_10_rest__window_3_high_mad__sources_2__seed_3103	060126_10_rest	060126_10_rest__window_3_high_mad	3103	2	near_neighbor	compact_jepa_masked_prediction_error_secondary	frozen_training_robust_normalized	0.0	0	4	4	2	0.0	4	4	-0.037403762702724164	0.0001220703125	0.5
1001	060126_10_rest__window_3_high_mad__sources_2__seed_3103	060126_10_rest	060126_10_rest__window_3_high_mad	3103	2	near_neighbor	frozen_handcrafted_stack	raw_native_units	0.0	0	4	4	2	1.0	4	2	1.059438136080983	0.0001220703125	0.5
1001	060126_10_rest__window_3_high_mad__sources_2__seed_3103	060126_10_rest	060126_10_rest__window_3_high_mad	3103	2	near_neighbor	frozen_random_encoder_latent_temporal_change	frozen_training_robust_normalized	0.0	0	2	2	2	0.5	4	3	0.010900629767669201	0.0001220703125	0.5
1001	060126_10_rest__window_3_high_mad__sources_2__seed_3103	060126_10_rest	060126_10_rest__window_3_high_mad	3103	2	near_neighbor	masked_pixel_autoencoder_latent_temporal_change	frozen_training_robust_normalized	0.0	0	3	3	2	0.0	4	4	0.0074839375157212396	0.0001220703125	0.5
1001	060126_10_rest__window_3_high_mad__sources_2__seed_3103	060126_10_rest	060126_10_rest__window_3_high_mad	3103	2	near_neighbor	masked_pixel_autoencoder_reconstruction_error_secondary	frozen_training_robust_normalized	0.0	0	4	4	2	1.0	4	2	0.22451639119545014	0.0001220703125	0.5
1001	060126_10_rest__window_3_high_mad__sources_4__seed_3101	060126_10_rest	060126_10_rest__window_3_high_mad	3101	4	separated	compact_jepa_latent_temporal_change	frozen_training_robust_normalized	0.25	1	2	1	4	0.5	4	2	0.008727249588338148	0.0001220703125	0.5
1001	060126_10_rest__window_3_high_mad__sources_4__seed_3101	060126_10_rest	060126_10_rest__window_3_high_mad	3101	4	separated	compact_jepa_masked_prediction_error_secondary	frozen_training_robust_normalized	0.0	0	4	4	4	0.5	4	2	0.03899279310219723	0.0001220703125	0.5
1001	060126_10_rest__window_3_high_mad__sources_4__seed_3101	060126_10_rest	060126_10_rest__window_3_high_mad	3101	4	separated	frozen_handcrafted_stack	raw_native_units	0.5	2	4	2	4	1.0	4	0	1.5509786513578534	0.0001220703125	0.5
1001	060126_10_rest__window_3_high_mad__sources_4__seed_3101	060126_10_rest	060126_10_rest__window_3_high_mad	3101	4	separated	frozen_random_encoder_latent_temporal_change	frozen_training_robust_normalized	0.0	0	2	2	4	0.25	4	3	0.009203604158456086	0.0001220703125	0.5
1001	060126_10_rest__window_3_high_mad__sources_4__seed_3101	060126_10_rest	060126_10_rest__window_3_high_mad	3101	4	separated	masked_pixel_autoencoder_latent_temporal_change	frozen_training_robust_normalized	0.0	0	3	3	4	0.25	4	3	0.008049819548648848	0.0001220703125	0.5
1001	060126_10_rest__window_3_high_mad__sources_4__seed_3101	060126_10_rest	060126_10_rest__window_3_high_mad	3101	4	separated	masked_pixel_autoencoder_reconstruction_error_secondary	frozen_training_robust_normalized	0.25	1	4	3	4	1.0	4	0	0.25275220707979296	0.0001220703125	0.5
1001	060126_10_rest__window_3_high_mad__sources_4__seed_3102	060126_10_rest	060126_10_rest__window_3_high_mad	3102	4	overlap	compact_jepa_latent_temporal_change	frozen_training_robust_normalized	0.0	0	1	1	4	0.25	4	3	0.01014302963716629	0.0001220703125	0.5
1001	060126_10_rest__window_3_high_mad__sources_4__seed_3102	060126_10_rest	060126_10_rest__window_3_high_mad	3102	4	overlap	compact_jepa_masked_prediction_error_secondary	frozen_training_robust_normalized	0.0	0	4	4	4	0.0	4	4	0.025579518468301754	0.0001220703125	0.5
1001	060126_10_rest__window_3_high_mad__sources_4__seed_3102	060126_10_rest	060126_10_rest__window_3_high_mad	3102	4	overlap	frozen_handcrafted_stack	raw_native_units	0.25	1	4	3	4	0.75	4	1	1.534258738727519	0.0001220703125	0.5
1001	060126_10_rest__window_3_high_mad__sources_4__seed_3102	060126_10_rest	060126_10_rest__window_3_high_mad	3102	4	overlap	frozen_random_encoder_latent_temporal_change	frozen_training_robust_normalized	0.0	0	2	2	4	0.25	4	3	0.027292529220718453	0.0001220703125	0.5
1001	060126_10_rest__window_3_high_mad__sources_4__seed_3102	060126_10_rest	060126_10_rest__window_3_high_mad	3102	4	overlap	masked_pixel_autoencoder_latent_temporal_change	frozen_training_robust_normalized	0.0	0	3	3	4	0.0	4	4	0.03948182768204578	0.0001220703125	0.5
1001	060126_10_rest__window_3_high_mad__sources_4__seed_3102	060126_10_rest	060126_10_rest__window_3_high_mad	3102	4	overlap	masked_pixel_autoencoder_reconstruction_error_secondary	frozen_training_robust_normalized	0.0	0	4	4	4	0.75	4	1	0.25940379254406803	0.0001220703125	0.5
1001	060126_10_rest__window_3_high_mad__sources_4__seed_3103	060126_10_rest	060126_10_rest__window_3_high_mad	3103	4	near_neighbor	compact_jepa_latent_temporal_change	frozen_training_robust_normalized	0.0	0	1	1	4	0.5	4	2	0.015543959771131322	0.0001220703125	0.5
1001	060126_10_rest__window_3_high_mad__sources_4__seed_3103	060126_10_rest	060126_10_rest__window_3_high_mad	3103	4	near_neighbor	compact_jepa_masked_prediction_error_secondary	frozen_training_robust_normalized	0.0	0	4	4	4	0.25	4	3	-0.02802441883445811	0.0001220703125	0.5
1001	060126_10_rest__window_3_high_mad__sources_4__seed_3103	060126_10_rest	060126_10_rest__window_3_high_mad	3103	4	near_neighbor	frozen_handcrafted_stack	raw_native_units	0.5	2	4	2	4	1.0	4	0	2.2450728915570117	0.0001220703125	0.5
1001	060126_10_rest__window_3_high_mad__sources_4__seed_3103	060126_10_rest	060126_10_rest__window_3_high_mad	3103	4	near_neighbor	frozen_random_encoder_latent_temporal_change	frozen_training_robust_normalized	0.0	0	2	2	4	0.75	4	1	0.01508706284442169	0.0001220703125	0.5
1001	060126_10_rest__window_3_high_mad__sources_4__seed_3103	060126_10_rest	060126_10_rest__window_3_high_mad	3103	4	near_neighbor	masked_pixel_autoencoder_latent_temporal_change	frozen_training_robust_normalized	0.0	0	3	3	4	0.0	4	4	0.0033612863323268863	0.0001220703125	0.5
1001	060126_10_rest__window_3_high_mad__sources_4__seed_3103	060126_10_rest	060126_10_rest__window_3_high_mad	3103	4	near_neighbor	masked_pixel_autoencoder_reconstruction_error_secondary	frozen_training_robust_normalized	0.0	0	4	4	4	1.0	4	0	0.21695238188163007	0.0001220703125	0.5
1001	060126_12_left__window_1_low_mad__sources_1__seed_3101	060126_12_left	060126_12_left__window_1_low_mad	3101	1	single	compact_jepa_latent_temporal_change	frozen_training_robust_normalized	0.0	0	2	2	1	0.0	4	4	-0.013014881070394502	1.0281801223754883e-05	0.5
1001	060126_12_left__window_1_low_mad__sources_1__seed_3101	060126_12_left	060126_12_left__window_1_low_mad	3101	1	single	compact_jepa_masked_prediction_error_secondary	frozen_training_robust_normalized	0.0	0	4	4	1	0.0	4	4	0.019794943092266898	1.0281801223754883e-05	0.5
1001	060126_12_left__window_1_low_mad__sources_1__seed_3101	060126_12_left	060126_12_left__window_1_low_mad	3101	1	single	frozen_handcrafted_stack	raw_native_units	0.0	0	4	4	1	1.0	4	3	2.1974012113701717	1.0281801223754883e-05	0.5
1001	060126_12_left__window_1_low_mad__sources_1__seed_3101	060126_12_left	060126_12_left__window_1_low_mad	3101	1	single	frozen_random_encoder_latent_temporal_change	frozen_training_robust_normalized	0.0	0	4	4	1	0.0	4	4	-0.018972801156261487	1.0281801223754883e-05	0.5
1001	060126_12_left__window_1_low_mad__sources_1__seed_3101	060126_12_left	060126_12_left__window_1_low_mad	3101	1	single	masked_pixel_autoencoder_latent_temporal_change	frozen_training_robust_normalized	0.0	0	4	4	1	0.0	4	4	-0.15343288560088347	1.0281801223754883e-05	0.5
1001	060126_12_left__window_1_low_mad__sources_1__seed_3101	060126_12_left	060126_12_left__window_1_low_mad	3101	1	single	masked_pixel_autoencoder_reconstruction_error_secondary	frozen_training_robust_normalized	1.0	1	4	3	1	1.0	4	3	2.331961301102064	1.0281801223754883e-05	0.5
1001	060126_12_left__window_1_low_mad__sources_1__seed_3102	060126_12_left	060126_12_left__window_1_low_mad	3102	1	single	compact_jepa_latent_temporal_change	frozen_training_robust_normalized	0.0	0	2	2	1	0.0	4	4	-0.003381281336375608	1.4021978131495416e-05	0.5
1001	060126_12_left__window_1_low_mad__sources_1__seed_3102	060126_12_left	060126_12_left__window_1_low_mad	3102	1	single	compact_jepa_masked_prediction_error_secondary	frozen_training_robust_normalized	0.0	0	4	4	1	0.0	4	4	0.014297537593098153	1.4021978131495416e-05	0.5
1001	060126_12_left__window_1_low_mad__sources_1__seed_3102	060126_12_left	060126_12_left__window_1_low_mad	3102	1	single	frozen_handcrafted_stack	raw_native_units	0.0	0	4	4	1	1.0	4	3	2.4066142888460025	1.4021978131495416e-05	0.5
1001	060126_12_left__window_1_low_mad__sources_1__seed_3102	060126_12_left	060126_12_left__window_1_low_mad	3102	1	single	frozen_random_encoder_latent_temporal_change	frozen_training_robust_normalized	0.0	0	4	4	1	0.0	4	4	-0.021395635033963356	1.4021978131495416e-05	0.5
1001	060126_12_left__window_1_low_mad__sources_1__seed_3102	060126_12_left	060126_12_left__window_1_low_mad	3102	1	single	masked_pixel_autoencoder_latent_temporal_change	frozen_training_robust_normalized	0.0	0	4	4	1	1.0	4	3	0.2066177630286688	1.4021978131495416e-05	0.5
1001	060126_12_left__window_1_low_mad__sources_1__seed_3102	060126_12_left	060126_12_left__window_1_low_mad	3102	1	single	masked_pixel_autoencoder_reconstruction_error_secondary	frozen_training_robust_normalized	0.0	0	4	4	1	1.0	4	3	1.2341196662020086	1.4021978131495416e-05	0.5
1001	060126_12_left__window_1_low_mad__sources_1__seed_3103	060126_12_left	060126_12_left__window_1_low_mad	3103	1	single	compact_jepa_latent_temporal_change	frozen_training_robust_normalized	0.0	0	2	2	1	0.0	4	4	-0.013279915929039598	7.929746061563492e-06	0.5
1001	060126_12_left__window_1_low_mad__sources_1__seed_3103	060126_12_left	060126_12_left__window_1_low_mad	3103	1	single	compact_jepa_masked_prediction_error_secondary	frozen_training_robust_normalized	0.0	0	4	4	1	1.0	4	3	0.129882260171576	7.929746061563492e-06	0.5
1001	060126_12_left__window_1_low_mad__sources_1__seed_3103	060126_12_left	060126_12_left__window_1_low_mad	3103	1	single	frozen_handcrafted_stack	raw_native_units	0.0	0	4	4	1	1.0	4	3	0.676641271134198	7.929746061563492e-06	0.5
1001	060126_12_left__window_1_low_mad__sources_1__seed_3103	060126_12_left	060126_12_left__window_1_low_mad	3103	1	single	frozen_random_encoder_latent_temporal_change	frozen_training_robust_normalized	0.0	0	4	4	1	0.0	4	4	-0.00789935877573153	7.929746061563492e-06	0.5
1001	060126_12_left__window_1_low_mad__sources_1__seed_3103	060126_12_left	060126_12_left__window_1_low_mad	3103	1	single	masked_pixel_autoencoder_latent_temporal_change	frozen_training_robust_normalized	0.0	0	4	4	1	1.0	4	3	0.13558464527329117	7.929746061563492e-06	0.5
1001	060126_12_left__window_1_low_mad__sources_1__seed_3103	060126_12_left	060126_12_left__window_1_low_mad	3103	1	single	masked_pixel_autoencoder_reconstruction_error_secondary	frozen_training_robust_normalized	1.0	1	4	3	1	1.0	4	3	1.3551502786954355	7.929746061563492e-06	0.5
1001	060126_12_left__window_1_low_mad__sources_2__seed_3101	060126_12_left	060126_12_left__window_1_low_mad	3101	2	separated	compact_jepa_latent_temporal_change	frozen_training_robust_normalized	0.0	0	2	2	2	0.0	4	4	-0.007107812313909535	1.502310624346137e-05	0.5
1001	060126_12_left__window_1_low_mad__sources_2__seed_3101	060126_12_left	060126_12_left__window_1_low_mad	3101	2	separated	compact_jepa_masked_prediction_error_secondary	frozen_training_robust_normalized	0.0	0	4	4	2	0.0	4	4	-0.011723736066611451	1.502310624346137e-05	0.5
1001	060126_12_left__window_1_low_mad__sources_2__seed_3101	060126_12_left	060126_12_left__window_1_low_mad	3101	2	separated	frozen_handcrafted_stack	raw_native_units	0.5	1	4	3	2	1.0	4	2	3.177645285205603	1.502310624346137e-05	0.5
1001	060126_12_left__window_1_low_mad__sources_2__seed_3101	060126_12_left	060126_12_left__window_1_low_mad	3101	2	separated	frozen_random_encoder_latent_temporal_change	frozen_training_robust_normalized	0.0	0	4	4	2	0.0	4	4	0.0027326441284062294	1.502310624346137e-05	0.5
1001	060126_12_left__window_1_low_mad__sources_2__seed_3101	060126_12_left	060126_12_left__window_1_low_mad	3101	2	separated	masked_pixel_autoencoder_latent_temporal_change	frozen_training_robust_normalized	0.0	0	4	4	2	0.0	4	4	-0.013422898975795516	1.502310624346137e-05	0.5
1001	060126_12_left__window_1_low_mad__sources_2__seed_3101	060126_12_left	060126_12_left__window_1_low_mad	3101	2	separated	masked_pixel_autoencoder_reconstruction_error_secondary	frozen_training_robust_normalized	0.0	0	4	4	2	1.0	4	2	1.1213360948673117	1.502310624346137e-05	0.5
1001	060126_12_left__window_1_low_mad__sources_2__seed_3102	060126_12_left	060126_12_left__window_1_low_mad	3102	2	overlap	compact_jepa_latent_temporal_change	frozen_training_robust_normalized	0.0	0	2	2	2	0.0	4	4	-0.005029401648304455	1.33514404296875e-05	0.5
1001	060126_12_left__window_1_low_mad__sources_2__seed_3102	060126_12_left	060126_12_left__window_1_low_mad	3102	2	overlap	compact_jepa_masked_prediction_error_secondary	frozen_training_robust_normalized	0.0	0	4	4	2	0.5	4	3	0.05530499054209631	1.33514404296875e-05	0.5
1001	060126_12_left__window_1_low_mad__sources_2__seed_3102	060126_12_left	060126_12_left__window_1_low_mad	3102	2	overlap	frozen_handcrafted_stack	raw_native_units	0.0	0	4	4	2	1.0	4	2	2.368854476485845	1.33514404296875e-05	0.5
1001	060126_12_left__window_1_low_mad__sources_2__seed_3102	060126_12_left	060126_12_left__window_1_low_mad	3102	2	overlap	frozen_random_encoder_latent_temporal_change	frozen_training_robust_normalized	0.5	1	4	3	2	0.0	4	4	-0.02218541038809052	1.33514404296875e-05	0.5
1001	060126_12_left__window_1_low_mad__sources_2__seed_3102	060126_12_left	060126_12_left__window_1_low_mad	3102	2	overlap	masked_pixel_autoencoder_latent_temporal_change	frozen_training_robust_normalized	0.0	0	4	4	2	0.0	4	4	-0.06151488853854403	1.33514404296875e-05	0.5
1001	060126_12_left__window_1_low_mad__sources_2__seed_3102	060126_12_left	060126_12_left__window_1_low_mad	3102	2	overlap	masked_pixel_autoencoder_reconstruction_error_secondary	frozen_training_robust_normalized	0.0	0	4	4	2	0.5	4	3	1.1458655152797028	1.33514404296875e-05	0.5
1001	060126_12_left__window_1_low_mad__sources_2__seed_3103	060126_12_left	060126_12_left__window_1_low_mad	3103	2	near_neighbor	compact_jepa_latent_temporal_change	frozen_training_robust_normalized	0.0	0	2	2	2	0.0	4	4	0.001777507408275203	1.33514404296875e-05	0.5
1001	060126_12_left__window_1_low_mad__sources_2__seed_3103	060126_12_left	060126_12_left__window_1_low_mad	3103	2	near_neighbor	compact_jepa_masked_prediction_error_secondary	frozen_training_robust_normalized	0.0	0	4	4	2	0.0	4	4	0.023242740818139263	1.33514404296875e-05	0.5
1001	060126_12_left__window_1_low_mad__sources_2__seed_3103	060126_12_left	060126_12_left__window_1_low_mad	3103	2	near_neighbor	frozen_handcrafted_stack	raw_native_units	1.0	2	4	2	2	1.0	4	2	1.5827192532893646	1.33514404296875e-05	0.5
1001	060126_12_left__window_1_low_mad__sources_2__seed_3103	060126_12_left	060126_12_left__window_1_low_mad	3103	2	near_neighbor	frozen_random_encoder_latent_temporal_change	frozen_training_robust_normalized	0.0	0	4	4	2	0.0	4	4	-0.019812071239559997	1.33514404296875e-05	0.5
1001	060126_12_left__window_1_low_mad__sources_2__seed_3103	060126_12_left	060126_12_left__window_1_low_mad	3103	2	near_neighbor	masked_pixel_autoencoder_latent_temporal_change	frozen_training_robust_normalized	0.0	0	4	4	2	0.0	4	4	0.07880941041621026	1.33514404296875e-05	0.5
1001	060126_12_left__window_1_low_mad__sources_2__seed_3103	060126_12_left	060126_12_left__window_1_low_mad	3103	2	near_neighbor	masked_pixel_autoencoder_reconstruction_error_secondary	frozen_training_robust_normalized	0.5	1	4	3	2	1.0	4	2	1.2199854332838949	1.33514404296875e-05	0.5
1001	060126_12_left__window_1_low_mad__sources_4__seed_3101	060126_12_left	060126_12_left__window_1_low_mad	3101	4	separated	compact_jepa_latent_temporal_change	frozen_training_robust_normalized	0.0	0	2	2	4	0.0	4	4	-0.005959240972753729	1.486700784880668e-05	0.5
1001	060126_12_left__window_1_low_mad__sources_4__seed_3101	060126_12_left	060126_12_left__window_1_low_mad	3101	4	separated	compact_jepa_masked_prediction_error_secondary	frozen_training_robust_normalized	0.0	0	4	4	4	0.5	4	2	0.08087843038493867	1.486700784880668e-05	0.5
1001	060126_12_left__window_1_low_mad__sources_4__seed_3101	060126_12_left	060126_12_left__window_1_low_mad	3101	4	separated	frozen_handcrafted_stack	raw_native_units	0.0	0	4	4	4	1.0	4	0	1.6595092740317643	1.486700784880668e-05	0.5
1001	060126_12_left__window_1_low_mad__sources_4__seed_3101	060126_12_left	060126_12_left__window_1_low_mad	3101	4	separated	frozen_random_encoder_latent_temporal_change	frozen_training_robust_normalized	0.0	0	4	4	4	0.25	4	3	0.008057741909079541	1.486700784880668e-05	0.5
1001	060126_12_left__window_1_low_mad__sources_4__seed_3101	060126_12_left	060126_12_left__window_1_low_mad	3101	4	separated	masked_pixel_autoencoder_latent_temporal_change	frozen_training_robust_normalized	0.0	0	4	4	4	0.25	4	3	0.03526834026220473	1.486700784880668e-05	0.5
1001	060126_12_left__window_1_low_mad__sources_4__seed_3101	060126_12_left	060126_12_left__window_1_low_mad	3101	4	separated	masked_pixel_autoencoder_reconstruction_error_secondary	frozen_training_robust_normalized	0.0	0	4	4	4	1.0	4	0	1.011780340953488	1.486700784880668e-05	0.5
1001	060126_12_left__window_1_low_mad__sources_4__seed_3102	060126_12_left	060126_12_left__window_1_low_mad	3102	4	overlap	compact_jepa_latent_temporal_change	frozen_training_robust_normalized	0.0	0	2	2	4	0.0	4	4	-0.007396455100416144	1.52587890625e-05	0.5
1001	060126_12_left__window_1_low_mad__sources_4__seed_3102	060126_12_left	060126_12_left__window_1_low_mad	3102	4	overlap	compact_jepa_masked_prediction_error_secondary	frozen_training_robust_normalized	0.0	0	4	4	4	0.25	4	3	0.060610667586790706	1.52587890625e-05	0.5
1001	060126_12_left__window_1_low_mad__sources_4__seed_3102	060126_12_left	060126_12_left__window_1_low_mad	3102	4	overlap	frozen_handcrafted_stack	raw_native_units	0.5	2	4	2	4	0.75	4	1	1.6193330633914842	1.52587890625e-05	0.5
1001	060126_12_left__window_1_low_mad__sources_4__seed_3102	060126_12_left	060126_12_left__window_1_low_mad	3102	4	overlap	frozen_random_encoder_latent_temporal_change	frozen_training_robust_normalized	0.0	0	4	4	4	0.0	4	4	-0.0370900123455519	1.52587890625e-05	0.5
1001	060126_12_left__window_1_low_mad__sources_4__seed_3102	060126_12_left	060126_12_left__window_1_low_mad	3102	4	overlap	masked_pixel_autoencoder_latent_temporal_change	frozen_training_robust_normalized	0.0	0	4	4	4	0.0	4	4	0.0036762792577323955	1.52587890625e-05	0.5
1001	060126_12_left__window_1_low_mad__sources_4__seed_3102	060126_12_left	060126_12_left__window_1_low_mad	3102	4	overlap	masked_pixel_autoencoder_reconstruction_error_secondary	frozen_training_robust_normalized	0.25	1	4	3	4	0.75	4	1	1.4157037525618241	1.52587890625e-05	0.5
1001	060126_12_left__window_1_low_mad__sources_4__seed_3103	060126_12_left	060126_12_left__window_1_low_mad	3103	4	near_neighbor	compact_jepa_latent_temporal_change	frozen_training_robust_normalized	0.0	0	2	2	4	0.0	4	4	-0.0034866692132384802	1.4982979337219149e-05	0.5
1001	060126_12_left__window_1_low_mad__sources_4__seed_3103	060126_12_left	060126_12_left__window_1_low_mad	3103	4	near_neighbor	compact_jepa_masked_prediction_error_secondary	frozen_training_robust_normalized	0.0	0	4	4	4	0.0	4	4	0.11290077917388884	1.4982979337219149e-05	0.5
1001	060126_12_left__window_1_low_mad__sources_4__seed_3103	060126_12_left	060126_12_left__window_1_low_mad	3103	4	near_neighbor	frozen_handcrafted_stack	raw_native_units	0.0	0	4	4	4	1.0	4	0	1.8523966894640336	1.4982979337219149e-05	0.5
1001	060126_12_left__window_1_low_mad__sources_4__seed_3103	060126_12_left	060126_12_left__window_1_low_mad	3103	4	near_neighbor	frozen_random_encoder_latent_temporal_change	frozen_training_robust_normalized	0.0	0	4	4	4	0.25	4	3	0.0006736633948822013	1.4982979337219149e-05	0.5
1001	060126_12_left__window_1_low_mad__sources_4__seed_3103	060126_12_left	060126_12_left__window_1_low_mad	3103	4	near_neighbor	masked_pixel_autoencoder_latent_temporal_change	frozen_training_robust_normalized	0.0	0	4	4	4	0.0	4	4	0.006426512142312407	1.4982979337219149e-05	0.5
1001	060126_12_left__window_1_low_mad__sources_4__seed_3103	060126_12_left	060126_12_left__window_1_low_mad	3103	4	near_neighbor	masked_pixel_autoencoder_reconstruction_error_secondary	frozen_training_robust_normalized	0.0	0	4	4	4	1.0	4	0	1.1884382598672263	1.4982979337219149e-05	0.5
1001	060126_12_left__window_2_median_mad__sources_1__seed_3101	060126_12_left	060126_12_left__window_2_median_mad	3101	1	single	compact_jepa_latent_temporal_change	frozen_training_robust_normalized	0.0	0	4	4	1	0.0	4	4	0.02812925469572844	3.0517578125e-05	0.5
1001	060126_12_left__window_2_median_mad__sources_1__seed_3101	060126_12_left	060126_12_left__window_2_median_mad	3101	1	single	compact_jepa_masked_prediction_error_secondary	frozen_training_robust_normalized	0.0	0	4	4	1	0.0	4	4	0.013592038140727902	3.0517578125e-05	0.5
1001	060126_12_left__window_2_median_mad__sources_1__seed_3101	060126_12_left	060126_12_left__window_2_median_mad	3101	1	single	frozen_handcrafted_stack	raw_native_units	1.0	1	4	3	1	1.0	2	1	1.646434977201984	3.0517578125e-05	0.5
1001	060126_12_left__window_2_median_mad__sources_1__seed_3101	060126_12_left	060126_12_left__window_2_median_mad	3101	1	single	frozen_random_encoder_latent_temporal_change	frozen_training_robust_normalized	0.0	0	4	4	1	0.0	4	4	0.044064706533007744	3.0517578125e-05	0.5
1001	060126_12_left__window_2_median_mad__sources_1__seed_3101	060126_12_left	060126_12_left__window_2_median_mad	3101	1	single	masked_pixel_autoencoder_latent_temporal_change	frozen_training_robust_normalized	0.0	0	4	4	1	0.0	4	4	0.04689145396301589	3.0517578125e-05	0.5
1001	060126_12_left__window_2_median_mad__sources_1__seed_3101	060126_12_left	060126_12_left__window_2_median_mad	3101	1	single	masked_pixel_autoencoder_reconstruction_error_secondary	frozen_training_robust_normalized	0.0	0	4	4	1	1.0	4	3	-0.058439520032970926	3.0517578125e-05	0.5
1001	060126_12_left__window_2_median_mad__sources_1__seed_3102	060126_12_left	060126_12_left__window_2_median_mad	3102	1	single	compact_jepa_latent_temporal_change	frozen_training_robust_normalized	0.0	0	4	4	1	0.0	4	4	0.035844375026787334	3.0517578125e-05	0.5
1001	060126_12_left__window_2_median_mad__sources_1__seed_3102	060126_12_left	060126_12_left__window_2_median_mad	3102	1	single	compact_jepa_masked_prediction_error_secondary	frozen_training_robust_normalized	0.0	0	4	4	1	0.0	4	4	-0.007757431685006137	3.0517578125e-05	0.5
1001	060126_12_left__window_2_median_mad__sources_1__seed_3102	060126_12_left	060126_12_left__window_2_median_mad	3102	1	single	frozen_handcrafted_stack	raw_native_units	0.0	0	4	4	1	1.0	4	3	1.5303275282369673	3.0517578125e-05	0.5
1001	060126_12_left__window_2_median_mad__sources_1__seed_3102	060126_12_left	060126_12_left__window_2_median_mad	3102	1	single	frozen_random_encoder_latent_temporal_change	frozen_training_robust_normalized	0.0	0	4	4	1	0.0	4	4	-0.018482616116460904	3.0517578125e-05	0.5
1001	060126_12_left__window_2_median_mad__sources_1__seed_3102	060126_12_left	060126_12_left__window_2_median_mad	3102	1	single	masked_pixel_autoencoder_latent_temporal_change	frozen_training_robust_normalized	0.0	0	4	4	1	0.0	4	4	0.10245931271102493	3.0517578125e-05	0.5
1001	060126_12_left__window_2_median_mad__sources_1__seed_3102	060126_12_left	060126_12_left__window_2_median_mad	3102	1	single	masked_pixel_autoencoder_reconstruction_error_secondary	frozen_training_robust_normalized	0.0	0	4	4	1	1.0	4	3	0.21830364724514484	3.0517578125e-05	0.5
1001	060126_12_left__window_2_median_mad__sources_1__seed_3103	060126_12_left	060126_12_left__window_2_median_mad	3103	1	single	compact_jepa_latent_temporal_change	frozen_training_robust_normalized	0.0	0	4	4	1	0.0	4	4	0.0405355806482397	3.0517578125e-05	0.5
1001	060126_12_left__window_2_median_mad__sources_1__seed_3103	060126_12_left	060126_12_left__window_2_median_mad	3103	1	single	compact_jepa_masked_prediction_error_secondary	frozen_training_robust_normalized	0.0	0	4	4	1	0.0	4	4	-0.0012512175371957035	3.0517578125e-05	0.5
1001	060126_12_left__window_2_median_mad__sources_1__seed_3103	060126_12_left	060126_12_left__window_2_median_mad	3103	1	single	frozen_handcrafted_stack	raw_native_units	1.0	1	4	3	1	1.0	4	3	2.048579651772517	3.0517578125e-05	0.5
1001	060126_12_left__window_2_median_mad__sources_1__seed_3103	060126_12_left	060126_12_left__window_2_median_mad	3103	1	single	frozen_random_encoder_latent_temporal_change	frozen_training_robust_normalized	0.0	0	4	4	1	0.0	4	4	0.03470610966252097	3.0517578125e-05	0.5
1001	060126_12_left__window_2_median_mad__sources_1__seed_3103	060126_12_left	060126_12_left__window_2_median_mad	3103	1	single	masked_pixel_autoencoder_latent_temporal_change	frozen_training_robust_normalized	0.0	0	4	4	1	0.0	4	4	-0.0613363101820914	3.0517578125e-05	0.5
1001	060126_12_left__window_2_median_mad__sources_1__seed_3103	060126_12_left	060126_12_left__window_2_median_mad	3103	1	single	masked_pixel_autoencoder_reconstruction_error_secondary	frozen_training_robust_normalized	0.0	0	4	4	1	1.0	4	3	0.5617136152039739	3.0517578125e-05	0.5
1001	060126_12_left__window_2_median_mad__sources_2__seed_3101	060126_12_left	060126_12_left__window_2_median_mad	3101	2	separated	compact_jepa_latent_temporal_change	frozen_training_robust_normalized	0.0	0	4	4	2	0.0	4	4	0.05432768022772688	3.0517578125e-05	0.5
1001	060126_12_left__window_2_median_mad__sources_2__seed_3101	060126_12_left	060126_12_left__window_2_median_mad	3101	2	separated	compact_jepa_masked_prediction_error_secondary	frozen_training_robust_normalized	0.0	0	4	4	2	0.0	4	4	0.1749523699804319	3.0517578125e-05	0.5
1001	060126_12_left__window_2_median_mad__sources_2__seed_3101	060126_12_left	060126_12_left__window_2_median_mad	3101	2	separated	frozen_handcrafted_stack	raw_native_units	0.5	1	4	3	2	1.0	4	2	2.0982872898747718	3.0517578125e-05	0.5
1001	060126_12_left__window_2_median_mad__sources_2__seed_3101	060126_12_left	060126_12_left__window_2_median_mad	3101	2	separated	frozen_random_encoder_latent_temporal_change	frozen_training_robust_normalized	0.0	0	4	4	2	0.5	4	3	0.055430853142134084	3.0517578125e-05	0.5
1001	060126_12_left__window_2_median_mad__sources_2__seed_3101	060126_12_left	060126_12_left__window_2_median_mad	3101	2	separated	masked_pixel_autoencoder_latent_temporal_change	frozen_training_robust_normalized	0.0	0	4	4	2	0.0	4	4	0.09076271910062644	3.0517578125e-05	0.5
1001	060126_12_left__window_2_median_mad__sources_2__seed_3101	060126_12_left	060126_12_left__window_2_median_mad	3101	2	separated	masked_pixel_autoencoder_reconstruction_error_secondary	frozen_training_robust_normalized	0.5	1	4	3	2	1.0	4	2	-0.26250995490438334	3.0517578125e-05	0.5
1001	060126_12_left__window_2_median_mad__sources_2__seed_3102	060126_12_left	060126_12_left__window_2_median_mad	3102	2	overlap	compact_jepa_latent_temporal_change	frozen_training_robust_normalized	0.5	1	4	3	2	0.5	4	3	0.15426512656748764	3.0517578125e-05	0.5
1001	060126_12_left__window_2_median_mad__sources_2__seed_3102	060126_12_left	060126_12_left__window_2_median_mad	3102	2	overlap	compact_jepa_masked_prediction_error_secondary	frozen_training_robust_normalized	0.0	0	4	4	2	0.5	4	3	0.009741383982466378	3.0517578125e-05	0.5
1001	060126_12_left__window_2_median_mad__sources_2__seed_3102	060126_12_left	060126_12_left__window_2_median_mad	3102	2	overlap	frozen_handcrafted_stack	raw_native_units	0.0	0	4	4	2	1.0	4	2	1.9953411273179604	3.0517578125e-05	0.5
1001	060126_12_left__window_2_median_mad__sources_2__seed_3102	060126_12_left	060126_12_left__window_2_median_mad	3102	2	overlap	frozen_random_encoder_latent_temporal_change	frozen_training_robust_normalized	0.0	0	4	4	2	0.5	4	3	0.13170001859515218	3.0517578125e-05	0.5
1001	060126_12_left__window_2_median_mad__sources_2__seed_3102	060126_12_left	060126_12_left__window_2_median_mad	3102	2	overlap	masked_pixel_autoencoder_latent_temporal_change	frozen_training_robust_normalized	0.0	0	4	4	2	0.5	4	3	0.2296126895854762	3.0517578125e-05	0.5
1001	060126_12_left__window_2_median_mad__sources_2__seed_3102	060126_12_left	060126_12_left__window_2_median_mad	3102	2	overlap	masked_pixel_autoencoder_reconstruction_error_secondary	frozen_training_robust_normalized	0.0	0	4	4	2	1.0	4	2	0.054224550216818324	3.0517578125e-05	0.5
1001	060126_12_left__window_2_median_mad__sources_2__seed_3103	060126_12_left	060126_12_left__window_2_median_mad	3103	2	near_neighbor	compact_jepa_latent_temporal_change	frozen_training_robust_normalized	0.0	0	4	4	2	0.5	4	3	0.09159233276096954	3.0517578125e-05	0.5
1001	060126_12_left__window_2_median_mad__sources_2__seed_3103	060126_12_left	060126_12_left__window_2_median_mad	3103	2	near_neighbor	compact_jepa_masked_prediction_error_secondary	frozen_training_robust_normalized	0.0	0	4	4	2	0.0	4	4	-0.02404649322150866	3.0517578125e-05	0.5
1001	060126_12_left__window_2_median_mad__sources_2__seed_3103	060126_12_left	060126_12_left__window_2_median_mad	3103	2	near_neighbor	frozen_handcrafted_stack	raw_native_units	0.5	1	4	3	2	1.0	4	2	1.4600497512300639	3.0517578125e-05	0.5
1001	060126_12_left__window_2_median_mad__sources_2__seed_3103	060126_12_left	060126_12_left__window_2_median_mad	3103	2	near_neighbor	frozen_random_encoder_latent_temporal_change	frozen_training_robust_normalized	0.0	0	4	4	2	0.5	4	3	0.04683339355765187	3.0517578125e-05	0.5
1001	060126_12_left__window_2_median_mad__sources_2__seed_3103	060126_12_left	060126_12_left__window_2_median_mad	3103	2	near_neighbor	masked_pixel_autoencoder_latent_temporal_change	frozen_training_robust_normalized	0.0	0	3	3	2	0.0	4	4	0.07003926731927179	3.0517578125e-05	0.5
1001	060126_12_left__window_2_median_mad__sources_2__seed_3103	060126_12_left	060126_12_left__window_2_median_mad	3103	2	near_neighbor	masked_pixel_autoencoder_reconstruction_error_secondary	frozen_training_robust_normalized	0.0	0	4	4	2	1.0	4	2	0.14291461031977507	3.0517578125e-05	0.5
1001	060126_12_left__window_2_median_mad__sources_4__seed_3101	060126_12_left	060126_12_left__window_2_median_mad	3101	4	separated	compact_jepa_latent_temporal_change	frozen_training_robust_normalized	0.0	0	4	4	4	0.0	4	4	0.025159210985691904	3.0517578125e-05	0.5
1001	060126_12_left__window_2_median_mad__sources_4__seed_3101	060126_12_left	060126_12_left__window_2_median_mad	3101	4	separated	compact_jepa_masked_prediction_error_secondary	frozen_training_robust_normalized	0.0	0	4	4	4	0.0	4	4	0.0005037057690667063	3.0517578125e-05	0.5
1001	060126_12_left__window_2_median_mad__sources_4__seed_3101	060126_12_left	060126_12_left__window_2_median_mad	3101	4	separated	frozen_handcrafted_stack	raw_native_units	0.5	2	4	2	4	1.0	4	0	2.233216284585936	3.0517578125e-05	0.5
1001	060126_12_left__window_2_median_mad__sources_4__seed_3101	060126_12_left	060126_12_left__window_2_median_mad	3101	4	separated	frozen_random_encoder_latent_temporal_change	frozen_training_robust_normalized	0.25	1	4	3	4	0.0	4	4	0.029358381702701955	3.0517578125e-05	0.5
1001	060126_12_left__window_2_median_mad__sources_4__seed_3101	060126_12_left	060126_12_left__window_2_median_mad	3101	4	separated	masked_pixel_autoencoder_latent_temporal_change	frozen_training_robust_normalized	0.0	0	4	4	4	0.0	4	4	-0.12002510604217442	3.0517578125e-05	0.5
1001	060126_12_left__window_2_median_mad__sources_4__seed_3101	060126_12_left	060126_12_left__window_2_median_mad	3101	4	separated	masked_pixel_autoencoder_reconstruction_error_secondary	frozen_training_robust_normalized	0.0	0	4	4	4	0.75	4	1	0.33016076818062107	3.0517578125e-05	0.5
1001	060126_12_left__window_2_median_mad__sources_4__seed_3102	060126_12_left	060126_12_left__window_2_median_mad	3102	4	overlap	compact_jepa_latent_temporal_change	frozen_training_robust_normalized	0.0	0	4	4	4	0.5	4	2	0.06947065295839525	3.0517578125e-05	0.5
1001	060126_12_left__window_2_median_mad__sources_4__seed_3102	060126_12_left	060126_12_left__window_2_median_mad	3102	4	overlap	compact_jepa_masked_prediction_error_secondary	frozen_training_robust_normalized	0.0	0	4	4	4	0.25	4	3	0.08237377195882728	3.0517578125e-05	0.5
1001	060126_12_left__window_2_median_mad__sources_4__seed_3102	060126_12_left	060126_12_left__window_2_median_mad	3102	4	overlap	frozen_handcrafted_stack	raw_native_units	0.25	1	4	3	4	0.75	4	1	2.637997891167406	3.0517578125e-05	0.5
1001	060126_12_left__window_2_median_mad__sources_4__seed_3102	060126_12_left	060126_12_left__window_2_median_mad	3102	4	overlap	frozen_random_encoder_latent_temporal_change	frozen_training_robust_normalized	0.0	0	4	4	4	0.5	4	2	0.07222189908133275	3.0517578125e-05	0.5
1001	060126_12_left__window_2_median_mad__sources_4__seed_3102	060126_12_left	060126_12_left__window_2_median_mad	3102	4	overlap	masked_pixel_autoencoder_latent_temporal_change	frozen_training_robust_normalized	0.0	0	3	3	4	0.25	4	3	-0.025465965522407485	3.0517578125e-05	0.5
1001	060126_12_left__window_2_median_mad__sources_4__seed_3102	060126_12_left	060126_12_left__window_2_median_mad	3102	4	overlap	masked_pixel_autoencoder_reconstruction_error_secondary	frozen_training_robust_normalized	0.0	0	4	4	4	0.75	4	1	0.648478362287525	3.0517578125e-05	0.5
1001	060126_12_left__window_2_median_mad__sources_4__seed_3103	060126_12_left	060126_12_left__window_2_median_mad	3103	4	near_neighbor	compact_jepa_latent_temporal_change	frozen_training_robust_normalized	0.0	0	4	4	4	0.75	4	1	0.07355724749632978	3.0517578125e-05	0.5
1001	060126_12_left__window_2_median_mad__sources_4__seed_3103	060126_12_left	060126_12_left__window_2_median_mad	3103	4	near_neighbor	compact_jepa_masked_prediction_error_secondary	frozen_training_robust_normalized	0.0	0	4	4	4	0.0	4	4	-0.059624261106791476	3.0517578125e-05	0.5
1001	060126_12_left__window_2_median_mad__sources_4__seed_3103	060126_12_left	060126_12_left__window_2_median_mad	3103	4	near_neighbor	frozen_handcrafted_stack	raw_native_units	0.5	2	4	2	4	1.0	4	0	1.8810479043941175	3.0517578125e-05	0.5
1001	060126_12_left__window_2_median_mad__sources_4__seed_3103	060126_12_left	060126_12_left__window_2_median_mad	3103	4	near_neighbor	frozen_random_encoder_latent_temporal_change	frozen_training_robust_normalized	0.25	1	4	3	4	0.75	4	1	0.10912907043455544	3.0517578125e-05	0.5
1001	060126_12_left__window_2_median_mad__sources_4__seed_3103	060126_12_left	060126_12_left__window_2_median_mad	3103	4	near_neighbor	masked_pixel_autoencoder_latent_temporal_change	frozen_training_robust_normalized	0.0	0	4	4	4	0.0	4	4	0.1456733600533578	3.0517578125e-05	0.5
1001	060126_12_left__window_2_median_mad__sources_4__seed_3103	060126_12_left	060126_12_left__window_2_median_mad	3103	4	near_neighbor	masked_pixel_autoencoder_reconstruction_error_secondary	frozen_training_robust_normalized	0.0	0	4	4	4	1.0	4	0	0.4283467288949786	3.0517578125e-05	0.5
1001	060126_12_left__window_3_high_mad__sources_1__seed_3101	060126_12_left	060126_12_left__window_3_high_mad	3101	1	single	compact_jepa_latent_temporal_change	frozen_training_robust_normalized	0.0	0	2	2	1	1.0	4	3	0.01629346942770482	0.0001220703125	0.5
1001	060126_12_left__window_3_high_mad__sources_1__seed_3101	060126_12_left	060126_12_left__window_3_high_mad	3101	1	single	compact_jepa_masked_prediction_error_secondary	frozen_training_robust_normalized	0.0	0	4	4	1	0.0	4	4	-0.030398829901883806	0.0001220703125	0.5
1001	060126_12_left__window_3_high_mad__sources_1__seed_3101	060126_12_left	060126_12_left__window_3_high_mad	3101	1	single	frozen_handcrafted_stack	raw_native_units	0.0	0	4	4	1	1.0	4	3	0.7114737710287061	0.0001220703125	0.5
1001	060126_12_left__window_3_high_mad__sources_1__seed_3101	060126_12_left	060126_12_left__window_3_high_mad	3101	1	single	frozen_random_encoder_latent_temporal_change	frozen_training_robust_normalized	0.0	0	1	1	1	0.0	4	4	0.0023613366812087477	0.0001220703125	0.5
1001	060126_12_left__window_3_high_mad__sources_1__seed_3101	060126_12_left	060126_12_left__window_3_high_mad	3101	1	single	masked_pixel_autoencoder_latent_temporal_change	frozen_training_robust_normalized	0.0	0	4	4	1	0.0	4	4	-0.015874135930580735	0.0001220703125	0.5
1001	060126_12_left__window_3_high_mad__sources_1__seed_3101	060126_12_left	060126_12_left__window_3_high_mad	3101	1	single	masked_pixel_autoencoder_reconstruction_error_secondary	frozen_training_robust_normalized	0.0	0	4	4	1	1.0	4	3	0.3263047564871764	0.0001220703125	0.5
1001	060126_12_left__window_3_high_mad__sources_1__seed_3102	060126_12_left	060126_12_left__window_3_high_mad	3102	1	single	compact_jepa_latent_temporal_change	frozen_training_robust_normalized	0.0	0	2	2	1	0.0	4	4	0.012416869587333457	0.0001220703125	0.5
1001	060126_12_left__window_3_high_mad__sources_1__seed_3102	060126_12_left	060126_12_left__window_3_high_mad	3102	1	single	compact_jepa_masked_prediction_error_secondary	frozen_training_robust_normalized	0.0	0	4	4	1	0.0	4	4	-0.013598575527249301	0.0001220703125	0.5
1001	060126_12_left__window_3_high_mad__sources_1__seed_3102	060126_12_left	060126_12_left__window_3_high_mad	3102	1	single	frozen_handcrafted_stack	raw_native_units	0.0	0	4	4	1	1.0	4	3	2.0868419536620566	0.0001220703125	0.5
1001	060126_12_left__window_3_high_mad__sources_1__seed_3102	060126_12_left	060126_12_left__window_3_high_mad	3102	1	single	frozen_random_encoder_latent_temporal_change	frozen_training_robust_normalized	0.0	0	1	1	1	0.0	4	4	0.0012750133325216684	0.0001220703125	0.5
1001	060126_12_left__window_3_high_mad__sources_1__seed_3102	060126_12_left	060126_12_left__window_3_high_mad	3102	1	single	masked_pixel_autoencoder_latent_temporal_change	frozen_training_robust_normalized	0.0	0	4	4	1	0.0	4	4	0.028981096805235085	0.0001220703125	0.5
1001	060126_12_left__window_3_high_mad__sources_1__seed_3102	060126_12_left	060126_12_left__window_3_high_mad	3102	1	single	masked_pixel_autoencoder_reconstruction_error_secondary	frozen_training_robust_normalized	0.0	0	4	4	1	1.0	4	3	0.16033329098524937	0.0001220703125	0.5
1001	060126_12_left__window_3_high_mad__sources_1__seed_3103	060126_12_left	060126_12_left__window_3_high_mad	3103	1	single	compact_jepa_latent_temporal_change	frozen_training_robust_normalized	0.0	0	2	2	1	1.0	4	3	0.01762545806662652	0.0001220703125	0.5
1001	060126_12_left__window_3_high_mad__sources_1__seed_3103	060126_12_left	060126_12_left__window_3_high_mad	3103	1	single	compact_jepa_masked_prediction_error_secondary	frozen_training_robust_normalized	0.0	0	4	4	1	0.0	4	4	0.005490071040219258	0.0001220703125	0.5
1001	060126_12_left__window_3_high_mad__sources_1__seed_3103	060126_12_left	060126_12_left__window_3_high_mad	3103	1	single	frozen_handcrafted_stack	raw_native_units	0.0	0	4	4	1	1.0	2	1	2.4470486953816475	0.0001220703125	0.5
1001	060126_12_left__window_3_high_mad__sources_1__seed_3103	060126_12_left	060126_12_left__window_3_high_mad	3103	1	single	frozen_random_encoder_latent_temporal_change	frozen_training_robust_normalized	0.0	0	1	1	1	0.0	4	4	0.0024655300913444256	0.0001220703125	0.5
1001	060126_12_left__window_3_high_mad__sources_1__seed_3103	060126_12_left	060126_12_left__window_3_high_mad	3103	1	single	masked_pixel_autoencoder_latent_temporal_change	frozen_training_robust_normalized	0.0	0	4	4	1	1.0	4	3	-0.01880942760852955	0.0001220703125	0.5
1001	060126_12_left__window_3_high_mad__sources_1__seed_3103	060126_12_left	060126_12_left__window_3_high_mad	3103	1	single	masked_pixel_autoencoder_reconstruction_error_secondary	frozen_training_robust_normalized	0.0	0	4	4	1	1.0	4	3	0.21633939076916853	0.0001220703125	0.5
1001	060126_12_left__window_3_high_mad__sources_2__seed_3101	060126_12_left	060126_12_left__window_3_high_mad	3101	2	separated	compact_jepa_latent_temporal_change	frozen_training_robust_normalized	0.0	0	2	2	2	0.5	4	3	0.02090476125129484	0.0001220703125	0.5
1001	060126_12_left__window_3_high_mad__sources_2__seed_3101	060126_12_left	060126_12_left__window_3_high_mad	3101	2	separated	compact_jepa_masked_prediction_error_secondary	frozen_training_robust_normalized	0.0	0	4	4	2	0.0	4	4	-0.01181599444801934	0.0001220703125	0.5
1001	060126_12_left__window_3_high_mad__sources_2__seed_3101	060126_12_left	060126_12_left__window_3_high_mad	3101	2	separated	frozen_handcrafted_stack	raw_native_units	0.5	1	4	3	2	1.0	4	2	2.0694068861435273	0.0001220703125	0.5
1001	060126_12_left__window_3_high_mad__sources_2__seed_3101	060126_12_left	060126_12_left__window_3_high_mad	3101	2	separated	frozen_random_encoder_latent_temporal_change	frozen_training_robust_normalized	0.0	0	1	1	2	0.5	4	3	0.008867786952077211	0.0001220703125	0.5
1001	060126_12_left__window_3_high_mad__sources_2__seed_3101	060126_12_left	060126_12_left__window_3_high_mad	3101	2	separated	masked_pixel_autoencoder_latent_temporal_change	frozen_training_robust_normalized	0.0	0	4	4	2	0.0	4	4	-0.09315029108494294	0.0001220703125	0.5
1001	060126_12_left__window_3_high_mad__sources_2__seed_3101	060126_12_left	060126_12_left__window_3_high_mad	3101	2	separated	masked_pixel_autoencoder_reconstruction_error_secondary	frozen_training_robust_normalized	0.0	0	4	4	2	1.0	4	2	0.24740395700137738	0.0001220703125	0.5
1001	060126_12_left__window_3_high_mad__sources_2__seed_3102	060126_12_left	060126_12_left__window_3_high_mad	3102	2	overlap	compact_jepa_latent_temporal_change	frozen_training_robust_normalized	0.0	0	2	2	2	0.0	4	4	-0.004875824456430568	0.0001220703125	0.5
1001	060126_12_left__window_3_high_mad__sources_2__seed_3102	060126_12_left	060126_12_left__window_3_high_mad	3102	2	overlap	compact_jepa_masked_prediction_error_secondary	frozen_training_robust_normalized	0.0	0	4	4	2	0.5	4	3	0.01276232503994107	0.0001220703125	0.5
1001	060126_12_left__window_3_high_mad__sources_2__seed_3102	060126_12_left	060126_12_left__window_3_high_mad	3102	2	overlap	frozen_handcrafted_stack	raw_native_units	0.0	0	4	4	2	1.0	4	2	0.33551138577979955	0.0001220703125	0.5
1001	060126_12_left__window_3_high_mad__sources_2__seed_3102	060126_12_left	060126_12_left__window_3_high_mad	3102	2	overlap	frozen_random_encoder_latent_temporal_change	frozen_training_robust_normalized	0.0	0	1	1	2	0.0	4	4	0.0005312436609924975	0.0001220703125	0.5
1001	060126_12_left__window_3_high_mad__sources_2__seed_3102	060126_12_left	060126_12_left__window_3_high_mad	3102	2	overlap	masked_pixel_autoencoder_latent_temporal_change	frozen_training_robust_normalized	0.0	0	4	4	2	0.0	4	4	-0.007625438650233796	0.0001220703125	0.5
1001	060126_12_left__window_3_high_mad__sources_2__seed_3102	060126_12_left	060126_12_left__window_3_high_mad	3102	2	overlap	masked_pixel_autoencoder_reconstruction_error_secondary	frozen_training_robust_normalized	0.0	0	4	4	2	1.0	4	2	0.13348137486039632	0.0001220703125	0.5
1001	060126_12_left__window_3_high_mad__sources_2__seed_3103	060126_12_left	060126_12_left__window_3_high_mad	3103	2	near_neighbor	compact_jepa_latent_temporal_change	frozen_training_robust_normalized	0.0	0	2	2	2	0.5	4	3	0.02319634123872308	0.0001220703125	0.5
1001	060126_12_left__window_3_high_mad__sources_2__seed_3103	060126_12_left	060126_12_left__window_3_high_mad	3103	2	near_neighbor	compact_jepa_masked_prediction_error_secondary	frozen_training_robust_normalized	0.0	0	4	4	2	0.0	4	4	0.002283017576514647	0.0001220703125	0.5
1001	060126_12_left__window_3_high_mad__sources_2__seed_3103	060126_12_left	060126_12_left__window_3_high_mad	3103	2	near_neighbor	frozen_handcrafted_stack	raw_native_units	0.0	0	4	4	2	1.0	4	2	0.9753950974833232	0.0001220703125	0.5
1001	060126_12_left__window_3_high_mad__sources_2__seed_3103	060126_12_left	060126_12_left__window_3_high_mad	3103	2	near_neighbor	frozen_random_encoder_latent_temporal_change	frozen_training_robust_normalized	0.0	0	1	1	2	0.0	4	4	0.013607516633003414	0.0001220703125	0.5
1001	060126_12_left__window_3_high_mad__sources_2__seed_3103	060126_12_left	060126_12_left__window_3_high_mad	3103	2	near_neighbor	masked_pixel_autoencoder_latent_temporal_change	frozen_training_robust_normalized	0.0	0	4	4	2	0.0	4	4	0.020434268624738794	0.0001220703125	0.5
1001	060126_12_left__window_3_high_mad__sources_2__seed_3103	060126_12_left	060126_12_left__window_3_high_mad	3103	2	near_neighbor	masked_pixel_autoencoder_reconstruction_error_secondary	frozen_training_robust_normalized	0.0	0	4	4	2	1.0	4	2	0.16672359736133666	0.0001220703125	0.5
1001	060126_12_left__window_3_high_mad__sources_4__seed_3101	060126_12_left	060126_12_left__window_3_high_mad	3101	4	separated	compact_jepa_latent_temporal_change	frozen_training_robust_normalized	0.0	0	2	2	4	0.75	4	1	0.016313985472085013	0.0001220703125	0.5
1001	060126_12_left__window_3_high_mad__sources_4__seed_3101	060126_12_left	060126_12_left__window_3_high_mad	3101	4	separated	compact_jepa_masked_prediction_error_secondary	frozen_training_robust_normalized	0.0	0	4	4	4	0.0	4	4	-0.0018527496811762134	0.0001220703125	0.5
1001	060126_12_left__window_3_high_mad__sources_4__seed_3101	060126_12_left	060126_12_left__window_3_high_mad	3101	4	separated	frozen_handcrafted_stack	raw_native_units	0.0	0	4	4	4	1.0	4	0	1.6591009505568302	0.0001220703125	0.5
1001	060126_12_left__window_3_high_mad__sources_4__seed_3101	060126_12_left	060126_12_left__window_3_high_mad	3101	4	separated	frozen_random_encoder_latent_temporal_change	frozen_training_robust_normalized	0.0	0	1	1	4	0.5	4	2	0.01586137709800396	0.0001220703125	0.5
1001	060126_12_left__window_3_high_mad__sources_4__seed_3101	060126_12_left	060126_12_left__window_3_high_mad	3101	4	separated	masked_pixel_autoencoder_latent_temporal_change	frozen_training_robust_normalized	0.0	0	4	4	4	0.0	4	4	0.01588088513803404	0.0001220703125	0.5
1001	060126_12_left__window_3_high_mad__sources_4__seed_3101	060126_12_left	060126_12_left__window_3_high_mad	3101	4	separated	masked_pixel_autoencoder_reconstruction_error_secondary	frozen_training_robust_normalized	0.0	0	4	4	4	1.0	4	0	0.19072427056900118	0.0001220703125	0.5
1001	060126_12_left__window_3_high_mad__sources_4__seed_3102	060126_12_left	060126_12_left__window_3_high_mad	3102	4	overlap	compact_jepa_latent_temporal_change	frozen_training_robust_normalized	0.0	0	2	2	4	0.25	4	3	0.009587054284084247	0.0001220703125	0.5
1001	060126_12_left__window_3_high_mad__sources_4__seed_3102	060126_12_left	060126_12_left__window_3_high_mad	3102	4	overlap	compact_jepa_masked_prediction_error_secondary	frozen_training_robust_normalized	0.0	0	4	4	4	0.25	4	3	-0.003080451390405803	0.0001220703125	0.5
1001	060126_12_left__window_3_high_mad__sources_4__seed_3102	060126_12_left	060126_12_left__window_3_high_mad	3102	4	overlap	frozen_handcrafted_stack	raw_native_units	0.0	0	4	4	4	0.75	4	1	-0.31021969089951923	0.0001220703125	0.5
1001	060126_12_left__window_3_high_mad__sources_4__seed_3102	060126_12_left	060126_12_left__window_3_high_mad	3102	4	overlap	frozen_random_encoder_latent_temporal_change	frozen_training_robust_normalized	0.0	0	1	1	4	0.25	4	3	0.01120821358590952	0.0001220703125	0.5
1001	060126_12_left__window_3_high_mad__sources_4__seed_3102	060126_12_left	060126_12_left__window_3_high_mad	3102	4	overlap	masked_pixel_autoencoder_latent_temporal_change	frozen_training_robust_normalized	0.0	0	4	4	4	0.0	4	4	-0.007163363365396136	0.0001220703125	0.5
1001	060126_12_left__window_3_high_mad__sources_4__seed_3102	060126_12_left	060126_12_left__window_3_high_mad	3102	4	overlap	masked_pixel_autoencoder_reconstruction_error_secondary	frozen_training_robust_normalized	0.0	0	4	4	4	0.75	4	1	0.1673700425633401	0.0001220703125	0.5
1001	060126_12_left__window_3_high_mad__sources_4__seed_3103	060126_12_left	060126_12_left__window_3_high_mad	3103	4	near_neighbor	compact_jepa_latent_temporal_change	frozen_training_robust_normalized	0.0	0	2	2	4	0.25	4	3	0.013802013432149068	0.0001220703125	0.5
1001	060126_12_left__window_3_high_mad__sources_4__seed_3103	060126_12_left	060126_12_left__window_3_high_mad	3103	4	near_neighbor	compact_jepa_masked_prediction_error_secondary	frozen_training_robust_normalized	0.0	0	4	4	4	0.0	4	4	0.02591052762562049	0.0001220703125	0.5
1001	060126_12_left__window_3_high_mad__sources_4__seed_3103	060126_12_left	060126_12_left__window_3_high_mad	3103	4	near_neighbor	frozen_handcrafted_stack	raw_native_units	0.0	0	4	4	4	0.75	4	1	0.32168228742518556	0.0001220703125	0.5
1001	060126_12_left__window_3_high_mad__sources_4__seed_3103	060126_12_left	060126_12_left__window_3_high_mad	3103	4	near_neighbor	frozen_random_encoder_latent_temporal_change	frozen_training_robust_normalized	0.0	0	1	1	4	0.25	4	3	0.008251047602494066	0.0001220703125	0.5
1001	060126_12_left__window_3_high_mad__sources_4__seed_3103	060126_12_left	060126_12_left__window_3_high_mad	3103	4	near_neighbor	masked_pixel_autoencoder_latent_temporal_change	frozen_training_robust_normalized	0.0	0	4	4	4	0.25	4	3	0.01456282627880115	0.0001220703125	0.5
1001	060126_12_left__window_3_high_mad__sources_4__seed_3103	060126_12_left	060126_12_left__window_3_high_mad	3103	4	near_neighbor	masked_pixel_autoencoder_reconstruction_error_secondary	frozen_training_robust_normalized	0.0	0	4	4	4	1.0	4	0	0.19343867401241324	0.0001220703125	0.5
1001	060126_15_right__window_1_low_mad__sources_1__seed_3101	060126_15_right	060126_15_right__window_1_low_mad	3101	1	single	compact_jepa_latent_temporal_change	frozen_training_robust_normalized	0.0	0	1	1	1	1.0	4	3	0.003744517651430912	1.1444091796875e-05	0.5
1001	060126_15_right__window_1_low_mad__sources_1__seed_3101	060126_15_right	060126_15_right__window_1_low_mad	3101	1	single	compact_jepa_masked_prediction_error_secondary	frozen_training_robust_normalized	0.0	0	4	4	1	1.0	4	3	0.0324304928632258	1.1444091796875e-05	0.5
1001	060126_15_right__window_1_low_mad__sources_1__seed_3101	060126_15_right	060126_15_right__window_1_low_mad	3101	1	single	frozen_handcrafted_stack	raw_native_units	0.0	0	4	4	1	1.0	4	3	1.1225364983067236	1.1444091796875e-05	0.5
1001	060126_15_right__window_1_low_mad__sources_1__seed_3101	060126_15_right	060126_15_right__window_1_low_mad	3101	1	single	frozen_random_encoder_latent_temporal_change	frozen_training_robust_normalized	0.0	0	4	4	1	0.0	4	4	-0.04240027430175386	1.1444091796875e-05	0.5
1001	060126_15_right__window_1_low_mad__sources_1__seed_3101	060126_15_right	060126_15_right__window_1_low_mad	3101	1	single	masked_pixel_autoencoder_latent_temporal_change	frozen_training_robust_normalized	0.0	0	4	4	1	0.0	4	4	0.010427509756969489	1.1444091796875e-05	0.5
1001	060126_15_right__window_1_low_mad__sources_1__seed_3101	060126_15_right	060126_15_right__window_1_low_mad	3101	1	single	masked_pixel_autoencoder_reconstruction_error_secondary	frozen_training_robust_normalized	0.0	0	4	4	1	1.0	4	3	0.9794093144520519	1.1444091796875e-05	0.5
1001	060126_15_right__window_1_low_mad__sources_1__seed_3102	060126_15_right	060126_15_right__window_1_low_mad	3102	1	single	compact_jepa_latent_temporal_change	frozen_training_robust_normalized	0.0	0	1	1	1	0.0	4	4	-0.007946401012354942	1.52587890625e-05	0.5
1001	060126_15_right__window_1_low_mad__sources_1__seed_3102	060126_15_right	060126_15_right__window_1_low_mad	3102	1	single	compact_jepa_masked_prediction_error_secondary	frozen_training_robust_normalized	0.0	0	4	4	1	0.0	4	4	0.01644653607928337	1.52587890625e-05	0.5
1001	060126_15_right__window_1_low_mad__sources_1__seed_3102	060126_15_right	060126_15_right__window_1_low_mad	3102	1	single	frozen_handcrafted_stack	raw_native_units	1.0	1	4	3	1	1.0	2	1	3.760215593941184	1.52587890625e-05	0.5
1001	060126_15_right__window_1_low_mad__sources_1__seed_3102	060126_15_right	060126_15_right__window_1_low_mad	3102	1	single	frozen_random_encoder_latent_temporal_change	frozen_training_robust_normalized	0.0	0	4	4	1	0.0	4	4	0.005192308525777012	1.52587890625e-05	0.5
1001	060126_15_right__window_1_low_mad__sources_1__seed_3102	060126_15_right	060126_15_right__window_1_low_mad	3102	1	single	masked_pixel_autoencoder_latent_temporal_change	frozen_training_robust_normalized	0.0	0	4	4	1	1.0	4	3	0.06451932312061737	1.52587890625e-05	0.5
1001	060126_15_right__window_1_low_mad__sources_1__seed_3102	060126_15_right	060126_15_right__window_1_low_mad	3102	1	single	masked_pixel_autoencoder_reconstruction_error_secondary	frozen_training_robust_normalized	0.0	0	4	4	1	1.0	4	3	1.5814143778813805	1.52587890625e-05	0.5
1001	060126_15_right__window_1_low_mad__sources_1__seed_3103	060126_15_right	060126_15_right__window_1_low_mad	3103	1	single	compact_jepa_latent_temporal_change	frozen_training_robust_normalized	0.0	0	1	1	1	0.0	4	4	0.0005776145584874826	1.5079975128173828e-05	0.5
1001	060126_15_right__window_1_low_mad__sources_1__seed_3103	060126_15_right	060126_15_right__window_1_low_mad	3103	1	single	compact_jepa_masked_prediction_error_secondary	frozen_training_robust_normalized	0.0	0	4	4	1	1.0	4	3	0.060780872596667423	1.5079975128173828e-05	0.5
1001	060126_15_right__window_1_low_mad__sources_1__seed_3103	060126_15_right	060126_15_right__window_1_low_mad	3103	1	single	frozen_handcrafted_stack	raw_native_units	1.0	1	4	3	1	1.0	4	3	3.9346878099524556	1.5079975128173828e-05	0.5
1001	060126_15_right__window_1_low_mad__sources_1__seed_3103	060126_15_right	060126_15_right__window_1_low_mad	3103	1	single	frozen_random_encoder_latent_temporal_change	frozen_training_robust_normalized	0.0	0	4	4	1	1.0	4	3	0.03728604560343207	1.5079975128173828e-05	0.5
1001	060126_15_right__window_1_low_mad__sources_1__seed_3103	060126_15_right	060126_15_right__window_1_low_mad	3103	1	single	masked_pixel_autoencoder_latent_temporal_change	frozen_training_robust_normalized	0.0	0	4	4	1	1.0	4	3	0.038715024914791174	1.5079975128173828e-05	0.5
1001	060126_15_right__window_1_low_mad__sources_1__seed_3103	060126_15_right	060126_15_right__window_1_low_mad	3103	1	single	masked_pixel_autoencoder_reconstruction_error_secondary	frozen_training_robust_normalized	0.0	0	4	4	1	1.0	4	3	1.3492409950529685	1.5079975128173828e-05	0.5
1001	060126_15_right__window_1_low_mad__sources_2__seed_3101	060126_15_right	060126_15_right__window_1_low_mad	3101	2	separated	compact_jepa_latent_temporal_change	frozen_training_robust_normalized	0.0	0	1	1	2	0.5	4	3	-0.002869431595322408	1.2517208233475685e-05	0.5
1001	060126_15_right__window_1_low_mad__sources_2__seed_3101	060126_15_right	060126_15_right__window_1_low_mad	3101	2	separated	compact_jepa_masked_prediction_error_secondary	frozen_training_robust_normalized	0.0	0	4	4	2	0.5	4	3	0.08775313445598237	1.2517208233475685e-05	0.5
1001	060126_15_right__window_1_low_mad__sources_2__seed_3101	060126_15_right	060126_15_right__window_1_low_mad	3101	2	separated	frozen_handcrafted_stack	raw_native_units	0.0	0	4	4	2	1.0	4	2	2.248914951686855	1.2517208233475685e-05	0.5
1001	060126_15_right__window_1_low_mad__sources_2__seed_3101	060126_15_right	060126_15_right__window_1_low_mad	3101	2	separated	frozen_random_encoder_latent_temporal_change	frozen_training_robust_normalized	0.0	0	4	4	2	0.0	4	4	-0.020617466438491716	1.2517208233475685e-05	0.5
1001	060126_15_right__window_1_low_mad__sources_2__seed_3101	060126_15_right	060126_15_right__window_1_low_mad	3101	2	separated	masked_pixel_autoencoder_latent_temporal_change	frozen_training_robust_normalized	0.0	0	4	4	2	0.0	4	4	-0.03128324407141234	1.2517208233475685e-05	0.5
1001	060126_15_right__window_1_low_mad__sources_2__seed_3101	060126_15_right	060126_15_right__window_1_low_mad	3101	2	separated	masked_pixel_autoencoder_reconstruction_error_secondary	frozen_training_robust_normalized	1.0	2	4	2	2	1.0	4	2	1.0014682992665396	1.2517208233475685e-05	0.5
1001	060126_15_right__window_1_low_mad__sources_2__seed_3102	060126_15_right	060126_15_right__window_1_low_mad	3102	2	overlap	compact_jepa_latent_temporal_change	frozen_training_robust_normalized	0.0	0	1	1	2	0.0	4	4	-0.017756790460156102	1.4856457710266113e-05	0.5
1001	060126_15_right__window_1_low_mad__sources_2__seed_3102	060126_15_right	060126_15_right__window_1_low_mad	3102	2	overlap	compact_jepa_masked_prediction_error_secondary	frozen_training_robust_normalized	0.0	0	4	4	2	0.0	4	4	0.02313101157805375	1.4856457710266113e-05	0.5
1001	060126_15_right__window_1_low_mad__sources_2__seed_3102	060126_15_right	060126_15_right__window_1_low_mad	3102	2	overlap	frozen_handcrafted_stack	raw_native_units	0.0	0	4	4	2	0.5	4	3	2.369275997633392	1.4856457710266113e-05	0.5
1001	060126_15_right__window_1_low_mad__sources_2__seed_3102	060126_15_right	060126_15_right__window_1_low_mad	3102	2	overlap	frozen_random_encoder_latent_temporal_change	frozen_training_robust_normalized	0.0	0	4	4	2	0.0	4	4	-0.08707023158784874	1.4856457710266113e-05	0.5
1001	060126_15_right__window_1_low_mad__sources_2__seed_3102	060126_15_right	060126_15_right__window_1_low_mad	3102	2	overlap	masked_pixel_autoencoder_latent_temporal_change	frozen_training_robust_normalized	0.0	0	4	4	2	0.0	4	4	-0.06086597774305569	1.4856457710266113e-05	0.5
1001	060126_15_right__window_1_low_mad__sources_2__seed_3102	060126_15_right	060126_15_right__window_1_low_mad	3102	2	overlap	masked_pixel_autoencoder_reconstruction_error_secondary	frozen_training_robust_normalized	0.5	1	4	3	2	0.5	4	3	2.4599972284236955	1.4856457710266113e-05	0.5
1001	060126_15_right__window_1_low_mad__sources_2__seed_3103	060126_15_right	060126_15_right__window_1_low_mad	3103	2	near_neighbor	compact_jepa_latent_temporal_change	frozen_training_robust_normalized	0.0	0	1	1	2	0.0	4	4	-0.015965528948664987	1.33514404296875e-05	0.5
1001	060126_15_right__window_1_low_mad__sources_2__seed_3103	060126_15_right	060126_15_right__window_1_low_mad	3103	2	near_neighbor	compact_jepa_masked_prediction_error_secondary	frozen_training_robust_normalized	0.0	0	4	4	2	0.0	4	4	0.0953966432681676	1.33514404296875e-05	0.5
1001	060126_15_right__window_1_low_mad__sources_2__seed_3103	060126_15_right	060126_15_right__window_1_low_mad	3103	2	near_neighbor	frozen_handcrafted_stack	raw_native_units	0.0	0	4	4	2	1.0	4	2	2.4340910480605267	1.33514404296875e-05	0.5
1001	060126_15_right__window_1_low_mad__sources_2__seed_3103	060126_15_right	060126_15_right__window_1_low_mad	3103	2	near_neighbor	frozen_random_encoder_latent_temporal_change	frozen_training_robust_normalized	0.0	0	4	4	2	0.0	4	4	-0.04278676944765758	1.33514404296875e-05	0.5
1001	060126_15_right__window_1_low_mad__sources_2__seed_3103	060126_15_right	060126_15_right__window_1_low_mad	3103	2	near_neighbor	masked_pixel_autoencoder_latent_temporal_change	frozen_training_robust_normalized	0.0	0	4	4	2	0.0	4	4	-0.0372010774466488	1.33514404296875e-05	0.5
1001	060126_15_right__window_1_low_mad__sources_2__seed_3103	060126_15_right	060126_15_right__window_1_low_mad	3103	2	near_neighbor	masked_pixel_autoencoder_reconstruction_error_secondary	frozen_training_robust_normalized	0.5	1	4	3	2	1.0	4	2	1.6489033642127664	1.33514404296875e-05	0.5
1001	060126_15_right__window_1_low_mad__sources_4__seed_3101	060126_15_right	060126_15_right__window_1_low_mad	3101	4	separated	compact_jepa_latent_temporal_change	frozen_training_robust_normalized	0.0	0	1	1	4	0.0	4	4	-0.00238410409015688	1.5062875718285795e-05	0.5
1001	060126_15_right__window_1_low_mad__sources_4__seed_3101	060126_15_right	060126_15_right__window_1_low_mad	3101	4	separated	compact_jepa_masked_prediction_error_secondary	frozen_training_robust_normalized	0.0	0	4	4	4	0.5	4	2	0.0671356068366801	1.5062875718285795e-05	0.5
1001	060126_15_right__window_1_low_mad__sources_4__seed_3101	060126_15_right	060126_15_right__window_1_low_mad	3101	4	separated	frozen_handcrafted_stack	raw_native_units	0.25	1	4	3	4	1.0	4	0	1.8370419217414826	1.5062875718285795e-05	0.5
1001	060126_15_right__window_1_low_mad__sources_4__seed_3101	060126_15_right	060126_15_right__window_1_low_mad	3101	4	separated	frozen_random_encoder_latent_temporal_change	frozen_training_robust_normalized	0.0	0	4	4	4	0.25	4	3	-0.002398758699103082	1.5062875718285795e-05	0.5
1001	060126_15_right__window_1_low_mad__sources_4__seed_3101	060126_15_right	060126_15_right__window_1_low_mad	3101	4	separated	masked_pixel_autoencoder_latent_temporal_change	frozen_training_robust_normalized	0.25	1	4	3	4	0.0	4	4	0.005463220254491141	1.5062875718285795e-05	0.5
1001	060126_15_right__window_1_low_mad__sources_4__seed_3101	060126_15_right	060126_15_right__window_1_low_mad	3101	4	separated	masked_pixel_autoencoder_reconstruction_error_secondary	frozen_training_robust_normalized	0.0	0	4	4	4	1.0	4	0	1.4199217864852358	1.5062875718285795e-05	0.5
1001	060126_15_right__window_1_low_mad__sources_4__seed_3102	060126_15_right	060126_15_right__window_1_low_mad	3102	4	overlap	compact_jepa_latent_temporal_change	frozen_training_robust_normalized	0.0	0	1	1	4	0.0	4	4	-0.003285314077433321	1.4781951904296875e-05	0.5
1001	060126_15_right__window_1_low_mad__sources_4__seed_3102	060126_15_right	060126_15_right__window_1_low_mad	3102	4	overlap	compact_jepa_masked_prediction_error_secondary	frozen_training_robust_normalized	0.0	0	4	4	4	0.25	4	3	0.05299173317889158	1.4781951904296875e-05	0.5
1001	060126_15_right__window_1_low_mad__sources_4__seed_3102	060126_15_right	060126_15_right__window_1_low_mad	3102	4	overlap	frozen_handcrafted_stack	raw_native_units	0.0	0	4	4	4	0.75	4	1	0.6305691658993339	1.4781951904296875e-05	0.5
1001	060126_15_right__window_1_low_mad__sources_4__seed_3102	060126_15_right	060126_15_right__window_1_low_mad	3102	4	overlap	frozen_random_encoder_latent_temporal_change	frozen_training_robust_normalized	0.0	0	4	4	4	0.0	4	4	-0.012292936834453483	1.4781951904296875e-05	0.5
1001	060126_15_right__window_1_low_mad__sources_4__seed_3102	060126_15_right	060126_15_right__window_1_low_mad	3102	4	overlap	masked_pixel_autoencoder_latent_temporal_change	frozen_training_robust_normalized	0.0	0	4	4	4	0.0	4	4	-0.00514656363107896	1.4781951904296875e-05	0.5
1001	060126_15_right__window_1_low_mad__sources_4__seed_3102	060126_15_right	060126_15_right__window_1_low_mad	3102	4	overlap	masked_pixel_autoencoder_reconstruction_error_secondary	frozen_training_robust_normalized	0.0	0	4	4	4	1.0	4	0	1.1644532078926602	1.4781951904296875e-05	0.5
1001	060126_15_right__window_1_low_mad__sources_4__seed_3103	060126_15_right	060126_15_right__window_1_low_mad	3103	4	near_neighbor	compact_jepa_latent_temporal_change	frozen_training_robust_normalized	0.0	0	1	1	4	0.0	4	4	-0.013312177708631245	1.52587890625e-05	0.5
1001	060126_15_right__window_1_low_mad__sources_4__seed_3103	060126_15_right	060126_15_right__window_1_low_mad	3103	4	near_neighbor	compact_jepa_masked_prediction_error_secondary	frozen_training_robust_normalized	0.0	0	4	4	4	0.5	4	2	0.03678518569420436	1.52587890625e-05	0.5
1001	060126_15_right__window_1_low_mad__sources_4__seed_3103	060126_15_right	060126_15_right__window_1_low_mad	3103	4	near_neighbor	frozen_handcrafted_stack	raw_native_units	0.5	2	4	2	4	1.0	4	0	1.8314836846386275	1.52587890625e-05	0.5
1001	060126_15_right__window_1_low_mad__sources_4__seed_3103	060126_15_right	060126_15_right__window_1_low_mad	3103	4	near_neighbor	frozen_random_encoder_latent_temporal_change	frozen_training_robust_normalized	0.25	1	4	3	4	0.0	4	4	-0.011680498187851107	1.52587890625e-05	0.5
1001	060126_15_right__window_1_low_mad__sources_4__seed_3103	060126_15_right	060126_15_right__window_1_low_mad	3103	4	near_neighbor	masked_pixel_autoencoder_latent_temporal_change	frozen_training_robust_normalized	0.0	0	4	4	4	0.25	4	3	-0.04357709794515208	1.52587890625e-05	0.5
1001	060126_15_right__window_1_low_mad__sources_4__seed_3103	060126_15_right	060126_15_right__window_1_low_mad	3103	4	near_neighbor	masked_pixel_autoencoder_reconstruction_error_secondary	frozen_training_robust_normalized	0.25	1	4	3	4	0.75	4	1	1.4560676423134695	1.52587890625e-05	0.5
1001	060126_15_right__window_2_median_mad__sources_1__seed_3101	060126_15_right	060126_15_right__window_2_median_mad	3101	1	single	compact_jepa_latent_temporal_change	frozen_training_robust_normalized	0.0	0	4	4	1	0.0	4	4	-0.005830175165334017	3.0517578125e-05	0.5
1001	060126_15_right__window_2_median_mad__sources_1__seed_3101	060126_15_right	060126_15_right__window_2_median_mad	3101	1	single	compact_jepa_masked_prediction_error_secondary	frozen_training_robust_normalized	0.0	0	4	4	1	0.0	4	4	0.09589322327948513	3.0517578125e-05	0.5
1001	060126_15_right__window_2_median_mad__sources_1__seed_3101	060126_15_right	060126_15_right__window_2_median_mad	3101	1	single	frozen_handcrafted_stack	raw_native_units	0.0	0	4	4	1	1.0	4	3	-0.21787204737344568	3.0517578125e-05	0.5
1001	060126_15_right__window_2_median_mad__sources_1__seed_3101	060126_15_right	060126_15_right__window_2_median_mad	3101	1	single	frozen_random_encoder_latent_temporal_change	frozen_training_robust_normalized	0.0	0	4	4	1	0.0	4	4	0.0037168777388043583	3.0517578125e-05	0.5
1001	060126_15_right__window_2_median_mad__sources_1__seed_3101	060126_15_right	060126_15_right__window_2_median_mad	3101	1	single	masked_pixel_autoencoder_latent_temporal_change	frozen_training_robust_normalized	0.0	0	3	3	1	0.0	4	4	0.007433788751702974	3.0517578125e-05	0.5
1001	060126_15_right__window_2_median_mad__sources_1__seed_3101	060126_15_right	060126_15_right__window_2_median_mad	3101	1	single	masked_pixel_autoencoder_reconstruction_error_secondary	frozen_training_robust_normalized	0.0	0	4	4	1	1.0	4	3	1.1828727843520737	3.0517578125e-05	0.5
1001	060126_15_right__window_2_median_mad__sources_1__seed_3102	060126_15_right	060126_15_right__window_2_median_mad	3102	1	single	compact_jepa_latent_temporal_change	frozen_training_robust_normalized	0.0	0	4	4	1	0.0	4	4	-0.12680126085130833	2.9911483579780906e-05	0.5
1001	060126_15_right__window_2_median_mad__sources_1__seed_3102	060126_15_right	060126_15_right__window_2_median_mad	3102	1	single	compact_jepa_masked_prediction_error_secondary	frozen_training_robust_normalized	0.0	0	4	4	1	1.0	4	3	0.03263302002062418	2.9911483579780906e-05	0.5
1001	060126_15_right__window_2_median_mad__sources_1__seed_3102	060126_15_right	060126_15_right__window_2_median_mad	3102	1	single	frozen_handcrafted_stack	raw_native_units	0.0	0	4	4	1	0.0	4	4	-2.022017175350389	2.9911483579780906e-05	0.5
1001	060126_15_right__window_2_median_mad__sources_1__seed_3102	060126_15_right	060126_15_right__window_2_median_mad	3102	1	single	frozen_random_encoder_latent_temporal_change	frozen_training_robust_normalized	0.0	0	4	4	1	0.0	4	4	-0.082298622401626	2.9911483579780906e-05	0.5
1001	060126_15_right__window_2_median_mad__sources_1__seed_3102	060126_15_right	060126_15_right__window_2_median_mad	3102	1	single	masked_pixel_autoencoder_latent_temporal_change	frozen_training_robust_normalized	0.0	0	3	3	1	0.0	4	4	-0.02995548443768803	2.9911483579780906e-05	0.5
1001	060126_15_right__window_2_median_mad__sources_1__seed_3102	060126_15_right	060126_15_right__window_2_median_mad	3102	1	single	masked_pixel_autoencoder_reconstruction_error_secondary	frozen_training_robust_normalized	0.0	0	4	4	1	1.0	4	3	0.41117097785808754	2.9911483579780906e-05	0.5
1001	060126_15_right__window_2_median_mad__sources_1__seed_3103	060126_15_right	060126_15_right__window_2_median_mad	3103	1	single	compact_jepa_latent_temporal_change	frozen_training_robust_normalized	0.0	0	4	4	1	0.0	4	4	-0.028687176152996097	2.999451317009516e-05	0.5
1001	060126_15_right__window_2_median_mad__sources_1__seed_3103	060126_15_right	060126_15_right__window_2_median_mad	3103	1	single	compact_jepa_masked_prediction_error_secondary	frozen_training_robust_normalized	0.0	0	4	4	1	0.0	4	4	0.04079068727726614	2.999451317009516e-05	0.5
1001	060126_15_right__window_2_median_mad__sources_1__seed_3103	060126_15_right	060126_15_right__window_2_median_mad	3103	1	single	frozen_handcrafted_stack	raw_native_units	0.0	0	4	4	1	0.0	3	3	-0.340912625817878	2.999451317009516e-05	0.5
1001	060126_15_right__window_2_median_mad__sources_1__seed_3103	060126_15_right	060126_15_right__window_2_median_mad	3103	1	single	frozen_random_encoder_latent_temporal_change	frozen_training_robust_normalized	0.0	0	4	4	1	0.0	4	4	-0.038255415607818255	2.999451317009516e-05	0.5
1001	060126_15_right__window_2_median_mad__sources_1__seed_3103	060126_15_right	060126_15_right__window_2_median_mad	3103	1	single	masked_pixel_autoencoder_latent_temporal_change	frozen_training_robust_normalized	0.0	0	3	3	1	0.0	4	4	-0.004263509751087913	2.999451317009516e-05	0.5
1001	060126_15_right__window_2_median_mad__sources_1__seed_3103	060126_15_right	060126_15_right__window_2_median_mad	3103	1	single	masked_pixel_autoencoder_reconstruction_error_secondary	frozen_training_robust_normalized	0.0	0	4	4	1	1.0	4	3	0.6052102281978817	2.999451317009516e-05	0.5
1001	060126_15_right__window_2_median_mad__sources_2__seed_3101	060126_15_right	060126_15_right__window_2_median_mad	3101	2	separated	compact_jepa_latent_temporal_change	frozen_training_robust_normalized	0.0	0	4	4	2	0.0	4	4	-0.06760543321567258	2.9981136322021484e-05	0.5
1001	060126_15_right__window_2_median_mad__sources_2__seed_3101	060126_15_right	060126_15_right__window_2_median_mad	3101	2	separated	compact_jepa_masked_prediction_error_secondary	frozen_training_robust_normalized	0.0	0	4	4	2	0.0	4	4	0.0037521081476473706	2.9981136322021484e-05	0.5
1001	060126_15_right__window_2_median_mad__sources_2__seed_3101	060126_15_right	060126_15_right__window_2_median_mad	3101	2	separated	frozen_handcrafted_stack	raw_native_units	0.0	0	4	4	2	0.5	4	3	0.48487419231905204	2.9981136322021484e-05	0.5
1001	060126_15_right__window_2_median_mad__sources_2__seed_3101	060126_15_right	060126_15_right__window_2_median_mad	3101	2	separated	frozen_random_encoder_latent_temporal_change	frozen_training_robust_normalized	0.0	0	4	4	2	0.0	4	4	-0.0810113364039811	2.9981136322021484e-05	0.5
1001	060126_15_right__window_2_median_mad__sources_2__seed_3101	060126_15_right	060126_15_right__window_2_median_mad	3101	2	separated	masked_pixel_autoencoder_latent_temporal_change	frozen_training_robust_normalized	0.0	0	3	3	2	0.0	4	4	0.0018245561329034987	2.9981136322021484e-05	0.5
1001	060126_15_right__window_2_median_mad__sources_2__seed_3101	060126_15_right	060126_15_right__window_2_median_mad	3101	2	separated	masked_pixel_autoencoder_reconstruction_error_secondary	frozen_training_robust_normalized	0.0	0	4	4	2	1.0	4	2	0.5362601498722486	2.9981136322021484e-05	0.5
1001	060126_15_right__window_2_median_mad__sources_2__seed_3102	060126_15_right	060126_15_right__window_2_median_mad	3102	2	overlap	compact_jepa_latent_temporal_change	frozen_training_robust_normalized	0.0	0	4	4	2	0.0	4	4	-0.12310903200370416	3.0517578125e-05	0.5
1001	060126_15_right__window_2_median_mad__sources_2__seed_3102	060126_15_right	060126_15_right__window_2_median_mad	3102	2	overlap	compact_jepa_masked_prediction_error_secondary	frozen_training_robust_normalized	0.0	0	4	4	2	0.5	4	3	0.11421893983033232	3.0517578125e-05	0.5
1001	060126_15_right__window_2_median_mad__sources_2__seed_3102	060126_15_right	060126_15_right__window_2_median_mad	3102	2	overlap	frozen_handcrafted_stack	raw_native_units	0.0	0	4	4	2	1.0	4	2	-0.36106749547842604	3.0517578125e-05	0.5
1001	060126_15_right__window_2_median_mad__sources_2__seed_3102	060126_15_right	060126_15_right__window_2_median_mad	3102	2	overlap	frozen_random_encoder_latent_temporal_change	frozen_training_robust_normalized	0.0	0	4	4	2	0.0	4	4	-0.0996326328701505	3.0517578125e-05	0.5
1001	060126_15_right__window_2_median_mad__sources_2__seed_3102	060126_15_right	060126_15_right__window_2_median_mad	3102	2	overlap	masked_pixel_autoencoder_latent_temporal_change	frozen_training_robust_normalized	0.0	0	3	3	2	0.0	4	4	-0.0379483628775624	3.0517578125e-05	0.5
1001	060126_15_right__window_2_median_mad__sources_2__seed_3102	060126_15_right	060126_15_right__window_2_median_mad	3102	2	overlap	masked_pixel_autoencoder_reconstruction_error_secondary	frozen_training_robust_normalized	0.0	0	4	4	2	0.5	4	3	0.8723720653102346	3.0517578125e-05	0.5
1001	060126_15_right__window_2_median_mad__sources_2__seed_3103	060126_15_right	060126_15_right__window_2_median_mad	3103	2	near_neighbor	compact_jepa_latent_temporal_change	frozen_training_robust_normalized	0.0	0	4	4	2	0.0	4	4	-0.11652635466759173	3.0517578125e-05	0.5
1001	060126_15_right__window_2_median_mad__sources_2__seed_3103	060126_15_right	060126_15_right__window_2_median_mad	3103	2	near_neighbor	compact_jepa_masked_prediction_error_secondary	frozen_training_robust_normalized	0.0	0	4	4	2	0.0	4	4	0.016212235587261092	3.0517578125e-05	0.5
1001	060126_15_right__window_2_median_mad__sources_2__seed_3103	060126_15_right	060126_15_right__window_2_median_mad	3103	2	near_neighbor	frozen_handcrafted_stack	raw_native_units	0.0	0	4	4	2	0.5	4	3	-0.5002043258491945	3.0517578125e-05	0.5
1001	060126_15_right__window_2_median_mad__sources_2__seed_3103	060126_15_right	060126_15_right__window_2_median_mad	3103	2	near_neighbor	frozen_random_encoder_latent_temporal_change	frozen_training_robust_normalized	0.0	0	4	4	2	0.0	4	4	-0.1232996907828147	3.0517578125e-05	0.5
1001	060126_15_right__window_2_median_mad__sources_2__seed_3103	060126_15_right	060126_15_right__window_2_median_mad	3103	2	near_neighbor	masked_pixel_autoencoder_latent_temporal_change	frozen_training_robust_normalized	0.0	0	3	3	2	0.0	4	4	-0.0965812407023443	3.0517578125e-05	0.5
1001	060126_15_right__window_2_median_mad__sources_2__seed_3103	060126_15_right	060126_15_right__window_2_median_mad	3103	2	near_neighbor	masked_pixel_autoencoder_reconstruction_error_secondary	frozen_training_robust_normalized	0.0	0	4	4	2	1.0	4	2	0.14368046633384468	3.0517578125e-05	0.5
1001	060126_15_right__window_2_median_mad__sources_4__seed_3101	060126_15_right	060126_15_right__window_2_median_mad	3101	4	separated	compact_jepa_latent_temporal_change	frozen_training_robust_normalized	0.0	0	4	4	4	0.0	4	4	-0.02975200913620324	3.0517578125e-05	0.5
1001	060126_15_right__window_2_median_mad__sources_4__seed_3101	060126_15_right	060126_15_right__window_2_median_mad	3101	4	separated	compact_jepa_masked_prediction_error_secondary	frozen_training_robust_normalized	0.0	0	4	4	4	0.25	4	3	0.028147182301248297	3.0517578125e-05	0.5
1001	060126_15_right__window_2_median_mad__sources_4__seed_3101	060126_15_right	060126_15_right__window_2_median_mad	3101	4	separated	frozen_handcrafted_stack	raw_native_units	0.0	0	4	4	4	0.5	4	2	-0.6198736240584708	3.0517578125e-05	0.5
1001	060126_15_right__window_2_median_mad__sources_4__seed_3101	060126_15_right	060126_15_right__window_2_median_mad	3101	4	separated	frozen_random_encoder_latent_temporal_change	frozen_training_robust_normalized	0.0	0	4	4	4	0.0	4	4	-0.043950631497921416	3.0517578125e-05	0.5
1001	060126_15_right__window_2_median_mad__sources_4__seed_3101	060126_15_right	060126_15_right__window_2_median_mad	3101	4	separated	masked_pixel_autoencoder_latent_temporal_change	frozen_training_robust_normalized	0.0	0	3	3	4	0.0	4	4	-0.020583067221543294	3.0517578125e-05	0.5
1001	060126_15_right__window_2_median_mad__sources_4__seed_3101	060126_15_right	060126_15_right__window_2_median_mad	3101	4	separated	masked_pixel_autoencoder_reconstruction_error_secondary	frozen_training_robust_normalized	0.0	0	4	4	4	1.0	4	0	0.14101509369122545	3.0517578125e-05	0.5
1001	060126_15_right__window_2_median_mad__sources_4__seed_3102	060126_15_right	060126_15_right__window_2_median_mad	3102	4	overlap	compact_jepa_latent_temporal_change	frozen_training_robust_normalized	0.0	0	4	4	4	0.0	4	4	-0.03713182175628327	3.0517578125e-05	0.5
1001	060126_15_right__window_2_median_mad__sources_4__seed_3102	060126_15_right	060126_15_right__window_2_median_mad	3102	4	overlap	compact_jepa_masked_prediction_error_secondary	frozen_training_robust_normalized	0.0	0	4	4	4	0.0	4	4	0.01978475913558214	3.0517578125e-05	0.5
1001	060126_15_right__window_2_median_mad__sources_4__seed_3102	060126_15_right	060126_15_right__window_2_median_mad	3102	4	overlap	frozen_handcrafted_stack	raw_native_units	0.0	0	4	4	4	0.25	4	3	-0.8672632074642852	3.0517578125e-05	0.5
1001	060126_15_right__window_2_median_mad__sources_4__seed_3102	060126_15_right	060126_15_right__window_2_median_mad	3102	4	overlap	frozen_random_encoder_latent_temporal_change	frozen_training_robust_normalized	0.0	0	4	4	4	0.0	4	4	-0.011814973115086225	3.0517578125e-05	0.5
1001	060126_15_right__window_2_median_mad__sources_4__seed_3102	060126_15_right	060126_15_right__window_2_median_mad	3102	4	overlap	masked_pixel_autoencoder_latent_temporal_change	frozen_training_robust_normalized	0.0	0	3	3	4	0.25	4	3	-0.018364593327162004	3.0517578125e-05	0.5
1001	060126_15_right__window_2_median_mad__sources_4__seed_3102	060126_15_right	060126_15_right__window_2_median_mad	3102	4	overlap	masked_pixel_autoencoder_reconstruction_error_secondary	frozen_training_robust_normalized	0.0	0	4	4	4	0.75	4	1	0.41506463645417035	3.0517578125e-05	0.5
1001	060126_15_right__window_2_median_mad__sources_4__seed_3103	060126_15_right	060126_15_right__window_2_median_mad	3103	4	near_neighbor	compact_jepa_latent_temporal_change	frozen_training_robust_normalized	0.0	0	4	4	4	0.0	4	4	-0.05068776665885848	3.0517578125e-05	0.5
1001	060126_15_right__window_2_median_mad__sources_4__seed_3103	060126_15_right	060126_15_right__window_2_median_mad	3103	4	near_neighbor	compact_jepa_masked_prediction_error_secondary	frozen_training_robust_normalized	0.0	0	4	4	4	0.0	4	4	0.11445397654280387	3.0517578125e-05	0.5
1001	060126_15_right__window_2_median_mad__sources_4__seed_3103	060126_15_right	060126_15_right__window_2_median_mad	3103	4	near_neighbor	frozen_handcrafted_stack	raw_native_units	0.0	0	4	4	4	0.75	4	1	1.078634006859216	3.0517578125e-05	0.5
1001	060126_15_right__window_2_median_mad__sources_4__seed_3103	060126_15_right	060126_15_right__window_2_median_mad	3103	4	near_neighbor	frozen_random_encoder_latent_temporal_change	frozen_training_robust_normalized	0.0	0	4	4	4	0.0	4	4	-0.026964288164829264	3.0517578125e-05	0.5
1001	060126_15_right__window_2_median_mad__sources_4__seed_3103	060126_15_right	060126_15_right__window_2_median_mad	3103	4	near_neighbor	masked_pixel_autoencoder_latent_temporal_change	frozen_training_robust_normalized	0.0	0	3	3	4	0.25	4	3	0.05778161868666287	3.0517578125e-05	0.5
1001	060126_15_right__window_2_median_mad__sources_4__seed_3103	060126_15_right	060126_15_right__window_2_median_mad	3103	4	near_neighbor	masked_pixel_autoencoder_reconstruction_error_secondary	frozen_training_robust_normalized	0.0	0	4	4	4	1.0	4	0	0.5695171932127716	3.0517578125e-05	0.5
1001	060126_15_right__window_3_high_mad__sources_1__seed_3101	060126_15_right	060126_15_right__window_3_high_mad	3101	1	single	compact_jepa_latent_temporal_change	frozen_training_robust_normalized	0.0	0	2	2	1	1.0	4	3	0.011536019440816947	6.103515625e-05	0.5
1001	060126_15_right__window_3_high_mad__sources_1__seed_3101	060126_15_right	060126_15_right__window_3_high_mad	3101	1	single	compact_jepa_masked_prediction_error_secondary	frozen_training_robust_normalized	0.0	0	4	4	1	1.0	4	3	0.006177443816217626	6.103515625e-05	0.5
1001	060126_15_right__window_3_high_mad__sources_1__seed_3101	060126_15_right	060126_15_right__window_3_high_mad	3101	1	single	frozen_handcrafted_stack	raw_native_units	0.0	0	4	4	1	1.0	4	3	0.20096312406278388	6.103515625e-05	0.5
1001	060126_15_right__window_3_high_mad__sources_1__seed_3101	060126_15_right	060126_15_right__window_3_high_mad	3101	1	single	frozen_random_encoder_latent_temporal_change	frozen_training_robust_normalized	0.0	0	2	2	1	1.0	4	3	0.017060281978904968	6.103515625e-05	0.5
1001	060126_15_right__window_3_high_mad__sources_1__seed_3101	060126_15_right	060126_15_right__window_3_high_mad	3101	1	single	masked_pixel_autoencoder_latent_temporal_change	frozen_training_robust_normalized	0.0	0	1	1	1	0.0	4	4	0.0029552305196409723	6.103515625e-05	0.5
1001	060126_15_right__window_3_high_mad__sources_1__seed_3101	060126_15_right	060126_15_right__window_3_high_mad	3101	1	single	masked_pixel_autoencoder_reconstruction_error_secondary	frozen_training_robust_normalized	0.0	0	4	4	1	1.0	4	3	0.7272524746776667	6.103515625e-05	0.5
1001	060126_15_right__window_3_high_mad__sources_1__seed_3102	060126_15_right	060126_15_right__window_3_high_mad	3102	1	single	compact_jepa_latent_temporal_change	frozen_training_robust_normalized	0.0	0	2	2	1	1.0	4	3	0.03850024448077888	6.081856554374099e-05	0.5
1001	060126_15_right__window_3_high_mad__sources_1__seed_3102	060126_15_right	060126_15_right__window_3_high_mad	3102	1	single	compact_jepa_masked_prediction_error_secondary	frozen_training_robust_normalized	0.0	0	4	4	1	1.0	4	3	0.009287238040855184	6.081856554374099e-05	0.5
1001	060126_15_right__window_3_high_mad__sources_1__seed_3102	060126_15_right	060126_15_right__window_3_high_mad	3102	1	single	frozen_handcrafted_stack	raw_native_units	0.0	0	4	4	1	1.0	3	2	1.1190744413895453	6.081856554374099e-05	0.5
1001	060126_15_right__window_3_high_mad__sources_1__seed_3102	060126_15_right	060126_15_right__window_3_high_mad	3102	1	single	frozen_random_encoder_latent_temporal_change	frozen_training_robust_normalized	0.0	0	2	2	1	0.0	4	4	0.029227187024624214	6.081856554374099e-05	0.5
1001	060126_15_right__window_3_high_mad__sources_1__seed_3102	060126_15_right	060126_15_right__window_3_high_mad	3102	1	single	masked_pixel_autoencoder_latent_temporal_change	frozen_training_robust_normalized	0.0	0	1	1	1	1.0	4	3	0.08919762022689032	6.081856554374099e-05	0.5
1001	060126_15_right__window_3_high_mad__sources_1__seed_3102	060126_15_right	060126_15_right__window_3_high_mad	3102	1	single	masked_pixel_autoencoder_reconstruction_error_secondary	frozen_training_robust_normalized	0.0	0	4	4	1	1.0	4	3	0.36442736557436933	6.081856554374099e-05	0.5
1001	060126_15_right__window_3_high_mad__sources_1__seed_3103	060126_15_right	060126_15_right__window_3_high_mad	3103	1	single	compact_jepa_latent_temporal_change	frozen_training_robust_normalized	0.0	0	2	2	1	0.0	4	4	0.02483121761462432	6.103515625e-05	0.5
1001	060126_15_right__window_3_high_mad__sources_1__seed_3103	060126_15_right	060126_15_right__window_3_high_mad	3103	1	single	compact_jepa_masked_prediction_error_secondary	frozen_training_robust_normalized	0.0	0	4	4	1	0.0	4	4	-0.006689004280891919	6.103515625e-05	0.5
1001	060126_15_right__window_3_high_mad__sources_1__seed_3103	060126_15_right	060126_15_right__window_3_high_mad	3103	1	single	frozen_handcrafted_stack	raw_native_units	0.0	0	4	4	1	1.0	4	3	0.6010181536905208	6.103515625e-05	0.5
1001	060126_15_right__window_3_high_mad__sources_1__seed_3103	060126_15_right	060126_15_right__window_3_high_mad	3103	1	single	frozen_random_encoder_latent_temporal_change	frozen_training_robust_normalized	0.0	0	2	2	1	0.0	4	4	0.028292019124441327	6.103515625e-05	0.5
1001	060126_15_right__window_3_high_mad__sources_1__seed_3103	060126_15_right	060126_15_right__window_3_high_mad	3103	1	single	masked_pixel_autoencoder_latent_temporal_change	frozen_training_robust_normalized	0.0	0	1	1	1	0.0	4	4	0.06626751261204489	6.103515625e-05	0.5
1001	060126_15_right__window_3_high_mad__sources_1__seed_3103	060126_15_right	060126_15_right__window_3_high_mad	3103	1	single	masked_pixel_autoencoder_reconstruction_error_secondary	frozen_training_robust_normalized	0.0	0	4	4	1	1.0	4	3	0.48435236163424955	6.103515625e-05	0.5
1001	060126_15_right__window_3_high_mad__sources_2__seed_3101	060126_15_right	060126_15_right__window_3_high_mad	3101	2	separated	compact_jepa_latent_temporal_change	frozen_training_robust_normalized	0.0	0	2	2	2	0.5	4	3	0.03687659470669777	6.103515625e-05	0.5
1001	060126_15_right__window_3_high_mad__sources_2__seed_3101	060126_15_right	060126_15_right__window_3_high_mad	3101	2	separated	compact_jepa_masked_prediction_error_secondary	frozen_training_robust_normalized	0.0	0	4	4	2	0.0	4	4	-0.06564814669089372	6.103515625e-05	0.5
1001	060126_15_right__window_3_high_mad__sources_2__seed_3101	060126_15_right	060126_15_right__window_3_high_mad	3101	2	separated	frozen_handcrafted_stack	raw_native_units	0.0	0	4	4	2	0.5	4	3	0.026068702511136688	6.103515625e-05	0.5
1001	060126_15_right__window_3_high_mad__sources_2__seed_3101	060126_15_right	060126_15_right__window_3_high_mad	3101	2	separated	frozen_random_encoder_latent_temporal_change	frozen_training_robust_normalized	0.0	0	2	2	2	0.0	4	4	0.002834974553803271	6.103515625e-05	0.5
1001	060126_15_right__window_3_high_mad__sources_2__seed_3101	060126_15_right	060126_15_right__window_3_high_mad	3101	2	separated	masked_pixel_autoencoder_latent_temporal_change	frozen_training_robust_normalized	0.0	0	1	1	2	0.5	4	3	0.005761032221147863	6.103515625e-05	0.5
1001	060126_15_right__window_3_high_mad__sources_2__seed_3101	060126_15_right	060126_15_right__window_3_high_mad	3101	2	separated	masked_pixel_autoencoder_reconstruction_error_secondary	frozen_training_robust_normalized	0.0	0	4	4	2	1.0	4	2	0.5057554530469203	6.103515625e-05	0.5
1001	060126_15_right__window_3_high_mad__sources_2__seed_3102	060126_15_right	060126_15_right__window_3_high_mad	3102	2	overlap	compact_jepa_latent_temporal_change	frozen_training_robust_normalized	0.0	0	2	2	2	0.0	4	4	-0.021472540239566858	6.103515625e-05	0.5
1001	060126_15_right__window_3_high_mad__sources_2__seed_3102	060126_15_right	060126_15_right__window_3_high_mad	3102	2	overlap	compact_jepa_masked_prediction_error_secondary	frozen_training_robust_normalized	0.0	0	4	4	2	0.0	4	4	-0.12765609353135224	6.103515625e-05	0.5
1001	060126_15_right__window_3_high_mad__sources_2__seed_3102	060126_15_right	060126_15_right__window_3_high_mad	3102	2	overlap	frozen_handcrafted_stack	raw_native_units	0.0	0	4	4	2	0.0	4	4	-0.43537660851605664	6.103515625e-05	0.5
1001	060126_15_right__window_3_high_mad__sources_2__seed_3102	060126_15_right	060126_15_right__window_3_high_mad	3102	2	overlap	frozen_random_encoder_latent_temporal_change	frozen_training_robust_normalized	0.0	0	2	2	2	0.0	4	4	-0.014654913471514375	6.103515625e-05	0.5
1001	060126_15_right__window_3_high_mad__sources_2__seed_3102	060126_15_right	060126_15_right__window_3_high_mad	3102	2	overlap	masked_pixel_autoencoder_latent_temporal_change	frozen_training_robust_normalized	0.0	0	1	1	2	0.5	4	3	0.004764242504501193	6.103515625e-05	0.5
1001	060126_15_right__window_3_high_mad__sources_2__seed_3102	060126_15_right	060126_15_right__window_3_high_mad	3102	2	overlap	masked_pixel_autoencoder_reconstruction_error_secondary	frozen_training_robust_normalized	0.0	0	4	4	2	1.0	4	2	0.4004096086083795	6.103515625e-05	0.5
1001	060126_15_right__window_3_high_mad__sources_2__seed_3103	060126_15_right	060126_15_right__window_3_high_mad	3103	2	near_neighbor	compact_jepa_latent_temporal_change	frozen_training_robust_normalized	0.0	0	2	2	2	0.5	4	3	0.054705268671890794	6.102793850004673e-05	0.5
1001	060126_15_right__window_3_high_mad__sources_2__seed_3103	060126_15_right	060126_15_right__window_3_high_mad	3103	2	near_neighbor	compact_jepa_masked_prediction_error_secondary	frozen_training_robust_normalized	0.0	0	4	4	2	0.5	4	3	0.08572492475342428	6.102793850004673e-05	0.5
1001	060126_15_right__window_3_high_mad__sources_2__seed_3103	060126_15_right	060126_15_right__window_3_high_mad	3103	2	near_neighbor	frozen_handcrafted_stack	raw_native_units	0.0	0	4	4	2	0.5	4	3	0.32738373889081385	6.102793850004673e-05	0.5
1001	060126_15_right__window_3_high_mad__sources_2__seed_3103	060126_15_right	060126_15_right__window_3_high_mad	3103	2	near_neighbor	frozen_random_encoder_latent_temporal_change	frozen_training_robust_normalized	0.0	0	2	2	2	0.5	4	3	0.08212159597531941	6.102793850004673e-05	0.5
1001	060126_15_right__window_3_high_mad__sources_2__seed_3103	060126_15_right	060126_15_right__window_3_high_mad	3103	2	near_neighbor	masked_pixel_autoencoder_latent_temporal_change	frozen_training_robust_normalized	0.0	0	1	1	2	0.5	3	2	0.06948892722013747	6.102793850004673e-05	0.5
1001	060126_15_right__window_3_high_mad__sources_2__seed_3103	060126_15_right	060126_15_right__window_3_high_mad	3103	2	near_neighbor	masked_pixel_autoencoder_reconstruction_error_secondary	frozen_training_robust_normalized	0.0	0	4	4	2	1.0	4	2	0.3685904444400973	6.102793850004673e-05	0.5
1001	060126_15_right__window_3_high_mad__sources_4__seed_3101	060126_15_right	060126_15_right__window_3_high_mad	3101	4	separated	compact_jepa_latent_temporal_change	frozen_training_robust_normalized	0.0	0	2	2	4	0.5	4	2	0.024288844852050517	0.00011574322707019746	0.5
1001	060126_15_right__window_3_high_mad__sources_4__seed_3101	060126_15_right	060126_15_right__window_3_high_mad	3101	4	separated	compact_jepa_masked_prediction_error_secondary	frozen_training_robust_normalized	0.0	0	4	4	4	0.0	4	4	-0.014528419988537988	0.00011574322707019746	0.5
1001	060126_15_right__window_3_high_mad__sources_4__seed_3101	060126_15_right	060126_15_right__window_3_high_mad	3101	4	separated	frozen_handcrafted_stack	raw_native_units	0.0	0	4	4	4	1.0	4	0	0.839326467448375	0.00011574322707019746	0.5
1001	060126_15_right__window_3_high_mad__sources_4__seed_3101	060126_15_right	060126_15_right__window_3_high_mad	3101	4	separated	frozen_random_encoder_latent_temporal_change	frozen_training_robust_normalized	0.0	0	2	2	4	0.25	4	3	0.03062811593552206	0.00011574322707019746	0.5
1001	060126_15_right__window_3_high_mad__sources_4__seed_3101	060126_15_right	060126_15_right__window_3_high_mad	3101	4	separated	masked_pixel_autoencoder_latent_temporal_change	frozen_training_robust_normalized	0.0	0	1	1	4	0.0	4	4	0.011759877672355368	0.00011574322707019746	0.5
1001	060126_15_right__window_3_high_mad__sources_4__seed_3101	060126_15_right	060126_15_right__window_3_high_mad	3101	4	separated	masked_pixel_autoencoder_reconstruction_error_secondary	frozen_training_robust_normalized	0.0	0	4	4	4	1.0	4	0	0.5164920239532009	0.00011574322707019746	0.5
1001	060126_15_right__window_3_high_mad__sources_4__seed_3102	060126_15_right	060126_15_right__window_3_high_mad	3102	4	overlap	compact_jepa_latent_temporal_change	frozen_training_robust_normalized	0.0	0	2	2	4	0.5	4	2	0.056224606109825555	6.103515625e-05	0.5
1001	060126_15_right__window_3_high_mad__sources_4__seed_3102	060126_15_right	060126_15_right__window_3_high_mad	3102	4	overlap	compact_jepa_masked_prediction_error_secondary	frozen_training_robust_normalized	0.25	1	4	3	4	0.25	4	3	0.01960667695232754	6.103515625e-05	0.5
1001	060126_15_right__window_3_high_mad__sources_4__seed_3102	060126_15_right	060126_15_right__window_3_high_mad	3102	4	overlap	frozen_handcrafted_stack	raw_native_units	0.0	0	4	4	4	0.75	4	1	0.8662853670165325	6.103515625e-05	0.5
1001	060126_15_right__window_3_high_mad__sources_4__seed_3102	060126_15_right	060126_15_right__window_3_high_mad	3102	4	overlap	frozen_random_encoder_latent_temporal_change	frozen_training_robust_normalized	0.0	0	2	2	4	0.25	4	3	0.04043097243305309	6.103515625e-05	0.5
1001	060126_15_right__window_3_high_mad__sources_4__seed_3102	060126_15_right	060126_15_right__window_3_high_mad	3102	4	overlap	masked_pixel_autoencoder_latent_temporal_change	frozen_training_robust_normalized	0.0	0	1	1	4	0.25	4	3	0.013296834190486925	6.103515625e-05	0.5
1001	060126_15_right__window_3_high_mad__sources_4__seed_3102	060126_15_right	060126_15_right__window_3_high_mad	3102	4	overlap	masked_pixel_autoencoder_reconstruction_error_secondary	frozen_training_robust_normalized	0.0	0	4	4	4	0.75	4	1	0.5311179734587481	6.103515625e-05	0.5
1001	060126_15_right__window_3_high_mad__sources_4__seed_3103	060126_15_right	060126_15_right__window_3_high_mad	3103	4	near_neighbor	compact_jepa_latent_temporal_change	frozen_training_robust_normalized	0.0	0	2	2	4	0.25	4	3	0.055206404661185066	0.0001211108174175024	0.5
1001	060126_15_right__window_3_high_mad__sources_4__seed_3103	060126_15_right	060126_15_right__window_3_high_mad	3103	4	near_neighbor	compact_jepa_masked_prediction_error_secondary	frozen_training_robust_normalized	0.0	0	4	4	4	0.0	4	4	-0.0409306620419273	0.0001211108174175024	0.5
1001	060126_15_right__window_3_high_mad__sources_4__seed_3103	060126_15_right	060126_15_right__window_3_high_mad	3103	4	near_neighbor	frozen_handcrafted_stack	raw_native_units	0.0	0	4	4	4	0.75	4	1	0.9726708442650034	0.0001211108174175024	0.5
1001	060126_15_right__window_3_high_mad__sources_4__seed_3103	060126_15_right	060126_15_right__window_3_high_mad	3103	4	near_neighbor	frozen_random_encoder_latent_temporal_change	frozen_training_robust_normalized	0.0	0	2	2	4	0.5	4	2	0.055302208043921136	0.0001211108174175024	0.5
1001	060126_15_right__window_3_high_mad__sources_4__seed_3103	060126_15_right	060126_15_right__window_3_high_mad	3103	4	near_neighbor	masked_pixel_autoencoder_latent_temporal_change	frozen_training_robust_normalized	0.0	0	1	1	4	0.0	4	4	-0.012643811430975177	0.0001211108174175024	0.5
1001	060126_15_right__window_3_high_mad__sources_4__seed_3103	060126_15_right	060126_15_right__window_3_high_mad	3103	4	near_neighbor	masked_pixel_autoencoder_reconstruction_error_secondary	frozen_training_robust_normalized	0.25	1	4	3	4	0.75	4	1	0.5726656504793693	0.0001211108174175024	0.5
1001	spon_ca_burst_3_hindbrain_to_tail_488_20ms__window_1_low_mad__sources_1__seed_3101	spon_ca_burst_3_hindbrain_to_tail_488_20ms	spon_ca_burst_3_hindbrain_to_tail_488_20ms__window_1_low_mad	3101	1	single	compact_jepa_latent_temporal_change	frozen_training_robust_normalized	0.0	0	4	4	1	0.0	4	4	-0.008973008683913486	1.52587890625e-05	0.5
1001	spon_ca_burst_3_hindbrain_to_tail_488_20ms__window_1_low_mad__sources_1__seed_3101	spon_ca_burst_3_hindbrain_to_tail_488_20ms	spon_ca_burst_3_hindbrain_to_tail_488_20ms__window_1_low_mad	3101	1	single	compact_jepa_masked_prediction_error_secondary	frozen_training_robust_normalized	0.0	0	4	4	1	0.0	4	4	0.14000965823124845	1.52587890625e-05	0.5
1001	spon_ca_burst_3_hindbrain_to_tail_488_20ms__window_1_low_mad__sources_1__seed_3101	spon_ca_burst_3_hindbrain_to_tail_488_20ms	spon_ca_burst_3_hindbrain_to_tail_488_20ms__window_1_low_mad	3101	1	single	frozen_handcrafted_stack	raw_native_units	0.0	0	4	4	1	1.0	4	3	1.6091557169508026	1.52587890625e-05	0.5
1001	spon_ca_burst_3_hindbrain_to_tail_488_20ms__window_1_low_mad__sources_1__seed_3101	spon_ca_burst_3_hindbrain_to_tail_488_20ms	spon_ca_burst_3_hindbrain_to_tail_488_20ms__window_1_low_mad	3101	1	single	frozen_random_encoder_latent_temporal_change	frozen_training_robust_normalized	0.0	0	4	4	1	0.0	4	4	-0.035333570384508795	1.52587890625e-05	0.5
1001	spon_ca_burst_3_hindbrain_to_tail_488_20ms__window_1_low_mad__sources_1__seed_3101	spon_ca_burst_3_hindbrain_to_tail_488_20ms	spon_ca_burst_3_hindbrain_to_tail_488_20ms__window_1_low_mad	3101	1	single	masked_pixel_autoencoder_latent_temporal_change	frozen_training_robust_normalized	0.0	0	4	4	1	0.0	4	4	0.008246673522496861	1.52587890625e-05	0.5
1001	spon_ca_burst_3_hindbrain_to_tail_488_20ms__window_1_low_mad__sources_1__seed_3101	spon_ca_burst_3_hindbrain_to_tail_488_20ms	spon_ca_burst_3_hindbrain_to_tail_488_20ms__window_1_low_mad	3101	1	single	masked_pixel_autoencoder_reconstruction_error_secondary	frozen_training_robust_normalized	1.0	1	4	3	1	1.0	4	3	0.7742575422687208	1.52587890625e-05	0.5
1001	spon_ca_burst_3_hindbrain_to_tail_488_20ms__window_1_low_mad__sources_1__seed_3102	spon_ca_burst_3_hindbrain_to_tail_488_20ms	spon_ca_burst_3_hindbrain_to_tail_488_20ms__window_1_low_mad	3102	1	single	compact_jepa_latent_temporal_change	frozen_training_robust_normalized	0.0	0	4	4	1	0.0	4	4	-0.026200917739022667	1.52587890625e-05	0.5
1001	spon_ca_burst_3_hindbrain_to_tail_488_20ms__window_1_low_mad__sources_1__seed_3102	spon_ca_burst_3_hindbrain_to_tail_488_20ms	spon_ca_burst_3_hindbrain_to_tail_488_20ms__window_1_low_mad	3102	1	single	compact_jepa_masked_prediction_error_secondary	frozen_training_robust_normalized	0.0	0	4	4	1	1.0	4	3	0.28337627563393303	1.52587890625e-05	0.5
1001	spon_ca_burst_3_hindbrain_to_tail_488_20ms__window_1_low_mad__sources_1__seed_3102	spon_ca_burst_3_hindbrain_to_tail_488_20ms	spon_ca_burst_3_hindbrain_to_tail_488_20ms__window_1_low_mad	3102	1	single	frozen_handcrafted_stack	raw_native_units	0.0	0	4	4	1	1.0	4	3	0.8034554763504339	1.52587890625e-05	0.5
1001	spon_ca_burst_3_hindbrain_to_tail_488_20ms__window_1_low_mad__sources_1__seed_3102	spon_ca_burst_3_hindbrain_to_tail_488_20ms	spon_ca_burst_3_hindbrain_to_tail_488_20ms__window_1_low_mad	3102	1	single	frozen_random_encoder_latent_temporal_change	frozen_training_robust_normalized	0.0	0	4	4	1	0.0	4	4	-0.004645634809481991	1.52587890625e-05	0.5
1001	spon_ca_burst_3_hindbrain_to_tail_488_20ms__window_1_low_mad__sources_1__seed_3102	spon_ca_burst_3_hindbrain_to_tail_488_20ms	spon_ca_burst_3_hindbrain_to_tail_488_20ms__window_1_low_mad	3102	1	single	masked_pixel_autoencoder_latent_temporal_change	frozen_training_robust_normalized	0.0	0	4	4	1	0.0	4	4	-0.1288510062391245	1.52587890625e-05	0.5
1001	spon_ca_burst_3_hindbrain_to_tail_488_20ms__window_1_low_mad__sources_1__seed_3102	spon_ca_burst_3_hindbrain_to_tail_488_20ms	spon_ca_burst_3_hindbrain_to_tail_488_20ms__window_1_low_mad	3102	1	single	masked_pixel_autoencoder_reconstruction_error_secondary	frozen_training_robust_normalized	0.0	0	4	4	1	1.0	4	3	1.2656894906301899	1.52587890625e-05	0.5
1001	spon_ca_burst_3_hindbrain_to_tail_488_20ms__window_1_low_mad__sources_1__seed_3103	spon_ca_burst_3_hindbrain_to_tail_488_20ms	spon_ca_burst_3_hindbrain_to_tail_488_20ms__window_1_low_mad	3103	1	single	compact_jepa_latent_temporal_change	frozen_training_robust_normalized	0.0	0	4	4	1	1.0	4	3	0.004598569381441431	1.52587890625e-05	0.5
1001	spon_ca_burst_3_hindbrain_to_tail_488_20ms__window_1_low_mad__sources_1__seed_3103	spon_ca_burst_3_hindbrain_to_tail_488_20ms	spon_ca_burst_3_hindbrain_to_tail_488_20ms__window_1_low_mad	3103	1	single	compact_jepa_masked_prediction_error_secondary	frozen_training_robust_normalized	0.0	0	4	4	1	0.0	4	4	0.03507080405224333	1.52587890625e-05	0.5
1001	spon_ca_burst_3_hindbrain_to_tail_488_20ms__window_1_low_mad__sources_1__seed_3103	spon_ca_burst_3_hindbrain_to_tail_488_20ms	spon_ca_burst_3_hindbrain_to_tail_488_20ms__window_1_low_mad	3103	1	single	frozen_handcrafted_stack	raw_native_units	0.0	0	4	4	1	1.0	4	3	1.781307196902072	1.52587890625e-05	0.5
1001	spon_ca_burst_3_hindbrain_to_tail_488_20ms__window_1_low_mad__sources_1__seed_3103	spon_ca_burst_3_hindbrain_to_tail_488_20ms	spon_ca_burst_3_hindbrain_to_tail_488_20ms__window_1_low_mad	3103	1	single	frozen_random_encoder_latent_temporal_change	frozen_training_robust_normalized	0.0	0	4	4	1	0.0	4	4	-0.028292886532494954	1.52587890625e-05	0.5
1001	spon_ca_burst_3_hindbrain_to_tail_488_20ms__window_1_low_mad__sources_1__seed_3103	spon_ca_burst_3_hindbrain_to_tail_488_20ms	spon_ca_burst_3_hindbrain_to_tail_488_20ms__window_1_low_mad	3103	1	single	masked_pixel_autoencoder_latent_temporal_change	frozen_training_robust_normalized	0.0	0	4	4	1	1.0	4	3	0.2251995381618851	1.52587890625e-05	0.5
1001	spon_ca_burst_3_hindbrain_to_tail_488_20ms__window_1_low_mad__sources_1__seed_3103	spon_ca_burst_3_hindbrain_to_tail_488_20ms	spon_ca_burst_3_hindbrain_to_tail_488_20ms__window_1_low_mad	3103	1	single	masked_pixel_autoencoder_reconstruction_error_secondary	frozen_training_robust_normalized	0.0	0	4	4	1	1.0	4	3	0.6348509032120797	1.52587890625e-05	0.5
1001	spon_ca_burst_3_hindbrain_to_tail_488_20ms__window_1_low_mad__sources_2__seed_3101	spon_ca_burst_3_hindbrain_to_tail_488_20ms	spon_ca_burst_3_hindbrain_to_tail_488_20ms__window_1_low_mad	3101	2	separated	compact_jepa_latent_temporal_change	frozen_training_robust_normalized	0.0	0	4	4	2	0.0	4	4	-0.017141908894211133	1.52587890625e-05	0.5
1001	spon_ca_burst_3_hindbrain_to_tail_488_20ms__window_1_low_mad__sources_2__seed_3101	spon_ca_burst_3_hindbrain_to_tail_488_20ms	spon_ca_burst_3_hindbrain_to_tail_488_20ms__window_1_low_mad	3101	2	separated	compact_jepa_masked_prediction_error_secondary	frozen_training_robust_normalized	0.0	0	4	4	2	1.0	4	2	0.11560132179851587	1.52587890625e-05	0.5
1001	spon_ca_burst_3_hindbrain_to_tail_488_20ms__window_1_low_mad__sources_2__seed_3101	spon_ca_burst_3_hindbrain_to_tail_488_20ms	spon_ca_burst_3_hindbrain_to_tail_488_20ms__window_1_low_mad	3101	2	separated	frozen_handcrafted_stack	raw_native_units	0.0	0	4	4	2	1.0	4	2	2.117727283418617	1.52587890625e-05	0.5
1001	spon_ca_burst_3_hindbrain_to_tail_488_20ms__window_1_low_mad__sources_2__seed_3101	spon_ca_burst_3_hindbrain_to_tail_488_20ms	spon_ca_burst_3_hindbrain_to_tail_488_20ms__window_1_low_mad	3101	2	separated	frozen_random_encoder_latent_temporal_change	frozen_training_robust_normalized	0.0	0	4	4	2	0.0	4	4	-0.02377583745592196	1.52587890625e-05	0.5
1001	spon_ca_burst_3_hindbrain_to_tail_488_20ms__window_1_low_mad__sources_2__seed_3101	spon_ca_burst_3_hindbrain_to_tail_488_20ms	spon_ca_burst_3_hindbrain_to_tail_488_20ms__window_1_low_mad	3101	2	separated	masked_pixel_autoencoder_latent_temporal_change	frozen_training_robust_normalized	0.0	0	4	4	2	0.0	4	4	-0.05194159538263854	1.52587890625e-05	0.5
1001	spon_ca_burst_3_hindbrain_to_tail_488_20ms__window_1_low_mad__sources_2__seed_3101	spon_ca_burst_3_hindbrain_to_tail_488_20ms	spon_ca_burst_3_hindbrain_to_tail_488_20ms__window_1_low_mad	3101	2	separated	masked_pixel_autoencoder_reconstruction_error_secondary	frozen_training_robust_normalized	0.0	0	4	4	2	1.0	4	2	1.226560980958285	1.52587890625e-05	0.5
1001	spon_ca_burst_3_hindbrain_to_tail_488_20ms__window_1_low_mad__sources_2__seed_3102	spon_ca_burst_3_hindbrain_to_tail_488_20ms	spon_ca_burst_3_hindbrain_to_tail_488_20ms__window_1_low_mad	3102	2	overlap	compact_jepa_latent_temporal_change	frozen_training_robust_normalized	0.5	1	4	3	2	0.0	4	4	-0.013814385650905092	1.52587890625e-05	0.5
1001	spon_ca_burst_3_hindbrain_to_tail_488_20ms__window_1_low_mad__sources_2__seed_3102	spon_ca_burst_3_hindbrain_to_tail_488_20ms	spon_ca_burst_3_hindbrain_to_tail_488_20ms__window_1_low_mad	3102	2	overlap	compact_jepa_masked_prediction_error_secondary	frozen_training_robust_normalized	0.0	0	4	4	2	0.5	4	3	0.13715911697256372	1.52587890625e-05	0.5
1001	spon_ca_burst_3_hindbrain_to_tail_488_20ms__window_1_low_mad__sources_2__seed_3102	spon_ca_burst_3_hindbrain_to_tail_488_20ms	spon_ca_burst_3_hindbrain_to_tail_488_20ms__window_1_low_mad	3102	2	overlap	frozen_handcrafted_stack	raw_native_units	0.0	0	4	4	2	1.0	4	2	1.0333980146911799	1.52587890625e-05	0.5
1001	spon_ca_burst_3_hindbrain_to_tail_488_20ms__window_1_low_mad__sources_2__seed_3102	spon_ca_burst_3_hindbrain_to_tail_488_20ms	spon_ca_burst_3_hindbrain_to_tail_488_20ms__window_1_low_mad	3102	2	overlap	frozen_random_encoder_latent_temporal_change	frozen_training_robust_normalized	0.0	0	4	4	2	0.0	4	4	-0.127168829946053	1.52587890625e-05	0.5
1001	spon_ca_burst_3_hindbrain_to_tail_488_20ms__window_1_low_mad__sources_2__seed_3102	spon_ca_burst_3_hindbrain_to_tail_488_20ms	spon_ca_burst_3_hindbrain_to_tail_488_20ms__window_1_low_mad	3102	2	overlap	masked_pixel_autoencoder_latent_temporal_change	frozen_training_robust_normalized	0.0	0	4	4	2	0.0	4	4	0.15744113415832506	1.52587890625e-05	0.5
1001	spon_ca_burst_3_hindbrain_to_tail_488_20ms__window_1_low_mad__sources_2__seed_3102	spon_ca_burst_3_hindbrain_to_tail_488_20ms	spon_ca_burst_3_hindbrain_to_tail_488_20ms__window_1_low_mad	3102	2	overlap	masked_pixel_autoencoder_reconstruction_error_secondary	frozen_training_robust_normalized	0.0	0	4	4	2	0.5	4	3	0.764495846347337	1.52587890625e-05	0.5
1001	spon_ca_burst_3_hindbrain_to_tail_488_20ms__window_1_low_mad__sources_2__seed_3103	spon_ca_burst_3_hindbrain_to_tail_488_20ms	spon_ca_burst_3_hindbrain_to_tail_488_20ms__window_1_low_mad	3103	2	near_neighbor	compact_jepa_latent_temporal_change	frozen_training_robust_normalized	0.0	0	4	4	2	0.0	4	4	-0.035538137801261416	1.52587890625e-05	0.5
1001	spon_ca_burst_3_hindbrain_to_tail_488_20ms__window_1_low_mad__sources_2__seed_3103	spon_ca_burst_3_hindbrain_to_tail_488_20ms	spon_ca_burst_3_hindbrain_to_tail_488_20ms__window_1_low_mad	3103	2	near_neighbor	compact_jepa_masked_prediction_error_secondary	frozen_training_robust_normalized	0.0	0	4	4	2	0.5	4	3	0.20764833670978813	1.52587890625e-05	0.5
1001	spon_ca_burst_3_hindbrain_to_tail_488_20ms__window_1_low_mad__sources_2__seed_3103	spon_ca_burst_3_hindbrain_to_tail_488_20ms	spon_ca_burst_3_hindbrain_to_tail_488_20ms__window_1_low_mad	3103	2	near_neighbor	frozen_handcrafted_stack	raw_native_units	0.0	0	4	4	2	1.0	4	2	0.8326304068308428	1.52587890625e-05	0.5
1001	spon_ca_burst_3_hindbrain_to_tail_488_20ms__window_1_low_mad__sources_2__seed_3103	spon_ca_burst_3_hindbrain_to_tail_488_20ms	spon_ca_burst_3_hindbrain_to_tail_488_20ms__window_1_low_mad	3103	2	near_neighbor	frozen_random_encoder_latent_temporal_change	frozen_training_robust_normalized	0.0	0	4	4	2	0.0	4	4	-0.1241346539041231	1.52587890625e-05	0.5
1001	spon_ca_burst_3_hindbrain_to_tail_488_20ms__window_1_low_mad__sources_2__seed_3103	spon_ca_burst_3_hindbrain_to_tail_488_20ms	spon_ca_burst_3_hindbrain_to_tail_488_20ms__window_1_low_mad	3103	2	near_neighbor	masked_pixel_autoencoder_latent_temporal_change	frozen_training_robust_normalized	0.0	0	4	4	2	0.5	4	3	0.02393215775751266	1.52587890625e-05	0.5
1001	spon_ca_burst_3_hindbrain_to_tail_488_20ms__window_1_low_mad__sources_2__seed_3103	spon_ca_burst_3_hindbrain_to_tail_488_20ms	spon_ca_burst_3_hindbrain_to_tail_488_20ms__window_1_low_mad	3103	2	near_neighbor	masked_pixel_autoencoder_reconstruction_error_secondary	frozen_training_robust_normalized	0.0	0	4	4	2	1.0	4	2	1.0300863760301655	1.52587890625e-05	0.5
1001	spon_ca_burst_3_hindbrain_to_tail_488_20ms__window_1_low_mad__sources_4__seed_3101	spon_ca_burst_3_hindbrain_to_tail_488_20ms	spon_ca_burst_3_hindbrain_to_tail_488_20ms__window_1_low_mad	3101	4	separated	compact_jepa_latent_temporal_change	frozen_training_robust_normalized	0.0	0	4	4	4	0.0	4	4	-0.01538134482240618	1.52587890625e-05	0.5
1001	spon_ca_burst_3_hindbrain_to_tail_488_20ms__window_1_low_mad__sources_4__seed_3101	spon_ca_burst_3_hindbrain_to_tail_488_20ms	spon_ca_burst_3_hindbrain_to_tail_488_20ms__window_1_low_mad	3101	4	separated	compact_jepa_masked_prediction_error_secondary	frozen_training_robust_normalized	0.0	0	4	4	4	0.75	4	1	0.121824660899893	1.52587890625e-05	0.5
1001	spon_ca_burst_3_hindbrain_to_tail_488_20ms__window_1_low_mad__sources_4__seed_3101	spon_ca_burst_3_hindbrain_to_tail_488_20ms	spon_ca_burst_3_hindbrain_to_tail_488_20ms__window_1_low_mad	3101	4	separated	frozen_handcrafted_stack	raw_native_units	0.25	1	4	3	4	1.0	4	0	1.3604924818727089	1.52587890625e-05	0.5
1001	spon_ca_burst_3_hindbrain_to_tail_488_20ms__window_1_low_mad__sources_4__seed_3101	spon_ca_burst_3_hindbrain_to_tail_488_20ms	spon_ca_burst_3_hindbrain_to_tail_488_20ms__window_1_low_mad	3101	4	separated	frozen_random_encoder_latent_temporal_change	frozen_training_robust_normalized	0.0	0	4	4	4	0.0	4	4	-0.037515502551453805	1.52587890625e-05	0.5
1001	spon_ca_burst_3_hindbrain_to_tail_488_20ms__window_1_low_mad__sources_4__seed_3101	spon_ca_burst_3_hindbrain_to_tail_488_20ms	spon_ca_burst_3_hindbrain_to_tail_488_20ms__window_1_low_mad	3101	4	separated	masked_pixel_autoencoder_latent_temporal_change	frozen_training_robust_normalized	0.25	1	4	3	4	0.0	4	4	-0.009093124540654807	1.52587890625e-05	0.5
1001	spon_ca_burst_3_hindbrain_to_tail_488_20ms__window_1_low_mad__sources_4__seed_3101	spon_ca_burst_3_hindbrain_to_tail_488_20ms	spon_ca_burst_3_hindbrain_to_tail_488_20ms__window_1_low_mad	3101	4	separated	masked_pixel_autoencoder_reconstruction_error_secondary	frozen_training_robust_normalized	0.25	1	4	3	4	1.0	4	0	0.811283887516495	1.52587890625e-05	0.5
1001	spon_ca_burst_3_hindbrain_to_tail_488_20ms__window_1_low_mad__sources_4__seed_3102	spon_ca_burst_3_hindbrain_to_tail_488_20ms	spon_ca_burst_3_hindbrain_to_tail_488_20ms__window_1_low_mad	3102	4	overlap	compact_jepa_latent_temporal_change	frozen_training_robust_normalized	0.0	0	4	4	4	0.0	4	4	-0.005417591983446435	1.52587890625e-05	0.5
1001	spon_ca_burst_3_hindbrain_to_tail_488_20ms__window_1_low_mad__sources_4__seed_3102	spon_ca_burst_3_hindbrain_to_tail_488_20ms	spon_ca_burst_3_hindbrain_to_tail_488_20ms__window_1_low_mad	3102	4	overlap	compact_jepa_masked_prediction_error_secondary	frozen_training_robust_normalized	0.0	0	4	4	4	0.5	4	2	0.13927478584170083	1.52587890625e-05	0.5
1001	spon_ca_burst_3_hindbrain_to_tail_488_20ms__window_1_low_mad__sources_4__seed_3102	spon_ca_burst_3_hindbrain_to_tail_488_20ms	spon_ca_burst_3_hindbrain_to_tail_488_20ms__window_1_low_mad	3102	4	overlap	frozen_handcrafted_stack	raw_native_units	0.25	1	4	3	4	0.75	4	1	1.4465601122922456	1.52587890625e-05	0.5
1001	spon_ca_burst_3_hindbrain_to_tail_488_20ms__window_1_low_mad__sources_4__seed_3102	spon_ca_burst_3_hindbrain_to_tail_488_20ms	spon_ca_burst_3_hindbrain_to_tail_488_20ms__window_1_low_mad	3102	4	overlap	frozen_random_encoder_latent_temporal_change	frozen_training_robust_normalized	0.0	0	4	4	4	0.0	4	4	-0.03850125196130244	1.52587890625e-05	0.5
1001	spon_ca_burst_3_hindbrain_to_tail_488_20ms__window_1_low_mad__sources_4__seed_3102	spon_ca_burst_3_hindbrain_to_tail_488_20ms	spon_ca_burst_3_hindbrain_to_tail_488_20ms__window_1_low_mad	3102	4	overlap	masked_pixel_autoencoder_latent_temporal_change	frozen_training_robust_normalized	0.0	0	4	4	4	0.25	4	3	0.06989818238622747	1.52587890625e-05	0.5
1001	spon_ca_burst_3_hindbrain_to_tail_488_20ms__window_1_low_mad__sources_4__seed_3102	spon_ca_burst_3_hindbrain_to_tail_488_20ms	spon_ca_burst_3_hindbrain_to_tail_488_20ms__window_1_low_mad	3102	4	overlap	masked_pixel_autoencoder_reconstruction_error_secondary	frozen_training_robust_normalized	0.0	0	4	4	4	0.75	4	1	1.0191928182112417	1.52587890625e-05	0.5
1001	spon_ca_burst_3_hindbrain_to_tail_488_20ms__window_1_low_mad__sources_4__seed_3103	spon_ca_burst_3_hindbrain_to_tail_488_20ms	spon_ca_burst_3_hindbrain_to_tail_488_20ms__window_1_low_mad	3103	4	near_neighbor	compact_jepa_latent_temporal_change	frozen_training_robust_normalized	0.0	0	4	4	4	0.0	4	4	-0.009014127075266734	1.52587890625e-05	0.5
1001	spon_ca_burst_3_hindbrain_to_tail_488_20ms__window_1_low_mad__sources_4__seed_3103	spon_ca_burst_3_hindbrain_to_tail_488_20ms	spon_ca_burst_3_hindbrain_to_tail_488_20ms__window_1_low_mad	3103	4	near_neighbor	compact_jepa_masked_prediction_error_secondary	frozen_training_robust_normalized	0.0	0	4	4	4	0.25	4	3	0.13460531479324386	1.52587890625e-05	0.5
1001	spon_ca_burst_3_hindbrain_to_tail_488_20ms__window_1_low_mad__sources_4__seed_3103	spon_ca_burst_3_hindbrain_to_tail_488_20ms	spon_ca_burst_3_hindbrain_to_tail_488_20ms__window_1_low_mad	3103	4	near_neighbor	frozen_handcrafted_stack	raw_native_units	0.0	0	4	4	4	1.0	4	0	1.462656912900823	1.52587890625e-05	0.5
1001	spon_ca_burst_3_hindbrain_to_tail_488_20ms__window_1_low_mad__sources_4__seed_3103	spon_ca_burst_3_hindbrain_to_tail_488_20ms	spon_ca_burst_3_hindbrain_to_tail_488_20ms__window_1_low_mad	3103	4	near_neighbor	frozen_random_encoder_latent_temporal_change	frozen_training_robust_normalized	0.0	0	4	4	4	0.25	4	3	-0.01063974260929712	1.52587890625e-05	0.5
1001	spon_ca_burst_3_hindbrain_to_tail_488_20ms__window_1_low_mad__sources_4__seed_3103	spon_ca_burst_3_hindbrain_to_tail_488_20ms	spon_ca_burst_3_hindbrain_to_tail_488_20ms__window_1_low_mad	3103	4	near_neighbor	masked_pixel_autoencoder_latent_temporal_change	frozen_training_robust_normalized	0.0	0	4	4	4	0.0	4	4	-0.118368706203963	1.52587890625e-05	0.5
1001	spon_ca_burst_3_hindbrain_to_tail_488_20ms__window_1_low_mad__sources_4__seed_3103	spon_ca_burst_3_hindbrain_to_tail_488_20ms	spon_ca_burst_3_hindbrain_to_tail_488_20ms__window_1_low_mad	3103	4	near_neighbor	masked_pixel_autoencoder_reconstruction_error_secondary	frozen_training_robust_normalized	0.0	0	4	4	4	1.0	4	0	0.8914988894390087	1.52587890625e-05	0.5
1001	spon_ca_burst_3_hindbrain_to_tail_488_20ms__window_2_median_mad__sources_1__seed_3101	spon_ca_burst_3_hindbrain_to_tail_488_20ms	spon_ca_burst_3_hindbrain_to_tail_488_20ms__window_2_median_mad	3101	1	single	compact_jepa_latent_temporal_change	frozen_training_robust_normalized	0.0	0	2	2	1	1.0	4	3	0.030455024933154107	6.103515625e-05	0.5
1001	spon_ca_burst_3_hindbrain_to_tail_488_20ms__window_2_median_mad__sources_1__seed_3101	spon_ca_burst_3_hindbrain_to_tail_488_20ms	spon_ca_burst_3_hindbrain_to_tail_488_20ms__window_2_median_mad	3101	1	single	compact_jepa_masked_prediction_error_secondary	frozen_training_robust_normalized	0.0	0	4	4	1	0.0	4	4	0.031446102662367525	6.103515625e-05	0.5
1001	spon_ca_burst_3_hindbrain_to_tail_488_20ms__window_2_median_mad__sources_1__seed_3101	spon_ca_burst_3_hindbrain_to_tail_488_20ms	spon_ca_burst_3_hindbrain_to_tail_488_20ms__window_2_median_mad	3101	1	single	frozen_handcrafted_stack	raw_native_units	0.0	0	4	4	1	1.0	4	3	1.7032383617125677	6.103515625e-05	0.5
1001	spon_ca_burst_3_hindbrain_to_tail_488_20ms__window_2_median_mad__sources_1__seed_3101	spon_ca_burst_3_hindbrain_to_tail_488_20ms	spon_ca_burst_3_hindbrain_to_tail_488_20ms__window_2_median_mad	3101	1	single	frozen_random_encoder_latent_temporal_change	frozen_training_robust_normalized	0.0	0	3	3	1	1.0	4	3	0.006385334405142773	6.103515625e-05	0.5
1001	spon_ca_burst_3_hindbrain_to_tail_488_20ms__window_2_median_mad__sources_1__seed_3101	spon_ca_burst_3_hindbrain_to_tail_488_20ms	spon_ca_burst_3_hindbrain_to_tail_488_20ms__window_2_median_mad	3101	1	single	masked_pixel_autoencoder_latent_temporal_change	frozen_training_robust_normalized	0.0	0	4	4	1	0.0	4	4	0.07889157482377218	6.103515625e-05	0.5
1001	spon_ca_burst_3_hindbrain_to_tail_488_20ms__window_2_median_mad__sources_1__seed_3101	spon_ca_burst_3_hindbrain_to_tail_488_20ms	spon_ca_burst_3_hindbrain_to_tail_488_20ms__window_2_median_mad	3101	1	single	masked_pixel_autoencoder_reconstruction_error_secondary	frozen_training_robust_normalized	0.0	0	4	4	1	1.0	4	3	0.5249621826847214	6.103515625e-05	0.5
1001	spon_ca_burst_3_hindbrain_to_tail_488_20ms__window_2_median_mad__sources_1__seed_3102	spon_ca_burst_3_hindbrain_to_tail_488_20ms	spon_ca_burst_3_hindbrain_to_tail_488_20ms__window_2_median_mad	3102	1	single	compact_jepa_latent_temporal_change	frozen_training_robust_normalized	0.0	0	2	2	1	0.0	4	4	0.02062705816531296	3.0517578125e-05	0.5
1001	spon_ca_burst_3_hindbrain_to_tail_488_20ms__window_2_median_mad__sources_1__seed_3102	spon_ca_burst_3_hindbrain_to_tail_488_20ms	spon_ca_burst_3_hindbrain_to_tail_488_20ms__window_2_median_mad	3102	1	single	compact_jepa_masked_prediction_error_secondary	frozen_training_robust_normalized	0.0	0	4	4	1	0.0	4	4	-0.046776822920131855	3.0517578125e-05	0.5
1001	spon_ca_burst_3_hindbrain_to_tail_488_20ms__window_2_median_mad__sources_1__seed_3102	spon_ca_burst_3_hindbrain_to_tail_488_20ms	spon_ca_burst_3_hindbrain_to_tail_488_20ms__window_2_median_mad	3102	1	single	frozen_handcrafted_stack	raw_native_units	0.0	0	4	4	1	1.0	4	3	1.4944340617792118	3.0517578125e-05	0.5
1001	spon_ca_burst_3_hindbrain_to_tail_488_20ms__window_2_median_mad__sources_1__seed_3102	spon_ca_burst_3_hindbrain_to_tail_488_20ms	spon_ca_burst_3_hindbrain_to_tail_488_20ms__window_2_median_mad	3102	1	single	frozen_random_encoder_latent_temporal_change	frozen_training_robust_normalized	0.0	0	3	3	1	0.0	4	4	0.018456956179005668	3.0517578125e-05	0.5
1001	spon_ca_burst_3_hindbrain_to_tail_488_20ms__window_2_median_mad__sources_1__seed_3102	spon_ca_burst_3_hindbrain_to_tail_488_20ms	spon_ca_burst_3_hindbrain_to_tail_488_20ms__window_2_median_mad	3102	1	single	masked_pixel_autoencoder_latent_temporal_change	frozen_training_robust_normalized	0.0	0	4	4	1	0.0	4	4	0.025751064190305428	3.0517578125e-05	0.5
1001	spon_ca_burst_3_hindbrain_to_tail_488_20ms__window_2_median_mad__sources_1__seed_3102	spon_ca_burst_3_hindbrain_to_tail_488_20ms	spon_ca_burst_3_hindbrain_to_tail_488_20ms__window_2_median_mad	3102	1	single	masked_pixel_autoencoder_reconstruction_error_secondary	frozen_training_robust_normalized	0.0	0	4	4	1	1.0	4	3	0.05354789716047248	3.0517578125e-05	0.5
1001	spon_ca_burst_3_hindbrain_to_tail_488_20ms__window_2_median_mad__sources_1__seed_3103	spon_ca_burst_3_hindbrain_to_tail_488_20ms	spon_ca_burst_3_hindbrain_to_tail_488_20ms__window_2_median_mad	3103	1	single	compact_jepa_latent_temporal_change	frozen_training_robust_normalized	0.0	0	2	2	1	0.0	4	4	0.01361429641295131	3.0517578125e-05	0.5
1001	spon_ca_burst_3_hindbrain_to_tail_488_20ms__window_2_median_mad__sources_1__seed_3103	spon_ca_burst_3_hindbrain_to_tail_488_20ms	spon_ca_burst_3_hindbrain_to_tail_488_20ms__window_2_median_mad	3103	1	single	compact_jepa_masked_prediction_error_secondary	frozen_training_robust_normalized	0.0	0	4	4	1	0.0	4	4	-0.029597105491771636	3.0517578125e-05	0.5
1001	spon_ca_burst_3_hindbrain_to_tail_488_20ms__window_2_median_mad__sources_1__seed_3103	spon_ca_burst_3_hindbrain_to_tail_488_20ms	spon_ca_burst_3_hindbrain_to_tail_488_20ms__window_2_median_mad	3103	1	single	frozen_handcrafted_stack	raw_native_units	0.0	0	4	4	1	1.0	4	3	-0.006236841222355793	3.0517578125e-05	0.5
1001	spon_ca_burst_3_hindbrain_to_tail_488_20ms__window_2_median_mad__sources_1__seed_3103	spon_ca_burst_3_hindbrain_to_tail_488_20ms	spon_ca_burst_3_hindbrain_to_tail_488_20ms__window_2_median_mad	3103	1	single	frozen_random_encoder_latent_temporal_change	frozen_training_robust_normalized	0.0	0	3	3	1	0.0	4	4	0.007084381441565424	3.0517578125e-05	0.5
1001	spon_ca_burst_3_hindbrain_to_tail_488_20ms__window_2_median_mad__sources_1__seed_3103	spon_ca_burst_3_hindbrain_to_tail_488_20ms	spon_ca_burst_3_hindbrain_to_tail_488_20ms__window_2_median_mad	3103	1	single	masked_pixel_autoencoder_latent_temporal_change	frozen_training_robust_normalized	0.0	0	4	4	1	0.0	4	4	0.05814567839493845	3.0517578125e-05	0.5
1001	spon_ca_burst_3_hindbrain_to_tail_488_20ms__window_2_median_mad__sources_1__seed_3103	spon_ca_burst_3_hindbrain_to_tail_488_20ms	spon_ca_burst_3_hindbrain_to_tail_488_20ms__window_2_median_mad	3103	1	single	masked_pixel_autoencoder_reconstruction_error_secondary	frozen_training_robust_normalized	0.0	0	4	4	1	1.0	4	3	0.007123902258861059	3.0517578125e-05	0.5
1001	spon_ca_burst_3_hindbrain_to_tail_488_20ms__window_2_median_mad__sources_2__seed_3101	spon_ca_burst_3_hindbrain_to_tail_488_20ms	spon_ca_burst_3_hindbrain_to_tail_488_20ms__window_2_median_mad	3101	2	separated	compact_jepa_latent_temporal_change	frozen_training_robust_normalized	0.0	0	2	2	2	0.0	4	4	0.013489459617234523	6.0760416090488434e-05	0.5
1001	spon_ca_burst_3_hindbrain_to_tail_488_20ms__window_2_median_mad__sources_2__seed_3101	spon_ca_burst_3_hindbrain_to_tail_488_20ms	spon_ca_burst_3_hindbrain_to_tail_488_20ms__window_2_median_mad	3101	2	separated	compact_jepa_masked_prediction_error_secondary	frozen_training_robust_normalized	0.0	0	4	4	2	0.0	4	4	0.021527797782826825	6.0760416090488434e-05	0.5
1001	spon_ca_burst_3_hindbrain_to_tail_488_20ms__window_2_median_mad__sources_2__seed_3101	spon_ca_burst_3_hindbrain_to_tail_488_20ms	spon_ca_burst_3_hindbrain_to_tail_488_20ms__window_2_median_mad	3101	2	separated	frozen_handcrafted_stack	raw_native_units	0.0	0	4	4	2	1.0	4	2	1.6703891381453413	6.0760416090488434e-05	0.5
1001	spon_ca_burst_3_hindbrain_to_tail_488_20ms__window_2_median_mad__sources_2__seed_3101	spon_ca_burst_3_hindbrain_to_tail_488_20ms	spon_ca_burst_3_hindbrain_to_tail_488_20ms__window_2_median_mad	3101	2	separated	frozen_random_encoder_latent_temporal_change	frozen_training_robust_normalized	0.0	0	3	3	2	0.0	4	4	0.01295503569742762	6.0760416090488434e-05	0.5
1001	spon_ca_burst_3_hindbrain_to_tail_488_20ms__window_2_median_mad__sources_2__seed_3101	spon_ca_burst_3_hindbrain_to_tail_488_20ms	spon_ca_burst_3_hindbrain_to_tail_488_20ms__window_2_median_mad	3101	2	separated	masked_pixel_autoencoder_latent_temporal_change	frozen_training_robust_normalized	0.0	0	4	4	2	0.0	4	4	0.012299195382177525	6.0760416090488434e-05	0.5
1001	spon_ca_burst_3_hindbrain_to_tail_488_20ms__window_2_median_mad__sources_2__seed_3101	spon_ca_burst_3_hindbrain_to_tail_488_20ms	spon_ca_burst_3_hindbrain_to_tail_488_20ms__window_2_median_mad	3101	2	separated	masked_pixel_autoencoder_reconstruction_error_secondary	frozen_training_robust_normalized	0.0	0	4	4	2	1.0	4	2	0.14089297030835637	6.0760416090488434e-05	0.5
1001	spon_ca_burst_3_hindbrain_to_tail_488_20ms__window_2_median_mad__sources_2__seed_3102	spon_ca_burst_3_hindbrain_to_tail_488_20ms	spon_ca_burst_3_hindbrain_to_tail_488_20ms__window_2_median_mad	3102	2	overlap	compact_jepa_latent_temporal_change	frozen_training_robust_normalized	0.0	0	2	2	2	0.5	4	3	0.047649779784243895	3.0517578125e-05	0.5
1001	spon_ca_burst_3_hindbrain_to_tail_488_20ms__window_2_median_mad__sources_2__seed_3102	spon_ca_burst_3_hindbrain_to_tail_488_20ms	spon_ca_burst_3_hindbrain_to_tail_488_20ms__window_2_median_mad	3102	2	overlap	compact_jepa_masked_prediction_error_secondary	frozen_training_robust_normalized	0.0	0	4	4	2	0.0	4	4	-0.0930516154918462	3.0517578125e-05	0.5
1001	spon_ca_burst_3_hindbrain_to_tail_488_20ms__window_2_median_mad__sources_2__seed_3102	spon_ca_burst_3_hindbrain_to_tail_488_20ms	spon_ca_burst_3_hindbrain_to_tail_488_20ms__window_2_median_mad	3102	2	overlap	frozen_handcrafted_stack	raw_native_units	0.0	0	4	4	2	0.5	4	3	3.5989562830169692	3.0517578125e-05	0.5
1001	spon_ca_burst_3_hindbrain_to_tail_488_20ms__window_2_median_mad__sources_2__seed_3102	spon_ca_burst_3_hindbrain_to_tail_488_20ms	spon_ca_burst_3_hindbrain_to_tail_488_20ms__window_2_median_mad	3102	2	overlap	frozen_random_encoder_latent_temporal_change	frozen_training_robust_normalized	0.0	0	3	3	2	0.5	4	3	0.04161333406173795	3.0517578125e-05	0.5
1001	spon_ca_burst_3_hindbrain_to_tail_488_20ms__window_2_median_mad__sources_2__seed_3102	spon_ca_burst_3_hindbrain_to_tail_488_20ms	spon_ca_burst_3_hindbrain_to_tail_488_20ms__window_2_median_mad	3102	2	overlap	masked_pixel_autoencoder_latent_temporal_change	frozen_training_robust_normalized	0.0	0	4	4	2	0.0	4	4	-0.012874217181627151	3.0517578125e-05	0.5
1001	spon_ca_burst_3_hindbrain_to_tail_488_20ms__window_2_median_mad__sources_2__seed_3102	spon_ca_burst_3_hindbrain_to_tail_488_20ms	spon_ca_burst_3_hindbrain_to_tail_488_20ms__window_2_median_mad	3102	2	overlap	masked_pixel_autoencoder_reconstruction_error_secondary	frozen_training_robust_normalized	0.0	0	4	4	2	0.5	4	3	0.15574083803829317	3.0517578125e-05	0.5
1001	spon_ca_burst_3_hindbrain_to_tail_488_20ms__window_2_median_mad__sources_2__seed_3103	spon_ca_burst_3_hindbrain_to_tail_488_20ms	spon_ca_burst_3_hindbrain_to_tail_488_20ms__window_2_median_mad	3103	2	near_neighbor	compact_jepa_latent_temporal_change	frozen_training_robust_normalized	0.0	0	2	2	2	0.5	4	3	0.033529179339129356	5.758553743362427e-05	0.5
1001	spon_ca_burst_3_hindbrain_to_tail_488_20ms__window_2_median_mad__sources_2__seed_3103	spon_ca_burst_3_hindbrain_to_tail_488_20ms	spon_ca_burst_3_hindbrain_to_tail_488_20ms__window_2_median_mad	3103	2	near_neighbor	compact_jepa_masked_prediction_error_secondary	frozen_training_robust_normalized	0.0	0	4	4	2	0.0	4	4	-0.12334614974094782	5.758553743362427e-05	0.5
1001	spon_ca_burst_3_hindbrain_to_tail_488_20ms__window_2_median_mad__sources_2__seed_3103	spon_ca_burst_3_hindbrain_to_tail_488_20ms	spon_ca_burst_3_hindbrain_to_tail_488_20ms__window_2_median_mad	3103	2	near_neighbor	frozen_handcrafted_stack	raw_native_units	0.0	0	4	4	2	1.0	4	2	1.4351816806953845	5.758553743362427e-05	0.5
1001	spon_ca_burst_3_hindbrain_to_tail_488_20ms__window_2_median_mad__sources_2__seed_3103	spon_ca_burst_3_hindbrain_to_tail_488_20ms	spon_ca_burst_3_hindbrain_to_tail_488_20ms__window_2_median_mad	3103	2	near_neighbor	frozen_random_encoder_latent_temporal_change	frozen_training_robust_normalized	0.0	0	3	3	2	0.5	4	3	0.01603718591002823	5.758553743362427e-05	0.5
1001	spon_ca_burst_3_hindbrain_to_tail_488_20ms__window_2_median_mad__sources_2__seed_3103	spon_ca_burst_3_hindbrain_to_tail_488_20ms	spon_ca_burst_3_hindbrain_to_tail_488_20ms__window_2_median_mad	3103	2	near_neighbor	masked_pixel_autoencoder_latent_temporal_change	frozen_training_robust_normalized	0.5	1	4	3	2	0.0	4	4	0.01272451933410114	5.758553743362427e-05	0.5
1001	spon_ca_burst_3_hindbrain_to_tail_488_20ms__window_2_median_mad__sources_2__seed_3103	spon_ca_burst_3_hindbrain_to_tail_488_20ms	spon_ca_burst_3_hindbrain_to_tail_488_20ms__window_2_median_mad	3103	2	near_neighbor	masked_pixel_autoencoder_reconstruction_error_secondary	frozen_training_robust_normalized	0.0	0	4	4	2	1.0	4	2	0.05334212585376219	5.758553743362427e-05	0.5
1001	spon_ca_burst_3_hindbrain_to_tail_488_20ms__window_2_median_mad__sources_4__seed_3101	spon_ca_burst_3_hindbrain_to_tail_488_20ms	spon_ca_burst_3_hindbrain_to_tail_488_20ms__window_2_median_mad	3101	4	separated	compact_jepa_latent_temporal_change	frozen_training_robust_normalized	0.0	0	2	2	4	0.25	4	3	0.015459536273682973	6.103515625e-05	0.5
1001	spon_ca_burst_3_hindbrain_to_tail_488_20ms__window_2_median_mad__sources_4__seed_3101	spon_ca_burst_3_hindbrain_to_tail_488_20ms	spon_ca_burst_3_hindbrain_to_tail_488_20ms__window_2_median_mad	3101	4	separated	compact_jepa_masked_prediction_error_secondary	frozen_training_robust_normalized	0.0	0	4	4	4	0.25	4	3	0.017504979614368275	6.103515625e-05	0.5
1001	spon_ca_burst_3_hindbrain_to_tail_488_20ms__window_2_median_mad__sources_4__seed_3101	spon_ca_burst_3_hindbrain_to_tail_488_20ms	spon_ca_burst_3_hindbrain_to_tail_488_20ms__window_2_median_mad	3101	4	separated	frozen_handcrafted_stack	raw_native_units	0.0	0	4	4	4	1.0	4	0	1.0026908659732188	6.103515625e-05	0.5
1001	spon_ca_burst_3_hindbrain_to_tail_488_20ms__window_2_median_mad__sources_4__seed_3101	spon_ca_burst_3_hindbrain_to_tail_488_20ms	spon_ca_burst_3_hindbrain_to_tail_488_20ms__window_2_median_mad	3101	4	separated	frozen_random_encoder_latent_temporal_change	frozen_training_robust_normalized	0.0	0	3	3	4	0.5	4	2	0.01629901267534859	6.103515625e-05	0.5
1001	spon_ca_burst_3_hindbrain_to_tail_488_20ms__window_2_median_mad__sources_4__seed_3101	spon_ca_burst_3_hindbrain_to_tail_488_20ms	spon_ca_burst_3_hindbrain_to_tail_488_20ms__window_2_median_mad	3101	4	separated	masked_pixel_autoencoder_latent_temporal_change	frozen_training_robust_normalized	0.0	0	4	4	4	0.5	4	2	0.03737661925861582	6.103515625e-05	0.5
1001	spon_ca_burst_3_hindbrain_to_tail_488_20ms__window_2_median_mad__sources_4__seed_3101	spon_ca_burst_3_hindbrain_to_tail_488_20ms	spon_ca_burst_3_hindbrain_to_tail_488_20ms__window_2_median_mad	3101	4	separated	masked_pixel_autoencoder_reconstruction_error_secondary	frozen_training_robust_normalized	0.0	0	4	4	4	1.0	4	0	0.22992070558516467	6.103515625e-05	0.5
1001	spon_ca_burst_3_hindbrain_to_tail_488_20ms__window_2_median_mad__sources_4__seed_3102	spon_ca_burst_3_hindbrain_to_tail_488_20ms	spon_ca_burst_3_hindbrain_to_tail_488_20ms__window_2_median_mad	3102	4	overlap	compact_jepa_latent_temporal_change	frozen_training_robust_normalized	0.0	0	2	2	4	0.25	4	3	0.041473128252935726	6.103515625e-05	0.5
1001	spon_ca_burst_3_hindbrain_to_tail_488_20ms__window_2_median_mad__sources_4__seed_3102	spon_ca_burst_3_hindbrain_to_tail_488_20ms	spon_ca_burst_3_hindbrain_to_tail_488_20ms__window_2_median_mad	3102	4	overlap	compact_jepa_masked_prediction_error_secondary	frozen_training_robust_normalized	0.0	0	4	4	4	0.0	4	4	-0.03849863727098107	6.103515625e-05	0.5
1001	spon_ca_burst_3_hindbrain_to_tail_488_20ms__window_2_median_mad__sources_4__seed_3102	spon_ca_burst_3_hindbrain_to_tail_488_20ms	spon_ca_burst_3_hindbrain_to_tail_488_20ms__window_2_median_mad	3102	4	overlap	frozen_handcrafted_stack	raw_native_units	0.25	1	4	3	4	0.75	4	1	2.6598722527778085	6.103515625e-05	0.5
1001	spon_ca_burst_3_hindbrain_to_tail_488_20ms__window_2_median_mad__sources_4__seed_3102	spon_ca_burst_3_hindbrain_to_tail_488_20ms	spon_ca_burst_3_hindbrain_to_tail_488_20ms__window_2_median_mad	3102	4	overlap	frozen_random_encoder_latent_temporal_change	frozen_training_robust_normalized	0.0	0	3	3	4	0.25	4	3	0.021801655153128	6.103515625e-05	0.5
1001	spon_ca_burst_3_hindbrain_to_tail_488_20ms__window_2_median_mad__sources_4__seed_3102	spon_ca_burst_3_hindbrain_to_tail_488_20ms	spon_ca_burst_3_hindbrain_to_tail_488_20ms__window_2_median_mad	3102	4	overlap	masked_pixel_autoencoder_latent_temporal_change	frozen_training_robust_normalized	0.0	0	4	4	4	0.25	4	3	0.025668831521360375	6.103515625e-05	0.5
1001	spon_ca_burst_3_hindbrain_to_tail_488_20ms__window_2_median_mad__sources_4__seed_3102	spon_ca_burst_3_hindbrain_to_tail_488_20ms	spon_ca_burst_3_hindbrain_to_tail_488_20ms__window_2_median_mad	3102	4	overlap	masked_pixel_autoencoder_reconstruction_error_secondary	frozen_training_robust_normalized	0.25	1	4	3	4	0.75	4	1	0.3136131470816198	6.103515625e-05	0.5
1001	spon_ca_burst_3_hindbrain_to_tail_488_20ms__window_2_median_mad__sources_4__seed_3103	spon_ca_burst_3_hindbrain_to_tail_488_20ms	spon_ca_burst_3_hindbrain_to_tail_488_20ms__window_2_median_mad	3103	4	near_neighbor	compact_jepa_latent_temporal_change	frozen_training_robust_normalized	0.0	0	2	2	4	0.25	4	3	0.0182573491659202	5.969943595118821e-05	0.5
1001	spon_ca_burst_3_hindbrain_to_tail_488_20ms__window_2_median_mad__sources_4__seed_3103	spon_ca_burst_3_hindbrain_to_tail_488_20ms	spon_ca_burst_3_hindbrain_to_tail_488_20ms__window_2_median_mad	3103	4	near_neighbor	compact_jepa_masked_prediction_error_secondary	frozen_training_robust_normalized	0.0	0	4	4	4	0.0	4	4	-0.06751798594178414	5.969943595118821e-05	0.5
1001	spon_ca_burst_3_hindbrain_to_tail_488_20ms__window_2_median_mad__sources_4__seed_3103	spon_ca_burst_3_hindbrain_to_tail_488_20ms	spon_ca_burst_3_hindbrain_to_tail_488_20ms__window_2_median_mad	3103	4	near_neighbor	frozen_handcrafted_stack	raw_native_units	0.0	0	4	4	4	1.0	4	0	2.0897728518797622	5.969943595118821e-05	0.5
1001	spon_ca_burst_3_hindbrain_to_tail_488_20ms__window_2_median_mad__sources_4__seed_3103	spon_ca_burst_3_hindbrain_to_tail_488_20ms	spon_ca_burst_3_hindbrain_to_tail_488_20ms__window_2_median_mad	3103	4	near_neighbor	frozen_random_encoder_latent_temporal_change	frozen_training_robust_normalized	0.0	0	3	3	4	0.0	4	4	0.012184717321695751	5.969943595118821e-05	0.5
1001	spon_ca_burst_3_hindbrain_to_tail_488_20ms__window_2_median_mad__sources_4__seed_3103	spon_ca_burst_3_hindbrain_to_tail_488_20ms	spon_ca_burst_3_hindbrain_to_tail_488_20ms__window_2_median_mad	3103	4	near_neighbor	masked_pixel_autoencoder_latent_temporal_change	frozen_training_robust_normalized	0.0	0	4	4	4	0.0	4	4	-0.0040669263873828465	5.969943595118821e-05	0.5
1001	spon_ca_burst_3_hindbrain_to_tail_488_20ms__window_2_median_mad__sources_4__seed_3103	spon_ca_burst_3_hindbrain_to_tail_488_20ms	spon_ca_burst_3_hindbrain_to_tail_488_20ms__window_2_median_mad	3103	4	near_neighbor	masked_pixel_autoencoder_reconstruction_error_secondary	frozen_training_robust_normalized	0.0	0	4	4	4	1.0	4	0	0.1424825044341157	5.969943595118821e-05	0.5
1001	spon_ca_burst_3_hindbrain_to_tail_488_20ms__window_3_high_mad__sources_1__seed_3101	spon_ca_burst_3_hindbrain_to_tail_488_20ms	spon_ca_burst_3_hindbrain_to_tail_488_20ms__window_3_high_mad	3101	1	single	compact_jepa_latent_temporal_change	frozen_training_robust_normalized	0.0	0	1	1	1	1.0	4	3	0.01918497876789682	0.00023984909057617188	0.5
1001	spon_ca_burst_3_hindbrain_to_tail_488_20ms__window_3_high_mad__sources_1__seed_3101	spon_ca_burst_3_hindbrain_to_tail_488_20ms	spon_ca_burst_3_hindbrain_to_tail_488_20ms__window_3_high_mad	3101	1	single	compact_jepa_masked_prediction_error_secondary	frozen_training_robust_normalized	0.0	0	4	4	1	0.0	4	4	-0.04625551906617176	0.00023984909057617188	0.5
1001	spon_ca_burst_3_hindbrain_to_tail_488_20ms__window_3_high_mad__sources_1__seed_3101	spon_ca_burst_3_hindbrain_to_tail_488_20ms	spon_ca_burst_3_hindbrain_to_tail_488_20ms__window_3_high_mad	3101	1	single	frozen_handcrafted_stack	raw_native_units	0.0	0	4	4	1	1.0	4	3	-0.30552729514324595	0.00023984909057617188	0.5
1001	spon_ca_burst_3_hindbrain_to_tail_488_20ms__window_3_high_mad__sources_1__seed_3101	spon_ca_burst_3_hindbrain_to_tail_488_20ms	spon_ca_burst_3_hindbrain_to_tail_488_20ms__window_3_high_mad	3101	1	single	frozen_random_encoder_latent_temporal_change	frozen_training_robust_normalized	0.0	0	2	2	1	1.0	4	3	0.01500108351094831	0.00023984909057617188	0.5
1001	spon_ca_burst_3_hindbrain_to_tail_488_20ms__window_3_high_mad__sources_1__seed_3101	spon_ca_burst_3_hindbrain_to_tail_488_20ms	spon_ca_burst_3_hindbrain_to_tail_488_20ms__window_3_high_mad	3101	1	single	masked_pixel_autoencoder_latent_temporal_change	frozen_training_robust_normalized	0.0	0	2	2	1	0.0	3	3	0.03287701021861977	0.00023984909057617188	0.5
1001	spon_ca_burst_3_hindbrain_to_tail_488_20ms__window_3_high_mad__sources_1__seed_3101	spon_ca_burst_3_hindbrain_to_tail_488_20ms	spon_ca_burst_3_hindbrain_to_tail_488_20ms__window_3_high_mad	3101	1	single	masked_pixel_autoencoder_reconstruction_error_secondary	frozen_training_robust_normalized	0.0	0	4	4	1	1.0	4	3	0.11241537732899978	0.00023984909057617188	0.5
1001	spon_ca_burst_3_hindbrain_to_tail_488_20ms__window_3_high_mad__sources_1__seed_3102	spon_ca_burst_3_hindbrain_to_tail_488_20ms	spon_ca_burst_3_hindbrain_to_tail_488_20ms__window_3_high_mad	3102	1	single	compact_jepa_latent_temporal_change	frozen_training_robust_normalized	0.0	0	1	1	1	0.0	4	4	0.004751413049816744	0.0001220703125	0.5
1001	spon_ca_burst_3_hindbrain_to_tail_488_20ms__window_3_high_mad__sources_1__seed_3102	spon_ca_burst_3_hindbrain_to_tail_488_20ms	spon_ca_burst_3_hindbrain_to_tail_488_20ms__window_3_high_mad	3102	1	single	compact_jepa_masked_prediction_error_secondary	frozen_training_robust_normalized	0.0	0	4	4	1	0.0	4	4	0.036670322294966806	0.0001220703125	0.5
1001	spon_ca_burst_3_hindbrain_to_tail_488_20ms__window_3_high_mad__sources_1__seed_3102	spon_ca_burst_3_hindbrain_to_tail_488_20ms	spon_ca_burst_3_hindbrain_to_tail_488_20ms__window_3_high_mad	3102	1	single	frozen_handcrafted_stack	raw_native_units	0.0	0	4	4	1	0.0	3	3	-1.9275578446847956	0.0001220703125	0.5
1001	spon_ca_burst_3_hindbrain_to_tail_488_20ms__window_3_high_mad__sources_1__seed_3102	spon_ca_burst_3_hindbrain_to_tail_488_20ms	spon_ca_burst_3_hindbrain_to_tail_488_20ms__window_3_high_mad	3102	1	single	frozen_random_encoder_latent_temporal_change	frozen_training_robust_normalized	0.0	0	2	2	1	0.0	4	4	-0.004854012623339621	0.0001220703125	0.5
1001	spon_ca_burst_3_hindbrain_to_tail_488_20ms__window_3_high_mad__sources_1__seed_3102	spon_ca_burst_3_hindbrain_to_tail_488_20ms	spon_ca_burst_3_hindbrain_to_tail_488_20ms__window_3_high_mad	3102	1	single	masked_pixel_autoencoder_latent_temporal_change	frozen_training_robust_normalized	0.0	0	2	2	1	0.0	4	4	-0.0019200500760565564	0.0001220703125	0.5
1001	spon_ca_burst_3_hindbrain_to_tail_488_20ms__window_3_high_mad__sources_1__seed_3102	spon_ca_burst_3_hindbrain_to_tail_488_20ms	spon_ca_burst_3_hindbrain_to_tail_488_20ms__window_3_high_mad	3102	1	single	masked_pixel_autoencoder_reconstruction_error_secondary	frozen_training_robust_normalized	0.0	0	4	4	1	1.0	4	3	0.25687387469192213	0.0001220703125	0.5
1001	spon_ca_burst_3_hindbrain_to_tail_488_20ms__window_3_high_mad__sources_1__seed_3103	spon_ca_burst_3_hindbrain_to_tail_488_20ms	spon_ca_burst_3_hindbrain_to_tail_488_20ms__window_3_high_mad	3103	1	single	compact_jepa_latent_temporal_change	frozen_training_robust_normalized	0.0	0	1	1	1	0.0	4	4	-0.0016776667412328194	0.0001220703125	0.5
1001	spon_ca_burst_3_hindbrain_to_tail_488_20ms__window_3_high_mad__sources_1__seed_3103	spon_ca_burst_3_hindbrain_to_tail_488_20ms	spon_ca_burst_3_hindbrain_to_tail_488_20ms__window_3_high_mad	3103	1	single	compact_jepa_masked_prediction_error_secondary	frozen_training_robust_normalized	0.0	0	4	4	1	1.0	4	3	0.06059105501183926	0.0001220703125	0.5
1001	spon_ca_burst_3_hindbrain_to_tail_488_20ms__window_3_high_mad__sources_1__seed_3103	spon_ca_burst_3_hindbrain_to_tail_488_20ms	spon_ca_burst_3_hindbrain_to_tail_488_20ms__window_3_high_mad	3103	1	single	frozen_handcrafted_stack	raw_native_units	0.0	0	4	4	1	0.0	4	4	-1.6493164301749346	0.0001220703125	0.5
1001	spon_ca_burst_3_hindbrain_to_tail_488_20ms__window_3_high_mad__sources_1__seed_3103	spon_ca_burst_3_hindbrain_to_tail_488_20ms	spon_ca_burst_3_hindbrain_to_tail_488_20ms__window_3_high_mad	3103	1	single	frozen_random_encoder_latent_temporal_change	frozen_training_robust_normalized	0.0	0	2	2	1	0.0	4	4	-0.002821473347745629	0.0001220703125	0.5
1001	spon_ca_burst_3_hindbrain_to_tail_488_20ms__window_3_high_mad__sources_1__seed_3103	spon_ca_burst_3_hindbrain_to_tail_488_20ms	spon_ca_burst_3_hindbrain_to_tail_488_20ms__window_3_high_mad	3103	1	single	masked_pixel_autoencoder_latent_temporal_change	frozen_training_robust_normalized	0.0	0	2	2	1	0.0	4	4	0.012721094128785193	0.0001220703125	0.5
1001	spon_ca_burst_3_hindbrain_to_tail_488_20ms__window_3_high_mad__sources_1__seed_3103	spon_ca_burst_3_hindbrain_to_tail_488_20ms	spon_ca_burst_3_hindbrain_to_tail_488_20ms__window_3_high_mad	3103	1	single	masked_pixel_autoencoder_reconstruction_error_secondary	frozen_training_robust_normalized	0.0	0	4	4	1	1.0	4	3	0.24964392883589248	0.0001220703125	0.5
1001	spon_ca_burst_3_hindbrain_to_tail_488_20ms__window_3_high_mad__sources_2__seed_3101	spon_ca_burst_3_hindbrain_to_tail_488_20ms	spon_ca_burst_3_hindbrain_to_tail_488_20ms__window_3_high_mad	3101	2	separated	compact_jepa_latent_temporal_change	frozen_training_robust_normalized	0.0	0	1	1	2	0.5	4	3	0.007342570813688554	0.0001220703125	0.5
1001	spon_ca_burst_3_hindbrain_to_tail_488_20ms__window_3_high_mad__sources_2__seed_3101	spon_ca_burst_3_hindbrain_to_tail_488_20ms	spon_ca_burst_3_hindbrain_to_tail_488_20ms__window_3_high_mad	3101	2	separated	compact_jepa_masked_prediction_error_secondary	frozen_training_robust_normalized	0.0	0	4	4	2	0.0	4	4	0.014818848630074141	0.0001220703125	0.5
1001	spon_ca_burst_3_hindbrain_to_tail_488_20ms__window_3_high_mad__sources_2__seed_3101	spon_ca_burst_3_hindbrain_to_tail_488_20ms	spon_ca_burst_3_hindbrain_to_tail_488_20ms__window_3_high_mad	3101	2	separated	frozen_handcrafted_stack	raw_native_units	0.0	0	4	4	2	1.0	4	2	-0.3934174745496377	0.0001220703125	0.5
1001	spon_ca_burst_3_hindbrain_to_tail_488_20ms__window_3_high_mad__sources_2__seed_3101	spon_ca_burst_3_hindbrain_to_tail_488_20ms	spon_ca_burst_3_hindbrain_to_tail_488_20ms__window_3_high_mad	3101	2	separated	frozen_random_encoder_latent_temporal_change	frozen_training_robust_normalized	0.0	0	2	2	2	0.0	4	4	-0.010449546678960822	0.0001220703125	0.5
1001	spon_ca_burst_3_hindbrain_to_tail_488_20ms__window_3_high_mad__sources_2__seed_3101	spon_ca_burst_3_hindbrain_to_tail_488_20ms	spon_ca_burst_3_hindbrain_to_tail_488_20ms__window_3_high_mad	3101	2	separated	masked_pixel_autoencoder_latent_temporal_change	frozen_training_robust_normalized	0.0	0	2	2	2	0.0	4	4	-0.02997693606037996	0.0001220703125	0.5
1001	spon_ca_burst_3_hindbrain_to_tail_488_20ms__window_3_high_mad__sources_2__seed_3101	spon_ca_burst_3_hindbrain_to_tail_488_20ms	spon_ca_burst_3_hindbrain_to_tail_488_20ms__window_3_high_mad	3101	2	separated	masked_pixel_autoencoder_reconstruction_error_secondary	frozen_training_robust_normalized	0.5	1	4	3	2	1.0	4	2	0.14539563207896616	0.0001220703125	0.5
1001	spon_ca_burst_3_hindbrain_to_tail_488_20ms__window_3_high_mad__sources_2__seed_3102	spon_ca_burst_3_hindbrain_to_tail_488_20ms	spon_ca_burst_3_hindbrain_to_tail_488_20ms__window_3_high_mad	3102	2	overlap	compact_jepa_latent_temporal_change	frozen_training_robust_normalized	0.0	0	1	1	2	0.0	4	4	0.01033035893235068	0.00012205878738313913	0.5
1001	spon_ca_burst_3_hindbrain_to_tail_488_20ms__window_3_high_mad__sources_2__seed_3102	spon_ca_burst_3_hindbrain_to_tail_488_20ms	spon_ca_burst_3_hindbrain_to_tail_488_20ms__window_3_high_mad	3102	2	overlap	compact_jepa_masked_prediction_error_secondary	frozen_training_robust_normalized	0.0	0	4	4	2	0.0	4	4	-0.0621380594442319	0.00012205878738313913	0.5
1001	spon_ca_burst_3_hindbrain_to_tail_488_20ms__window_3_high_mad__sources_2__seed_3102	spon_ca_burst_3_hindbrain_to_tail_488_20ms	spon_ca_burst_3_hindbrain_to_tail_488_20ms__window_3_high_mad	3102	2	overlap	frozen_handcrafted_stack	raw_native_units	0.0	0	4	4	2	1.0	4	2	0.8107934030508939	0.00012205878738313913	0.5
1001	spon_ca_burst_3_hindbrain_to_tail_488_20ms__window_3_high_mad__sources_2__seed_3102	spon_ca_burst_3_hindbrain_to_tail_488_20ms	spon_ca_burst_3_hindbrain_to_tail_488_20ms__window_3_high_mad	3102	2	overlap	frozen_random_encoder_latent_temporal_change	frozen_training_robust_normalized	0.0	0	2	2	2	0.0	4	4	0.021568078812889913	0.00012205878738313913	0.5
1001	spon_ca_burst_3_hindbrain_to_tail_488_20ms__window_3_high_mad__sources_2__seed_3102	spon_ca_burst_3_hindbrain_to_tail_488_20ms	spon_ca_burst_3_hindbrain_to_tail_488_20ms__window_3_high_mad	3102	2	overlap	masked_pixel_autoencoder_latent_temporal_change	frozen_training_robust_normalized	0.0	0	2	2	2	0.0	4	4	0.011047131581867653	0.00012205878738313913	0.5
1001	spon_ca_burst_3_hindbrain_to_tail_488_20ms__window_3_high_mad__sources_2__seed_3102	spon_ca_burst_3_hindbrain_to_tail_488_20ms	spon_ca_burst_3_hindbrain_to_tail_488_20ms__window_3_high_mad	3102	2	overlap	masked_pixel_autoencoder_reconstruction_error_secondary	frozen_training_robust_normalized	0.0	0	4	4	2	1.0	4	2	0.1257535826435105	0.00012205878738313913	0.5
1001	spon_ca_burst_3_hindbrain_to_tail_488_20ms__window_3_high_mad__sources_2__seed_3103	spon_ca_burst_3_hindbrain_to_tail_488_20ms	spon_ca_burst_3_hindbrain_to_tail_488_20ms__window_3_high_mad	3103	2	near_neighbor	compact_jepa_latent_temporal_change	frozen_training_robust_normalized	0.5	1	1	0	2	0.5	4	3	0.027281351035878254	0.00024306774139404297	0.5
1001	spon_ca_burst_3_hindbrain_to_tail_488_20ms__window_3_high_mad__sources_2__seed_3103	spon_ca_burst_3_hindbrain_to_tail_488_20ms	spon_ca_burst_3_hindbrain_to_tail_488_20ms__window_3_high_mad	3103	2	near_neighbor	compact_jepa_masked_prediction_error_secondary	frozen_training_robust_normalized	0.0	0	4	4	2	0.0	4	4	0.023497996376079744	0.00024306774139404297	0.5
1001	spon_ca_burst_3_hindbrain_to_tail_488_20ms__window_3_high_mad__sources_2__seed_3103	spon_ca_burst_3_hindbrain_to_tail_488_20ms	spon_ca_burst_3_hindbrain_to_tail_488_20ms__window_3_high_mad	3103	2	near_neighbor	frozen_handcrafted_stack	raw_native_units	0.5	1	4	3	2	0.5	4	3	-0.7433030452228815	0.00024306774139404297	0.5
1001	spon_ca_burst_3_hindbrain_to_tail_488_20ms__window_3_high_mad__sources_2__seed_3103	spon_ca_burst_3_hindbrain_to_tail_488_20ms	spon_ca_burst_3_hindbrain_to_tail_488_20ms__window_3_high_mad	3103	2	near_neighbor	frozen_random_encoder_latent_temporal_change	frozen_training_robust_normalized	0.0	0	2	2	2	0.5	4	3	0.013589121308419827	0.00024306774139404297	0.5
1001	spon_ca_burst_3_hindbrain_to_tail_488_20ms__window_3_high_mad__sources_2__seed_3103	spon_ca_burst_3_hindbrain_to_tail_488_20ms	spon_ca_burst_3_hindbrain_to_tail_488_20ms__window_3_high_mad	3103	2	near_neighbor	masked_pixel_autoencoder_latent_temporal_change	frozen_training_robust_normalized	0.0	0	2	2	2	0.0	4	4	-0.04572717619265898	0.00024306774139404297	0.5
1001	spon_ca_burst_3_hindbrain_to_tail_488_20ms__window_3_high_mad__sources_2__seed_3103	spon_ca_burst_3_hindbrain_to_tail_488_20ms	spon_ca_burst_3_hindbrain_to_tail_488_20ms__window_3_high_mad	3103	2	near_neighbor	masked_pixel_autoencoder_reconstruction_error_secondary	frozen_training_robust_normalized	0.0	0	4	4	2	0.5	4	3	0.28229352848983025	0.00024306774139404297	0.5
1001	spon_ca_burst_3_hindbrain_to_tail_488_20ms__window_3_high_mad__sources_4__seed_3101	spon_ca_burst_3_hindbrain_to_tail_488_20ms	spon_ca_burst_3_hindbrain_to_tail_488_20ms__window_3_high_mad	3101	4	separated	compact_jepa_latent_temporal_change	frozen_training_robust_normalized	0.0	0	1	1	4	0.5	4	2	0.0029436974953831185	0.0001220703125	0.5
1001	spon_ca_burst_3_hindbrain_to_tail_488_20ms__window_3_high_mad__sources_4__seed_3101	spon_ca_burst_3_hindbrain_to_tail_488_20ms	spon_ca_burst_3_hindbrain_to_tail_488_20ms__window_3_high_mad	3101	4	separated	compact_jepa_masked_prediction_error_secondary	frozen_training_robust_normalized	0.0	0	4	4	4	0.0	4	4	-0.023801022323539867	0.0001220703125	0.5
1001	spon_ca_burst_3_hindbrain_to_tail_488_20ms__window_3_high_mad__sources_4__seed_3101	spon_ca_burst_3_hindbrain_to_tail_488_20ms	spon_ca_burst_3_hindbrain_to_tail_488_20ms__window_3_high_mad	3101	4	separated	frozen_handcrafted_stack	raw_native_units	0.0	0	4	4	4	0.25	4	3	-1.4583323624277629	0.0001220703125	0.5
1001	spon_ca_burst_3_hindbrain_to_tail_488_20ms__window_3_high_mad__sources_4__seed_3101	spon_ca_burst_3_hindbrain_to_tail_488_20ms	spon_ca_burst_3_hindbrain_to_tail_488_20ms__window_3_high_mad	3101	4	separated	frozen_random_encoder_latent_temporal_change	frozen_training_robust_normalized	0.0	0	2	2	4	0.25	4	3	0.0026803843612502043	0.0001220703125	0.5
1001	spon_ca_burst_3_hindbrain_to_tail_488_20ms__window_3_high_mad__sources_4__seed_3101	spon_ca_burst_3_hindbrain_to_tail_488_20ms	spon_ca_burst_3_hindbrain_to_tail_488_20ms__window_3_high_mad	3101	4	separated	masked_pixel_autoencoder_latent_temporal_change	frozen_training_robust_normalized	0.0	0	2	2	4	0.25	4	3	0.008407825102199895	0.0001220703125	0.5
1001	spon_ca_burst_3_hindbrain_to_tail_488_20ms__window_3_high_mad__sources_4__seed_3101	spon_ca_burst_3_hindbrain_to_tail_488_20ms	spon_ca_burst_3_hindbrain_to_tail_488_20ms__window_3_high_mad	3101	4	separated	masked_pixel_autoencoder_reconstruction_error_secondary	frozen_training_robust_normalized	0.0	0	4	4	4	1.0	4	0	0.11221603142302723	0.0001220703125	0.5
1001	spon_ca_burst_3_hindbrain_to_tail_488_20ms__window_3_high_mad__sources_4__seed_3102	spon_ca_burst_3_hindbrain_to_tail_488_20ms	spon_ca_burst_3_hindbrain_to_tail_488_20ms__window_3_high_mad	3102	4	overlap	compact_jepa_latent_temporal_change	frozen_training_robust_normalized	0.0	0	1	1	4	0.25	4	3	0.012637891720424399	0.00024271011352539062	0.5
1001	spon_ca_burst_3_hindbrain_to_tail_488_20ms__window_3_high_mad__sources_4__seed_3102	spon_ca_burst_3_hindbrain_to_tail_488_20ms	spon_ca_burst_3_hindbrain_to_tail_488_20ms__window_3_high_mad	3102	4	overlap	compact_jepa_masked_prediction_error_secondary	frozen_training_robust_normalized	0.0	0	4	4	4	0.0	4	4	-0.003635950796047116	0.00024271011352539062	0.5
1001	spon_ca_burst_3_hindbrain_to_tail_488_20ms__window_3_high_mad__sources_4__seed_3102	spon_ca_burst_3_hindbrain_to_tail_488_20ms	spon_ca_burst_3_hindbrain_to_tail_488_20ms__window_3_high_mad	3102	4	overlap	frozen_handcrafted_stack	raw_native_units	0.0	0	4	4	4	0.0	4	4	-1.0743905662571507	0.00024271011352539062	0.5
1001	spon_ca_burst_3_hindbrain_to_tail_488_20ms__window_3_high_mad__sources_4__seed_3102	spon_ca_burst_3_hindbrain_to_tail_488_20ms	spon_ca_burst_3_hindbrain_to_tail_488_20ms__window_3_high_mad	3102	4	overlap	frozen_random_encoder_latent_temporal_change	frozen_training_robust_normalized	0.0	0	2	2	4	0.25	4	3	-0.004408532956967359	0.00024271011352539062	0.5
1001	spon_ca_burst_3_hindbrain_to_tail_488_20ms__window_3_high_mad__sources_4__seed_3102	spon_ca_burst_3_hindbrain_to_tail_488_20ms	spon_ca_burst_3_hindbrain_to_tail_488_20ms__window_3_high_mad	3102	4	overlap	masked_pixel_autoencoder_latent_temporal_change	frozen_training_robust_normalized	0.0	0	2	2	4	0.0	4	4	-0.017473136510639198	0.00024271011352539062	0.5
1001	spon_ca_burst_3_hindbrain_to_tail_488_20ms__window_3_high_mad__sources_4__seed_3102	spon_ca_burst_3_hindbrain_to_tail_488_20ms	spon_ca_burst_3_hindbrain_to_tail_488_20ms__window_3_high_mad	3102	4	overlap	masked_pixel_autoencoder_reconstruction_error_secondary	frozen_training_robust_normalized	0.0	0	4	4	4	0.75	4	1	0.1763476571625463	0.00024271011352539062	0.5
1001	spon_ca_burst_3_hindbrain_to_tail_488_20ms__window_3_high_mad__sources_4__seed_3103	spon_ca_burst_3_hindbrain_to_tail_488_20ms	spon_ca_burst_3_hindbrain_to_tail_488_20ms__window_3_high_mad	3103	4	near_neighbor	compact_jepa_latent_temporal_change	frozen_training_robust_normalized	0.0	0	1	1	4	0.0	4	4	0.006321446798927544	0.0002315044403076172	0.5
1001	spon_ca_burst_3_hindbrain_to_tail_488_20ms__window_3_high_mad__sources_4__seed_3103	spon_ca_burst_3_hindbrain_to_tail_488_20ms	spon_ca_burst_3_hindbrain_to_tail_488_20ms__window_3_high_mad	3103	4	near_neighbor	compact_jepa_masked_prediction_error_secondary	frozen_training_robust_normalized	0.0	0	4	4	4	0.0	4	4	-0.05203709837596948	0.0002315044403076172	0.5
1001	spon_ca_burst_3_hindbrain_to_tail_488_20ms__window_3_high_mad__sources_4__seed_3103	spon_ca_burst_3_hindbrain_to_tail_488_20ms	spon_ca_burst_3_hindbrain_to_tail_488_20ms__window_3_high_mad	3103	4	near_neighbor	frozen_handcrafted_stack	raw_native_units	0.25	1	4	3	4	0.25	4	3	-0.9423358431166593	0.0002315044403076172	0.5
1001	spon_ca_burst_3_hindbrain_to_tail_488_20ms__window_3_high_mad__sources_4__seed_3103	spon_ca_burst_3_hindbrain_to_tail_488_20ms	spon_ca_burst_3_hindbrain_to_tail_488_20ms__window_3_high_mad	3103	4	near_neighbor	frozen_random_encoder_latent_temporal_change	frozen_training_robust_normalized	0.0	0	2	2	4	0.0	4	4	0.0011006779239631226	0.0002315044403076172	0.5
1001	spon_ca_burst_3_hindbrain_to_tail_488_20ms__window_3_high_mad__sources_4__seed_3103	spon_ca_burst_3_hindbrain_to_tail_488_20ms	spon_ca_burst_3_hindbrain_to_tail_488_20ms__window_3_high_mad	3103	4	near_neighbor	masked_pixel_autoencoder_latent_temporal_change	frozen_training_robust_normalized	0.0	0	2	2	4	0.0	3	3	0.015183529629295922	0.0002315044403076172	0.5
1001	spon_ca_burst_3_hindbrain_to_tail_488_20ms__window_3_high_mad__sources_4__seed_3103	spon_ca_burst_3_hindbrain_to_tail_488_20ms	spon_ca_burst_3_hindbrain_to_tail_488_20ms__window_3_high_mad	3103	4	near_neighbor	masked_pixel_autoencoder_reconstruction_error_secondary	frozen_training_robust_normalized	0.0	0	4	4	4	1.0	4	0	0.15552800417604323	0.0002315044403076172	0.5
