observation_id	site_id	original_roi_id	canonical_roi_id	trace_class_id	burst_id	stage	x_px	y_px	event_start_ui	event_end_ui	baseline	pre_noise_mad	event_peak	event_min	event_area_signed	event_area_positive	robust_snr	time_to_peak_s	fwhm_s	persistence_ratio	baseline_slope_per_s	spatial_center_peakmap	spatial_annulus_peakmap	center_annulus_contrast	effective_radius_px	peak_offset_px	high_response_components	annulus_event_peak	center_annulus_trace_correlation	raw_local_saturation_fraction	raw_center_saturation_fraction	previous_stage	shape_corr_from_previous	peak_gain_from_previous	peak_time_shift_from_previous_s	contrast_gain_from_previous	recovery_candidate_metadata_available	recovery_matched_at_58	recovery_nearest_rank	recovery_nearest_distance_px	ica_to_ls_effective_scale_proxy_median	ica_to_ls_effective_scale_proxy_min
b03__roi_003	roi_003@x406_y217	roi_003	roi_003	1	3	Raw	405.575	216.977	2122	2149	1241.0	68.19959999999999	2005.0	590.0	36480.0	36480.0	29.39899940719009	0.6	2.2	0.696428571428539	83.64285714285698	1664.6923076923076	743.5568181818181	921.1354895104895	7.605091453827141	0.18651064202021192	4	669.8522727272727	0.9785531024401913	0.0	0.0		nan	nan	nan	nan	True	True	1	1.4251856019480522	nan	nan
b03__roi_003	roi_003@x406_y217	roi_003	roi_003	1	3	CS-Parzen ICA	405.575	216.977	2122	2149	2.2611937522888184	0.8360273498296737	33.1680474281311	0.773693323135376	489.72353625297546	489.72353625297546	39.67339991354963	0.8	1.4	0.43730437403676914	1.0932015883071078	25.74093058476081	10.653401973572644	15.087528611188167	7.426668357094529	0.14945529879792324	3	9.476832408119332	0.9695589333258279	nan	nan	Raw	0.9072981248100307	0.016542667046441178	0.20000000000000007	0.016379271869320346	True	True	1	1.4251856019480522	nan	nan
b03__roi_003	roi_003@x406_y217	roi_003	roi_003	1	3	Local standardization	405.575	216.977	2122	2149	0.2685098946094513	0.9944262785732746	24.17770478129387	-0.7739376127719879	225.13693369179964	226.1188843846321	24.313219871531288	0.2	0.8	0.1342354835695937	1.6056061710364053	18.481252131553795	5.7808073463066565	12.70044478524714	7.589956611756238	0.11856815822783837	13	5.168936000089161	0.9852945826750108	nan	nan	CS-Parzen ICA	0.7433260653742925	0.7289456767979318	-0.6000000000000001	0.8417843048852501	True	True	1	1.4251856019480522	4.311260792424818	0.8546252401123765
b04__roi_003	roi_003@x406_y217	roi_003	roi_003	1	4	Raw	405.575	216.977	2254	2300	1112.0	54.856199999999994	1821.0	-9.0	44706.0	44715.0	33.19588305363486	1.5	2.5	0.7012898070996194	-46.10714285714328	1539.6153846153845	769.4431818181819	770.1722027972027	7.679637289414571	0.47565040574191825	2	674.784090909091	0.9889061249694794	0.0	0.0		nan	nan	nan	nan	True	True	1	1.4251856019480522	nan	nan
b04__roi_003	roi_003@x406_y217	roi_003	roi_003	1	4	CS-Parzen ICA	405.575	216.977	2254	2300	2.4352450370788574	1.2976781432390212	26.406155109405518	-1.4388367533683777	499.84805995225906	503.2571213245392	20.348770784677505	1.7	1.3	0.4272651823084649	0.8771072328090661	22.75934720956362	10.832192468372257	11.927154741191364	7.5073860037868645	0.4891818760581023	3	9.613207889551466	0.9815774565201149	nan	nan	Raw	0.8724490732875391	0.014500908901367938	0.19999999999999996	0.015486347985369277	True	True	1	1.4251856019480522	nan	nan
b04__roi_003	roi_003@x406_y217	roi_003	roi_003	1	4	Local standardization	405.575	216.977	2254	2300	0.8738312721252441	1.9255037049114703	20.01491117477417	-2.106698989868164	175.992032520473	186.5607585310936	10.394636537611735	0.7	0.8	0.04486830097905296	1.308684666241918	16.174893190367865	5.936220868135437	10.238672322232429	7.690391512686358	0.2943021561348584	10	5.2181237610057	0.9695303903871032	nan	nan	CS-Parzen ICA	0.7109611228537189	0.7579638569526983	-1.0	0.8584337625816103	True	True	1	1.4251856019480522	6.438968358040535	0.8082030709114421
b01__roi_003	roi_003@x406_y217	roi_003	roi_003	1	1	Raw	405.575	216.977	2003	2026	1012.0	80.0604	1159.0	438.0	19112.0	19112.0	14.4765701893261	0.3	2.0	0.6279386712094865	250.6071428571427	990.5384615384615	412.54545454545456	577.9930069930069	7.696201116648848	0.42986482411719906	13	342.4090909090909	0.9782267743402595	0.0	0.0		nan	nan	nan	nan	True	True	1	0.4256218979329065	nan	nan
b01__roi_003	roi_003@x406_y217	roi_003	roi_003	1	1	CS-Parzen ICA	405.575	216.977	2003	2026	1.8047168254852295	0.7977722200870514	18.84474492073059	-0.3072843551635742	263.12196016311646	263.42924451828003	23.621711088225883	0.5	1.3	0.4273738968249865	1.5707334152289796	15.121470396335308	5.432287117296999	9.689183279038309	7.461960592770258	0.5403966935937979	7	4.412790005857294	0.9683143057093587	nan	nan	Raw	0.9160113683663443	0.016259486557993384	0.2	0.01676349568557803	True	True	1	0.4256218979329065	nan	nan
b01__roi_003	roi_003@x406_y217	roi_003	roi_003	1	1	Local standardization	405.575	216.977	2003	2026	0.05550016090273857	1.2239211512558161	20.116599906235933	-0.8987754099071026	201.9754980802536	202.8742734901607	16.436189430306772	0.4	0.9	0.2035225890321801	2.3717185913452083	14.3441121019423	4.089240654142817	10.254871447799484	7.628610274599252	0.4053547669003182	22	3.27843179377669	0.9665796336635775	nan	nan	CS-Parzen ICA	0.8798789454808237	1.0674912284452691	-0.09999999999999998	1.0583834727253647	True	True	1	0.4256218979329065	2.040388770341301	0.802775632833691
b04__roi_001	roi_001@x425_y222	roi_001	roi_001	1	4	Raw	424.753	222.193	2254	2300	1095.0	38.547599999999996	1600.0	120.0	37115.0	37115.0	41.507123659021396	1.3	2.2	0.6116635546484601	-33.53571428571436	1255.7692307692307	604.9431818181819	650.8260489510488	7.776751527273189	1.3232525976536822	7	515.3522727272729	0.9883899537171281	0.0	0.0		nan	nan	nan	nan	True	True	2	1.4107650406782866	nan	nan
b04__roi_001	roi_001@x425_y222	roi_001	roi_001	1	4	CS-Parzen ICA	424.753	222.193	2254	2300	2.1826188564300537	0.7363993618011474	24.4037344455719	-0.5488250255584717	448.76359009742737	449.31241512298584	33.13926610792265	1.5	2.2	0.4862742268831554	-1.1863474547863013	18.57981528685643	8.007753800262105	10.572061486594325	7.601933841519995	1.5486470085976896	4	6.985780358991839	0.9816023380310744	nan	nan	Raw	0.9103785354778744	0.015252334028472904	0.19999999999999996	0.016244066296389508	True	True	2	1.4107650406782866	nan	nan
b04__roi_001	roi_001@x425_y222	roi_001	roi_001	1	4	Local standardization	424.753	222.193	2254	2300	0.460430383682251	1.0307753811925648	16.550416707992554	-0.9092718660831451	202.96617920696735	205.6917251944542	16.056278597562276	0.9	1.1	0.1380418342177674	-1.6575661796544283	13.602024981465478	5.119770116775974	8.482254864689505	7.778867343978195	1.1773234641248351	17	4.292795307495082	0.9674475704604582	nan	nan	CS-Parzen ICA	0.7922674582150104	0.6781919687016371	-0.6	0.802327424470896	True	True	2	1.4107650406782866	4.349090409417101	0.9084450684345148
b03__roi_001	roi_001@x425_y222	roi_001	roi_001	1	3	Raw	424.753	222.193	2122	2149	1119.0	80.0604	1413.0	542.0	27690.0	27690.0	17.649174872750457	1.0	2.5	0.7597712106767868	104.74999999999986	1186.6923076923076	567.1704545454545	619.5218531468531	7.732837370547767	1.2610144051396026	6	487.5795454545455	0.9910211409042559	0.0	0.0		nan	nan	nan	nan	True	True	3	0.31346132137795185	nan	nan
b03__roi_001	roi_001@x425_y222	roi_001	roi_001	1	3	CS-Parzen ICA	424.753	222.193	2122	2149	1.901676893234253	1.0397885973930359	23.064225435256958	1.3029372692108154	337.58840775489807	337.58840775489807	22.181648722540398	1.0	1.4	0.4173899938392835	1.2615431121417449	17.832834968200096	7.534751718694514	10.298083249505583	7.548256739842642	1.5340351511433084	7	6.437091601165859	0.9874581116875983	nan	nan	Raw	0.8787574128930826	0.016322877165775396	0.0	0.016622631142355966	True	True	3	0.31346132137795185	nan	nan
b03__roi_001	roi_001@x425_y222	roi_001	roi_001	1	3	Local standardization	424.753	222.193	2122	2149	-0.10562684386968613	1.4113779136285185	17.664193890988827	-0.2033897414803505	190.10526128858328	190.32764871418476	12.51556631849247	0.4	1.0	0.16365496075868785	1.7730738645685578	13.565985155076934	4.991701409088406	8.574283745988527	7.727759633861184	1.1259695604040443	12	4.194732905619524	0.9777944200101983	nan	nan	CS-Parzen ICA	0.8188935320806953	0.7658698073259689	-0.6	0.8326096747729801	True	True	3	0.31346132137795185	3.2715229916568207	0.9081953352760626
b03__roi_013	roi_013@x447_y146	roi_013	roi_013	1	3	Raw	446.659	146.354	2122	2149	942.0	90.4386	807.0	224.0	13601.0	13601.0	8.923181031009733	0.4	2.0	0.6708845208844384	90.57142857142829	711.3846153846154	445.04545454545456	266.3391608391608	8.142372483495585	0.25002045826448116	7	364.0340909090909	0.9577877493291113	0.0	0.0		nan	nan	nan	nan	True	True	2	2.428496860199745	nan	nan
b03__roi_013	roi_013@x447_y146	roi_013	roi_013	1	3	CS-Parzen ICA	446.659	146.354	2122	2149	2.454197883605957	0.42824345669746394	12.043756484985352	-1.1985737085342407	136.38103234767914	138.99754643440247	28.12362049788455	0.6	1.1	0.29413892645133366	0.7136763547148015	10.05162294094379	5.685383166779172	4.366239774164619	8.07747114335794	0.2721073286142493	8	4.657303416593508	0.9279896512239454	nan	nan	Raw	0.7873508741811037	0.014924109646803504	0.19999999999999996	0.016393532818799215	True	True	2	2.428496860199745	nan	nan
b03__roi_013	roi_013@x447_y146	roi_013	roi_013	1	3	Local standardization	446.659	146.354	2122	2149	0.8673641085624695	0.6470674771249294	10.187686741352081	-1.8934573531150818	80.66549134254456	87.74232810735703	15.744396196319332	0.6	0.7	0.029269822654049808	1.1922363841107915	9.601206488477496	4.832459411605007	4.768747076872489	8.211112735460242	0.32569860172476206	19	4.087606955419522	0.9558467615673469	nan	nan	CS-Parzen ICA	0.8593659357338606	0.8458894658993583	0.0	1.0921862569246314	True	True	2	2.428496860199745	2.553746645099342	0.9031058592114188
b04__b004_c15	b004_c15@x344_y252	b004_c15	roi_new_023	1	4	Raw	344.0	252.0	2254	2300	2507.0	140.84699999999998	433.0	25.0	7913.0	7913.0	3.074257882645181	1.6	3.9	0.8115842490840632	71.7857142857136	354.9230769230769	305.54545454545456	49.377622377622345	8.511560440707019	0.8608897837188971	31	159.68181818181802	0.5871095014461297	0.01715309779825909	0.0		nan	nan	nan	nan	False				nan	nan
b04__b004_c15	b004_c15@x344_y252	b004_c15	roi_new_023	1	4	CS-Parzen ICA	344.0	252.0	2254	2300	3.3531575202941895	1.0459596405029297	3.5671701431274414	-2.709958791732788	23.123783230781555	40.17721080780029	3.4104280907070255	1.1	2.3	0.2881099901352164	0.9840249759810309	3.6254946268521824	3.311036028645255	0.31445859820692723	8.53023960573422	0.8399652346748123	33	1.4511331333355475	0.39061582403697725	nan	nan	Raw	0.04557870584397705	0.00823826822891271	-0.5	0.0063684434984676306	False				nan	nan
b04__b004_c15	b004_c15@x344_y252	b004_c15	roi_new_023	1	4	Local standardization	344.0	252.0	2254	2300	0.16132286190986633	0.7261086931943893	2.3888520896434784	-2.0093232691287994	6.599344654008746	23.19020488858223	3.289937317571837	1.1	2.3	0.21653992017746257	0.6743562745063432	2.244158170544184	1.8063769640337506	0.4377812065104336	8.881173819244365	0.26986280314776345	38	0.7509509671733461	0.49921363330406554	nan	nan	CS-Parzen ICA	0.9886552862806022	0.6696770810263133	0.0	1.392174383573956	False				5.347015701026844	0.3480509950094435
b03__roi_005	roi_005@x386_y193	roi_005	roi_005	1	3	Raw	386.203	193.23	2122	2149	931.0	35.5824	794.0	103.0	13950.0	13950.0	22.31440262539024	1.1	2.4	0.857770675189658	-16.392857142857334	755.0769230769231	397.17045454545456	357.90646853146853	7.706062329020611	0.06916923759844944	13	325.2159090909091	0.9677675561813606	0.0	0.0		nan	nan	nan	nan	True	True	4	1.4656428623645037	nan	nan
b03__roi_005	roi_005@x386_y193	roi_005	roi_005	1	3	CS-Parzen ICA	386.203	193.23	2122	2149	1.553735375404358	0.6596298251867294	11.728062987327576	-0.08173763751983643	168.12543654441833	168.20717418193817	17.779764531156253	1.3	1.2	0.6282562846932528	0.2189779451915195	10.685679655808668	5.161875655705279	5.5238040001033895	7.445984234324038	0.07350154951334835	17	4.011815876445987	0.9467430800035641	nan	nan	Raw	0.9109056321863606	0.0147708601855325	0.19999999999999996	0.015433652324733777	True	True	4	1.4656428623645037	nan	nan
b03__roi_005	roi_005@x386_y193	roi_005	roi_005	1	3	Local standardization	386.203	193.23	2122	2149	-0.3860155940055847	0.9490853452563285	9.131207168102264	-0.04792693257331848	131.79814313352108	131.8460700660944	9.621060112370667	0.7	1.4	0.33071890696511774	0.38984967129571096	10.295851475344254	4.589365744365337	5.706485730978916	7.719837415809242	0.04881002090311278	21	3.5964902880448126	0.9152395016418928	nan	nan	CS-Parzen ICA	0.8879803560516	0.7785776028991448	-0.6000000000000001	1.0330717255425854	True	True	4	1.4656428623645037	2.124716645242053	0.9035610063105144
b04__roi_013	roi_013@x447_y146	roi_013	roi_013	1	4	Raw	446.659	146.354	2254	2300	845.0	23.7216	783.0	15.0	19465.0	19465.0	33.007891540494406	0.9	2.9	0.6391578947367883	-23.678571428571622	730.8461538461538	484.03409090909093	246.81206293706288	8.217467978869193	0.3248792857616213	7	397.2613636363635	0.9668275319158182	0.0	0.0		nan	nan	nan	nan	True	True	3	3.402880691414267	nan	nan
b04__roi_013	roi_013@x447_y146	roi_013	roi_013	1	4	CS-Parzen ICA	446.659	146.354	2254	2300	1.7331827878952026	0.7931213150739669	12.827456593513489	-1.2797067165374756	199.95480239391327	201.67925083637238	16.173385248313252	1.3	1.1	0.4159189862278885	0.7239546222346168	10.267566002332247	6.242569167505611	4.024996834826636	8.108093173008527	0.4141825832599641	12	5.0379377986219795	0.9464261545030824	nan	nan	Raw	0.8536925524280964	0.016382447756701286	0.4	0.016307942111551912	True	True	3	3.402880691414267	nan	nan
b04__roi_013	roi_013@x447_y146	roi_013	roi_013	1	4	Local standardization	446.659	146.354	2254	2300	-0.05114587023854256	1.2053626108713447	8.772166568785906	-1.9081572704017162	110.26327290199697	117.12387318722904	7.277616281101483	1.0	1.3	0.10682614589725656	1.1312750290547098	9.192712658013289	5.0271762195837	4.165536438429588	8.206350600009165	0.39663671639010895	21	4.202333853192613	0.9366120562879862	nan	nan	CS-Parzen ICA	0.8214654041694127	0.6838586047165347	-0.30000000000000004	1.034916698903215	True	True	3	3.402880691414267	4.7230175936983825	0.2314475134062345
b03__roi_004	roi_004@x391_y223	roi_004	roi_004	1	3	Raw	390.839	223.178	2122	2149	979.0	47.4432	1004.0	81.0	18202.0	18202.0	21.162147578132124	1.1	2.1	1.0500056312646637	-33.32142857142837	843.1538461538462	429.9431818181818	413.2106643356644	8.06144306437532	1.4456508529548873	5	352.1704545454546	0.9754873242860886	0.0	0.0		nan	nan	nan	nan	True	True	5	0.8576741805604251	nan	nan
b03__roi_004	roi_004@x391_y223	roi_004	roi_004	1	3	CS-Parzen ICA	390.839	223.178	2122	2149	1.9475046396255493	0.9259323571443557	14.223489165306091	-1.1895200610160828	191.08141642808914	192.56980681419373	15.361261586981504	1.3	1.4	0.6762051938941341	0.11483695251601132	11.810819506645203	5.477980552749201	6.332838953896002	7.956245077019198	1.7810163366014302	12	4.445743400942195	0.9552934728797814	nan	nan	Raw	0.8314898433354837	0.0141668218777808	0.19999999999999996	0.015325932993675852	True	True	5	0.8576741805604251	nan	nan
b03__roi_004	roi_004@x391_y223	roi_004	roi_004	1	3	Local standardization	390.839	223.178	2122	2149	0.0002575214602984488	1.317858149399457	11.48280426900601	-1.3193458612659015	125.27450753399171	128.54495770676294	8.713232350177785	0.6	1.2	0.3312666712766365	0.18343160520141444	9.385247027349228	4.43008661584463	4.955160411504599	7.885382024307144	0.7736122155972017	16	3.4713908227541572	0.9311471132411979	nan	nan	CS-Parzen ICA	0.8849647555653006	0.8073127581246051	-0.7000000000000001	0.782454827415704	True	True	5	0.8576741805604251	2.355350937193425	0.5746271732596765
b04__roi_009	roi_009@x351_y170	roi_009	roi_009	1	4	Raw	350.8	170.027	2254	2300	1047.0	72.64739999999999	775.0	-88.0	14227.0	14321.0	10.667966093615629	1.6	1.6	0.6830414854858757	46.035714285714086	714.6153846153846	411.3068181818182	303.30856643356645	7.885416947635857	0.9490482487888339	6	323.5113636363636	0.945932700123797	0.0	0.0		nan	nan	nan	nan	True	True	4	1.0462929800012846	nan	nan
b04__roi_009	roi_009@x351_y170	roi_009	roi_009	1	4	CS-Parzen ICA	350.8	170.027	2254	2300	2.093094825744629	0.7227126399993896	10.739534378051758	-0.9351125955581665	181.71564269065857	184.15197205543518	14.860033945443094	1.4	2.3	0.5752002234188164	-0.04143219760486134	9.847313706691448	5.238545728678053	4.608767978013395	7.713166751043052	1.0570900111403247	15	4.090346235443246	0.9508161539341476	nan	nan	Raw	0.8704615326782975	0.013857463713597291	-0.20000000000000018	0.015194981243655896	True	True	4	1.0462929800012846	nan	nan
b04__roi_009	roi_009@x351_y170	roi_009	roi_009	1	4	Local standardization	350.8	170.027	2254	2300	0.3561655282974243	1.034367681723833	12.256880164146423	-1.3521031141281128	114.30062834918499	119.90614032745361	11.849635645875937	1.2	0.8	0.17728778668842507	-0.05197013199462462	9.629972697450565	4.588828812681393	5.0411438847691725	7.851857510958405	0.728255584855859	17	3.61777990732596	0.9368481564744389	nan	nan	CS-Parzen ICA	0.8818700618198025	1.1412859935580038	-0.19999999999999996	1.0938159412069897	True	True	4	1.0462929800012846	3.0039842187326338	0.9120940701556519
b04__roi_004	roi_004@x391_y223	roi_004	roi_004	1	4	Raw	390.839	223.178	2254	2300	1011.0	66.717	980.0	-52.0	21927.0	22041.0	14.688909872825683	1.5	2.5	0.8179643681952475	-50.96428571428601	868.0769230769231	451.67045454545456	416.40646853146853	8.074871273469753	1.348482784817223	2	367.47727272727275	0.9760280067500762	0.0	0.0		nan	nan	nan	nan	True	True	6	1.1889512185115056	nan	nan
b04__roi_004	roi_004@x391_y223	roi_004	roi_004	1	4	CS-Parzen ICA	390.839	223.178	2254	2300	1.870964527130127	0.5402144146442414	14.64817762374878	-0.5306705236434937	248.33688712120056	249.6674143075943	27.115488220135447	1.5	1.4	0.4529466206805916	-0.12596017973763665	12.143132118078379	5.872494436123154	6.2706376819552245	7.9256384059821405	1.6509320463674726	6	4.5863895727829505	0.9752326793199453	nan	nan	Raw	0.8723351929605712	0.014947120024218196	0.0	0.015058934372596767	True	True	6	1.1889512185115056	nan	nan
b04__roi_004	roi_004@x391_y223	roi_004	roi_004	1	4	Local standardization	390.839	223.178	2254	2300	-0.028195224702358246	0.7831169979080558	11.750450931489468	-0.8231504335999489	139.76336880773306	142.66595622897148	15.004719534723145	1.0	1.1	0.16254388560268643	-0.1724047075424878	9.857666712469207	4.5749388297435045	5.282727882725703	7.826223736383687	0.7462793739864431	15	3.69276419441766	0.9193229805508403	nan	nan	CS-Parzen ICA	0.8836656240122118	0.8021783482224119	-0.5	0.8424546513164288	True	True	6	1.1889512185115056	4.6941398689701614	0.9612868285440052
b04__roi_005	roi_005@x386_y193	roi_005	roi_005	1	4	Raw	386.203	193.23	2254	2300	863.0	51.891	709.0	-132.0	16165.0	16307.0	13.663255670276865	1.2	2.8	0.7986984337082728	-22.25000000000031	670.0769230769231	381.27272727272725	288.80419580419584	7.817212785396986	0.08526184431712802	13	316.9545454545455	0.9597938088399864	0.0	0.0		nan	nan	nan	nan	True	True	7	0.8295233571154196	nan	nan
b04__roi_005	roi_005@x386_y193	roi_005	roi_005	1	4	CS-Parzen ICA	386.203	193.23	2254	2300	1.4121752977371216	0.3503277631759643	11.486552119255066	-0.40183234214782715	189.91377389431	190.63020169734955	32.788015378323095	1.7	1.3	0.5082777767287004	0.2652581334114072	9.29698646068573	4.9819966053420845	4.314989855343645	7.576246815526012	0.11241805737171319	13	3.8553331264040684	0.9411482645583918	nan	nan	Raw	0.8070079716013484	0.016201060816980063	0.5	0.014940883539843693	True	True	7	0.8295233571154196	nan	nan
b04__roi_005	roi_005@x386_y193	roi_005	roi_005	1	4	Local standardization	386.203	193.23	2254	2300	-0.46214574575424194	0.5416693357944489	9.491407334804535	-0.6340298056602478	139.1573101086542	140.6530428333208	17.52251177992434	0.9	1.4	0.25953516145225036	0.4231180069702013	9.131975819858221	4.645037668354979	4.486938151503242	7.810847679645935	0.10415540496056708	21	3.688954164443368	0.9011790274201703	nan	nan	CS-Parzen ICA	0.8952706024154441	0.8263060346949239	-0.7999999999999999	1.0398490612687787	True	True	7	0.8295233571154196	3.263312350894232	0.8952729333057055
b04__roi_018	roi_018@x472_y202	roi_018	roi_018	1	4	Raw	471.878	201.522	2254	2300	1077.0	69.6822	636.0	-22.0	14915.0	14941.0	9.127151553637411	1.3	3.7	0.6814089579112445	-28.642857142857356	609.0	381.78409090909093	227.21590909090907	7.752306888346834	0.3355908575447103	5	284.840909090909	0.939358681803382	0.0	0.0		nan	nan	nan	nan	True	True	8	0.9996839500562082	nan	nan
b04__roi_018	roi_018@x472_y202	roi_018	roi_018	1	4	CS-Parzen ICA	471.878	201.522	2254	2300	2.4637906551361084	0.7326188997745513	8.939128160476685	-0.8207494020462036	128.54278528690338	131.8005073070526	12.201607344590638	1.3	2.5	0.38712953846764464	0.016464373895100467	8.622634667616625	4.509463560852137	4.113171106764487	7.535425339132452	0.353586277877502	11	3.268319755792618	0.9287113862924286	nan	nan	Raw	0.7250079206957776	0.014055232956702248	0.0	0.018102478489306423	True	True	8	0.9996839500562082	nan	nan
b04__roi_018	roi_018@x472_y202	roi_018	roi_018	1	4	Local standardization	471.878	201.522	2254	2300	0.8608573079109192	1.0761496962189674	8.474689185619354	-1.3855347633361816	82.11936847493052	95.51244074106216	7.875009589762477	1.3	1.1	0.10433784316043625	0.07621408998966193	8.352920236925666	4.090757862967042	4.262162373958624	7.8436854473818585	0.33185620096250035	24	2.9326411935246806	0.9314529237384179	nan	nan	CS-Parzen ICA	0.9091420110983156	0.948044264779776	0.0	1.036222968189406	True	True	8	0.9996839500562082	3.3154446640879405	0.9536745489026359
b01__roi_013	roi_013@x447_y146	roi_013	roi_013	1	1	Raw	446.659	146.354	2003	2026	902.0	57.8214	605.0	168.0	9125.0	9125.0	10.463254089135456	0.3	2.1	0.6951514025634971	120.4642857142854	528.3846153846154	316.96590909090907	211.4187062937063	8.207973321039844	0.4694493941113222	19	246.13636363636374	0.9340065843741016	0.0	0.0		nan	nan	nan	nan	True	True	2	1.4884881591735974	nan	nan
b01__roi_013	roi_013@x447_y146	roi_013	roi_013	1	1	CS-Parzen ICA	446.659	146.354	2003	2026	2.271644353866577	0.7954855619430542	9.466078996658325	-0.9726766347885132	91.72514569759369	92.76010799407959	11.899749583935524	0.7	1.1	0.31882196532629853	1.109121722834451	7.383905979303213	3.8849347585981544	3.4989712207050587	8.10710841342191	0.5397650823522974	21	2.8250046866861256	0.9092432537439972	nan	nan	Raw	0.775279730317088	0.015646411564698644	0.39999999999999997	0.016549960417540734	True	True	2	1.4884881591735974	nan	nan
b01__roi_013	roi_013@x447_y146	roi_013	roi_013	1	1	Local standardization	446.659	146.354	2003	2026	0.8023504018783569	1.2456125739097594	10.517185807228088	-1.8165422677993774	79.76584172993898	84.43836307525635	8.443384419099994	0.5	0.6	0.11188063244708908	1.728589194959828	7.930552777046194	3.819897643613248	4.110655133432946	8.216605779945063	0.4318184897956595	25	2.676384969402782	0.931839798111639	nan	nan	CS-Parzen ICA	0.9307462368455016	1.111039302527454	-0.19999999999999996	1.1748182174044324	True	True	2	1.4884881591735974	1.6525526974046678	0.8810370211353994
b03__roi_009	roi_009@x351_y170	roi_009	roi_009	1	3	Raw	350.8	170.027	2122	2149	1066.0	31.1346	654.0	-77.0	9586.0	9663.0	21.005569365882153	0.7	1.3	0.6890403775562508	-32.8571428571429	610.9230769230769	350.03409090909093	260.88898601398597	7.935809580249834	0.889398801954164	16	274.590909090909	0.9440879713097559	0.0	0.0		nan	nan	nan	nan	True	True	6	1.0462929800012846	nan	nan
b03__roi_009	roi_009@x351_y170	roi_009	roi_009	1	3	CS-Parzen ICA	350.8	170.027	2122	2149	2.562947988510132	0.6227599811553954	9.560856103897095	-0.9494084119796753	128.28701102733612	129.64630842208862	15.352393181730491	0.9	2.2	0.7496689736400449	0.8109598564250124	8.843814804003788	4.373934203928167	4.469880600075621	7.700120685176114	1.112618694257894	16	3.286629706282507	0.9641787775843017	nan	nan	Raw	0.8372679724777047	0.01461904603040134	0.20000000000000007	0.01713326679041507	True	True	6	1.0462929800012846	nan	nan
b03__roi_009	roi_009@x351_y170	roi_009	roi_009	1	3	Local standardization	350.8	170.027	2122	2149	0.9692249298095703	0.8761499553501606	9.925148963928223	-1.3579205572605133	98.54581743478775	102.13277685642242	11.328139540489294	0.9	1.0	0.3443964758065406	1.1594343015125819	8.77808148958362	4.245288974641219	4.532792514942401	7.825402555335888	0.8353484997250812	26	3.181773502197095	0.930735981485646	nan	nan	CS-Parzen ICA	0.9178545527174666	1.0381025354878561	0.0	1.014074629611279	True	True	6	1.0462929800012846	2.059782068841853	0.937958478201934
b03__roi_new_002	roi_new_002@x437_y153	roi_new_002	roi_new_002	1	3	Raw	437.0	153.0	2122	2149	972.0	91.9212	664.0	207.0	11625.0	11625.0	7.223578456251403	0.8	2.5	0.6623766623765676	74.42857142857113	573.4615384615385	370.32954545454544	203.131993006993	8.440267312158282	1.0163620334875854	11	301.94318181818176	0.9514389906370448	0.0	0.0		nan	nan	nan	nan	False				nan	nan
b03__roi_new_002	roi_new_002@x437_y153	roi_new_002	roi_new_002	1	3	CS-Parzen ICA	437.0	153.0	2122	2149	1.946366548538208	0.8676543876171111	9.391480207443237	0.4514651298522949	130.8771631717682	130.8771631717682	10.823987443216428	1.0	1.3	0.4172642394385311	0.2962026574781961	8.12356816805326	4.745277095924724	3.378291072128537	8.385183207566993	1.1702499720708228	18	3.643857290121642	0.9463152195119857	nan	nan	Raw	0.8489992900308576	0.014143795493116104	0.19999999999999996	0.016631014258771167	False				nan	nan
b03__roi_new_002	roi_new_002@x437_y153	roi_new_002	roi_new_002	1	3	Local standardization	437.0	153.0	2122	2149	0.13748839497566223	1.2896352058589458	9.575378388166428	-0.5631368160247803	94.4383669118397	95.35316313803196	7.424873590019582	0.4	0.9	0.13844327820923819	0.5588875903881023	7.872117046266794	4.233785515878646	3.6383315303881485	8.385834758799874	0.7042273919624428	19	3.3111360726655796	0.9397562702195973	nan	nan	CS-Parzen ICA	0.8704417972287962	1.0195813839396541	-0.6	1.0769739645372818	False				2.8199192819140766	0.9068846946989468
b01__roi_001	roi_001@x425_y222	roi_001	roi_001	1	1	Raw	424.753	222.193	2003	2026	1022.0	94.8864	843.0	296.0	12775.0	12775.0	8.884307972387147	0.5	1.8	0.633005240956074	181.24999999999957	680.2307692307693	351.5681818181818	328.66258741258747	7.94551899011512	1.1518492802042153	8	277.22727272727275	0.9782856190088872	0.0	0.0		nan	nan	nan	nan	True	True	3	1.4107650406782866	nan	nan
b01__roi_001	roi_001@x425_y222	roi_001	roi_001	1	1	CS-Parzen ICA	424.753	222.193	2003	2026	1.9719456434249878	0.5201631197690963	12.124262928962708	0.18991434574127197	153.60995244979858	153.60995244979858	23.308578491754982	0.7	1.2	0.41555654380306983	1.1862166907106129	9.542236575713524	4.479277677156708	5.062958898556816	7.733855753835614	1.4866488761176504	9	3.385805447670547	0.9770427451624648	nan	nan	Raw	0.9085227190478647	0.014382281054505725	0.19999999999999996	0.015404731455441297	True	True	3	1.4107650406782866	nan	nan
b01__roi_001	roi_001@x425_y222	roi_001	roi_001	1	1	Local standardization	424.753	222.193	2003	2026	0.2793072462081909	0.7884646660208702	9.909402012825012	-0.7548638582229614	112.08393958210945	112.83880344033241	12.567972196226158	0.5	1.2	0.19577320420523583	1.7300407410200156	8.703022216375057	3.618006754285571	5.085015462089486	7.909362465977629	1.212991079142573	21	2.740726408354848	0.9266117211565756	nan	nan	CS-Parzen ICA	0.9100616193594732	0.817319953391632	-0.19999999999999996	1.004356456959309	True	True	3	1.4107650406782866	2.1287882038449597	0.9728066771121083
b04__roi_new_001	roi_new_001@x428_y146	roi_new_001	roi_new_001	1	4	Raw	428.0	146.0	2254	2300	863.0	44.477999999999994	826.0	42.0	19796.0	19796.0	18.570978910504724	1.2	2.8	0.7499999999999337	-13.285714285714407	733.5384615384615	510.60227272727275	222.9361888111888	8.319326283837155	0.5683672169813673	3	430.81818181818176	0.9665260692010818	0.0	0.0		nan	nan	nan	nan	False				nan	nan
b04__roi_new_001	roi_new_001@x428_y146	roi_new_001	roi_new_001	1	4	CS-Parzen ICA	428.0	146.0	2254	2300	1.5594581365585327	0.27291330342292786	10.954366326332092	0.020197391510009766	208.20209908485413	208.20209908485413	40.138630652305416	1.5	1.4	0.4628372117851366	0.4460017617259701	10.06328951395475	6.509239563887769	3.5540499500669807	8.25994147151896	0.7145762947454721	6	5.549224537881938	0.9606131672012824	nan	nan	Raw	0.8742793820931435	0.013261944704986478	0.30000000000000004	0.01594200550840612	False				nan	nan
b04__roi_new_001	roi_new_001@x428_y146	roi_new_001	roi_new_001	1	4	Local standardization	428.0	146.0	2254	2300	-0.32390710711479187	0.39670492131114005	9.781995981931686	-0.4538981020450592	111.0591235384345	112.00505905598402	24.658115974319973	0.7	1.0	0.12197048675969459	0.6681786748979772	8.147481708787382	5.01740174137839	3.1300799674089914	8.380733512971288	0.6100701276080482	13	4.259600391442126	0.9441623171853506	nan	nan	CS-Parzen ICA	0.815107796590523	0.8929768906417489	-0.8	0.8807079277175868	False				5.8152853303059135	0.9001065342582844
b02__roi_001	roi_001@x425_y222	roi_001	roi_001	1	2	Raw	424.753	222.193	2040	2063	1505.0	312.8286	667.0	-107.0	5966.0	6172.0	2.1321579932201464	0.0	0.9	0.14977645305511367	660.0357142857147	578.4615384615385	290.9431818181818	287.51835664335664	7.8937869617220295	1.172048122269035	10	227.0	0.9714867227151741	0.0	0.0		nan	nan	nan	nan	True	True	1	0.7773403373040559	nan	nan
b02__roi_001	roi_001@x425_y222	roi_001	roi_001	1	2	CS-Parzen ICA	424.753	222.193	2040	2063	6.023766040802002	1.8809274358749388	8.615371227264404	-4.12362265586853	69.19122838973999	81.43853187561035	4.580384685960234	0.3	0.7	0.3398994000071109	3.0522815670285883	7.529962429633508	3.646231410178271	3.8837310194552366	7.886075638835034	1.2931911423390894	19	2.504244068129496	0.9325817336402794	nan	nan	Raw	0.6392180977726216	0.012916598541606428	0.3	0.013507767172790239	True	True	1	0.7773403373040559	nan	nan
b02__roi_001	roi_001@x425_y222	roi_001	roi_001	1	2	Local standardization	424.753	222.193	2040	2063	1.864450454711914	1.1751199474811553	6.0465545654296875	-2.621913254261017	44.91364344954491	53.00929236412048	5.14547861539145	0.1	0.7	0.27296456530610547	2.102328215326581	5.106912810068864	2.022159698218192	3.084753111850672	8.24239392701449	0.5194806847828287	23	1.4403131626789798	0.9437946407866039	nan	nan	CS-Parzen ICA	0.9973133746397232	0.7018333168967562	-0.19999999999999998	0.7942756837699559	True	True	1	0.7773403373040559	2.4955861872302423	1.8370560973404264
b04__roi_002	roi_002@x438_y208	roi_002	roi_002	1	4	Raw	437.687	207.713	2254	2300	815.0	50.4084	885.0	61.0	22918.0	22918.0	17.556597709557206	1.4	2.7	0.7986187411708681	-31.89285714285731	827.1538461538462	599.5	227.6538461538462	7.913945546887508	0.8502887501275108	6	518.6818181818182	0.9701863179380797	0.0	0.0		nan	nan	nan	nan	True	True	11	2.158318326846146	nan	nan
b04__roi_002	roi_002@x438_y208	roi_002	roi_002	1	4	CS-Parzen ICA	437.687	207.713	2254	2300	1.909665584564209	1.207087209177017	12.474575519561768	-0.5365731716156006	210.39695346355438	211.20688581466675	10.33444428404837	1.5	1.2	0.4350350654062145	0.3618551152093064	11.475043663611778	8.1288608556444	3.346182807967379	7.781509639953336	1.0023735672003613	7	7.1530805541710425	0.9531591935729112	nan	nan	Raw	0.8325459859126815	0.014095565558810929	0.10000000000000009	0.014698556007225829	True	True	11	2.158318326846146	nan	nan
b04__roi_002	roi_002@x438_y208	roi_002	roi_002	1	4	Local standardization	437.687	207.713	2254	2300	0.3344413638114929	1.919702710533142	8.016483128070831	-1.5672438740730286	80.77434389293194	90.02143824100494	4.175898215858948	1.0	1.1	0.03646010921575246	0.5948706814753156	8.003570242856558	6.2941148405450145	1.7094554023115434	7.8745594682883135	0.5317890687921173	14	5.552863262900659	0.9389618671906058	nan	nan	CS-Parzen ICA	0.7097613120384038	0.642625724206592	-0.5	0.5108673075871415	True	True	11	2.158318326846146	5.100491697444715	0.9089991038206813
b03__roi_new_003	roi_new_003@x468_y143	roi_new_003	roi_new_003	1	3	Raw	468.0	143.0	2122	2149	909.0	75.6126	616.0	156.0	9983.0	9983.0	8.146790349648779	0.6	1.8	0.6721943048575088	16.107142857142605	543.8461538461538	350.6363636363636	193.20979020979019	8.237498924343832	0.45583762524773436	15	278.0454545454545	0.9152840138705917	0.0	0.0		nan	nan	nan	nan	False				nan	nan
b03__roi_new_003	roi_new_003@x468_y143	roi_new_003	roi_new_003	1	3	CS-Parzen ICA	468.0	143.0	2122	2149	1.9187735319137573	0.6101206187725067	8.404863476753235	0.24311506748199463	113.9420576095581	113.9420576095581	13.7757407377694	1.4	1.5	0.4281889559943815	-1.0124706072466723	7.243818127191984	4.308351488275961	2.935466638916023	8.170611260340424	0.6199004174341726	17	3.294525483453816	0.8976786109755659	nan	nan	Raw	0.771585824295599	0.013644258890811023	0.7999999999999999	0.015193156804908566	False				nan	nan
b03__roi_new_003	roi_new_003@x468_y143	roi_new_003	roi_new_003	1	3	Local standardization	468.0	143.0	2122	2149	0.058684125542640686	0.8540321095257997	9.123071894049644	-0.6184444576501846	91.96190040186048	93.18478933721781	10.682352316276337	0.2	1.5	0.16268943205806477	-1.3640331011764442	7.814547346188472	4.235645709614883	3.5789016365735886	8.13289713311056	0.3902663918951902	22	3.1932409830518407	0.8872105056276767	nan	nan	CS-Parzen ICA	0.8798161372576373	1.0854515267496527	-1.2	1.2191934283661192	False				2.3572023045763855	0.8906684472868474
b02__roi_003	roi_003@x406_y217	roi_003	roi_003	1	2	Raw	405.575	216.977	2040	2063	1711.0	397.3368	1045.0	-81.0	10413.0	10564.0	2.63001061063906	0.2	0.9	0.23874296435269243	1006.4642857142851	906.3076923076923	387.0113636363636	519.2963286713286	7.585263508941164	0.1391978870025514	6	340.09090909090924	0.9794091218161075	0.0	0.0		nan	nan	nan	nan	True	True	2	0.4256218979329065	nan	nan
b02__roi_003	roi_003@x406_y217	roi_003	roi_003	1	2	CS-Parzen ICA	405.575	216.977	2040	2063	9.248405456542969	4.988484188747406	12.110733032226562	-4.258995056152344	91.69107580184937	105.19795513153076	2.427738080661291	0.2	0.8	0.21581779900281667	6.76541815485273	10.89368856870211	4.865501111203974	6.028187457498136	7.595124490444942	0.24660715010088116	7	3.8663878616961567	0.9593310290253949	nan	nan	Raw	0.7595561433857115	0.011589218212645908	0.0	0.011608376806572552	True	True	2	0.4256218979329065	nan	nan
b02__roi_003	roi_003@x406_y217	roi_003	roi_003	1	2	Local standardization	405.575	216.977	2040	2063	3.259246587753296	2.7839249900579452	6.956916093826294	-2.6420968770980835	40.691592276096344	50.64057469367981	2.498959604217832	0.2	0.8	0.09963828706280684	3.9115387690918784	5.655149968770834	1.9112899369052188	3.7438600318656152	8.202741893751472	0.2045885668847729	21	1.522782278511758	0.961725888438291	nan	nan	CS-Parzen ICA	0.9923368572043131	0.57444219724269	0.0	0.6210589928798201	True	True	2	0.4256218979329065	2.979123208331062	2.067957020078584
b03__roi_002	roi_002@x438_y208	roi_002	roi_002	1	3	Raw	437.687	207.713	2122	2149	869.0	44.477999999999994	769.0	257.0	14742.0	14742.0	17.28944646752801	0.7	2.6	0.8063962749662043	100.71428571428547	679.4615384615385	514.2954545454545	165.16608391608395	7.978577400199036	1.085924285052025	5	443.89772727272737	0.9751791228211564	0.0	0.0		nan	nan	nan	nan	True	True	9	0.778677083263649	nan	nan
b03__roi_002	roi_002@x438_y208	roi_002	roi_002	1	3	CS-Parzen ICA	437.687	207.713	2122	2149	1.6800612211227417	0.4209608976602554	10.135272145271301	-0.4528433084487915	144.60252237319946	145.05536568164825	24.076516791767794	1.2	1.3	0.334413739232926	-0.024972208908626777	9.466121627734257	6.95656044781208	2.5095611799221764	7.8622404294082	1.2839105346134962	5	5.881328863853758	0.9730198294455239	nan	nan	Raw	0.8148116250943923	0.013179807731154904	0.5	0.015194167715340498	True	True	9	0.778677083263649	nan	nan
b03__roi_002	roi_002@x438_y208	roi_002	roi_002	1	3	Local standardization	437.687	207.713	2122	2149	-0.34192198514938354	0.5286149996593594	9.23454874753952	-0.7273653149604797	89.45409710891545	91.40882362611592	17.469327839771772	0.4	1.1	0.11086471552603674	0.1368161099297659	7.805922714276956	5.887334506949298	1.918588207327658	7.906843194500214	0.8730879683720812	14	5.017716111652341	0.9742550983644834	nan	nan	CS-Parzen ICA	0.8243995167892081	0.9111298260438767	-0.7999999999999999	0.7645114300909944	True	True	9	0.778677083263649	2.781310338775849	0.9639501197746945
b03__roi_018	roi_018@x472_y202	roi_018	roi_018	1	3	Raw	471.878	201.522	2122	2149	1127.0	53.373599999999996	537.0	110.0	9609.0	9609.0	10.061153828670708	0.8	2.4	0.9506699147379312	60.46428571428535	543.7692307692307	351.46590909090907	192.30332167832165	7.80856388181024	0.36264451910765716	12	268.11363636363626	0.9586542901861332	0.0	0.0		nan	nan	nan	nan	True	True	10	0.9996839500562082	nan	nan
b03__roi_018	roi_018@x472_y202	roi_018	roi_018	1	3	CS-Parzen ICA	471.878	201.522	2122	2149	2.3013699054718018	0.9950646181583404	7.025571584701538	-0.5290873050689697	76.27776205539703	78.01570343971252	7.0604174336376335	1.3	1.1	0.43611328419790407	-0.13032906396048347	7.001807139470027	4.17301541837779	2.8287917210922373	7.656416758860848	0.4600097986907024	13	3.0082218362526465	0.9231472138173603	nan	nan	Raw	0.7117693520119392	0.013083001088805318	0.5	0.014710051268950166	True	True	10	0.9996839500562082	nan	nan
b03__roi_018	roi_018@x472_y202	roi_018	roi_018	1	3	Local standardization	471.878	201.522	2122	2149	0.46375247836112976	1.343418243151903	6.27347257733345	-1.2250408232212067	56.41175165772438	61.58924248814583	4.669783669116299	0.5	1.1	0.1884745491740301	-0.12316383634294789	6.930193275571442	3.9703523512262935	2.9598409243451487	7.92520880401958	0.44072122825187976	20	2.67816058000211	0.8920740106919799	nan	nan	CS-Parzen ICA	0.928308614342543	0.8929483531420046	-0.8	1.0463269180369292	True	True	10	0.9996839500562082	2.232630348350699	1.0870670271258134
b04__roi_016	roi_016@x388_y285	roi_016	roi_016	1	4	Raw	388.203	285.11	2254	2300	1290.0	48.925799999999995	823.0	-28.0	16828.0	16856.0	16.821390758724	1.2	1.9	0.5957587806493803	-2.27696731693499e-13	726.2307692307693	480.97727272727275	245.25349650349654	7.648095772074424	0.2360166472558056	4	387.77272727272725	0.9449086665625337	0.0	0.0		nan	nan	nan	nan	True	True	10	2.1197426730620035	nan	nan
b04__roi_016	roi_016@x388_y285	roi_016	roi_016	1	4	CS-Parzen ICA	388.203	285.11	2254	2300	2.786200761795044	0.8409228625774383	11.802380323410034	-1.5736474990844727	154.60854291915894	160.92253589630127	14.035033217197316	1.4	1.1	0.3883865243258838	-1.0222397957529363	10.136780931399418	6.119567583907735	4.017213347491683	7.388772841879196	0.3109981566378151	3	4.805224312977358	0.9305168001859184	nan	nan	Raw	0.804158717532631	0.014340680830371438	0.19999999999999996	0.016379841285639046	True	True	10	2.1197426730620035	nan	nan
b04__roi_016	roi_016@x388_y285	roi_016	roi_016	1	4	Local standardization	388.203	285.11	2254	2300	0.6735104322433472	1.0447710163615644	8.70016872882843	-1.9672789573669434	72.98950585722923	88.44615161418915	8.327345020346748	1.1	0.8	0.0996913770795742	-1.2160012443949073	8.39988214809161	4.924482605822215	3.475399542269395	7.580594983017703	0.3580035326257038	14	3.9213461277540778	0.924190689100048	nan	nan	CS-Parzen ICA	0.8977311909481391	0.7371537342204167	-0.2999999999999998	0.8651269526360308	True	True	10	2.1197426730620035	3.6043584003320386	0.9372250923863228
b01__roi_005	roi_005@x386_y193	roi_005	roi_005	1	1	Raw	386.203	193.23	2003	2026	877.0	41.5128	413.0	62.0	6327.0	6327.0	9.948738702040124	0.6	2.1	0.8608823529409233	55.14285714285711	442.3076923076923	265.875	176.43269230769232	7.882023342301095	0.10681242722037565	15	192.44318181818187	0.9491507498325202	0.0	0.0		nan	nan	nan	nan	True	True	4	2.1776383997349207	nan	nan
b01__roi_005	roi_005@x386_y193	roi_005	roi_005	1	1	CS-Parzen ICA	386.203	193.23	2003	2026	1.3988349437713623	0.45393416168689726	5.234376668930054	-0.30719923973083496	68.49547100067139	68.80267024040222	11.531136228978834	1.4	1.3	0.656120527922343	-0.10261869217668264	5.953292012214661	3.1072804033756256	2.846011608839035	7.703282713333245	0.045418256398027754	14	1.9424248452891002	0.925962987310773	nan	nan	Raw	0.89628890418647	0.012674035517959757	0.7999999999999999	0.01613086311611434	True	True	4	2.1776383997349207	nan	nan
b01__roi_005	roi_005@x386_y193	roi_005	roi_005	1	1	Local standardization	386.203	193.23	2003	2026	-0.48921453952789307	0.7555737737372518	6.6199527978897095	-0.6432453393936157	76.62537632882595	77.26862166821957	8.76149096121259	0.6	1.3	0.435216806669364	-0.1934011679674894	7.329473987651559	3.567492716384798	3.761981271266761	7.831574786654694	0.05802994833193234	25	2.3636974948458374	0.8843798855052444	nan	nan	CS-Parzen ICA	0.9644653727124659	1.2647069967125943	-0.7999999999999999	1.3218432624312209	True	True	4	2.1776383997349207	1.5217870724085372	0.9622998993096575
b04__roi_014	roi_014@x483_y139	roi_014	roi_014	1	4	Raw	483.114	138.552	2254	2300	1008.0	60.7866	684.0	98.0	16801.0	16801.0	11.252479987180523	1.8	2.9	0.6767465069859604	-9.464285714285804	604.0	467.71590909090907	136.28409090909093	7.959367795881038	0.3417945117559167	10	376.5795454545456	0.9465647372894979	0.0	0.0		nan	nan	nan	nan	True	True	15	4.906495694485041	nan	nan
b04__roi_014	roi_014@x483_y139	roi_014	roi_014	1	4	CS-Parzen ICA	483.114	138.552	2254	2300	1.7628334760665894	0.9536302948236465	8.810783505439758	-0.4875732660293579	153.93609189987183	154.65883564949036	9.239202596672877	0.9	2.8	0.3716671629843755	-0.2849379937563632	7.955301633247962	5.752340010621331	2.2029616226266313	7.787111585349378	0.367902961582717	19	4.532676513899457	0.9173110616420663	nan	nan	Raw	0.7951325334435769	0.012881262434834615	-0.9	0.016164481179831658	True	True	15	4.906495694485041	nan	nan
b04__roi_014	roi_014@x483_y139	roi_014	roi_014	1	4	Local standardization	483.114	138.552	2254	2300	-0.18146587908267975	1.401022900727391	9.775810971856117	-1.1244497150182724	97.62816746719182	102.32814066298306	6.977623963036601	0.9	0.8	0.09867168150274297	-0.3796544181449073	7.261458768437688	4.880115106079219	2.3813436623584687	7.908557444015534	0.15961855518574877	17	3.8183351042786273	0.9277751721918087	nan	nan	CS-Parzen ICA	0.8734617442183946	1.1095279965409461	0.0	1.0809737386338012	True	True	15	4.906495694485041	3.699025995390351	0.9765250061127941
b04__roi_new_003	roi_new_003@x470_y142	roi_new_003	roi_new_003	1	4	Raw	470.0	142.0	2254	2300	867.0	54.856199999999994	573.0	22.0	11015.0	11015.0	10.445492031703884	1.2	1.5	0.5986937590710306	-4.821428571428565	507.38461538461536	400.85227272727275	106.53234265734261	8.334425527293089	0.24269511351264292	12	312.69318181818187	0.9386266734052003	0.0	0.0		nan	nan	nan	nan	False				nan	nan
b04__roi_new_003	roi_new_003@x470_y142	roi_new_003	roi_new_003	1	4	CS-Parzen ICA	470.0	142.0	2254	2300	1.8097680807113647	0.34003656435012813	6.932723641395569	-0.7285400629043579	100.59901940822601	102.14642179012299	20.38817100230705	0.9	2.2	0.3641297074162028	0.5583048548017224	6.835996921245869	4.9767964292656295	1.8592004919802392	8.225468859513036	0.2439791981358139	18	3.819290821525184	0.908175089937627	nan	nan	Raw	0.804164441326959	0.012098994138540087	-0.29999999999999993	0.01745198167605154	False				nan	nan
b04__roi_new_003	roi_new_003@x470_y142	roi_new_003	roi_new_003	1	4	Local standardization	470.0	142.0	2254	2300	-0.0040190028958022594	0.5115747795763426	8.00206921575591	-1.094385285396129	55.97274285601452	65.90164071600884	15.642032249402016	0.9	0.9	0.06516036259950898	0.8705365397867617	6.600799619184377	4.6733485397231895	1.9274510794611874	8.181746474169213	0.1394391815821201	22	3.589859664307038	0.9091563720854504	nan	nan	CS-Parzen ICA	0.8804380133250639	1.154246098433953	0.0	1.0367096430635863	False				3.605095854782654	0.9791274636927093
b04__roi_015	roi_015@x389_y142	roi_015	roi_010	1	4	Raw	389.057	142.057	2254	2300	1001.0	71.1648	531.0	-34.0	8861.0	8921.0	7.4615540266049845	1.4	2.0	0.49781732706506077	43.25000000000004	479.7692307692308	430.2386363636364	49.5305944055944	8.248177574987194	0.169075788114814	10	353.9090909090909	0.8700178808564908	0.0	0.0		nan	nan	nan	nan	True	True	17	1.4165090892754826	nan	nan
b04__roi_015	roi_015@x389_y142	roi_015	roi_010	1	4	CS-Parzen ICA	389.057	142.057	2254	2300	2.0843634605407715	0.3138313701152801	6.153244495391846	-1.263493835926056	77.00809818506241	82.39996433258057	19.606849606923348	1.6	2.2	0.5040146309626907	-0.07718638862882454	5.803618559470544	5.388128490610556	0.41549006885998807	8.159671235097344	0.12849651125455128	11	4.365960602055896	0.7662276474153681	nan	nan	Raw	0.6355521900542782	0.011588031064746249	0.20000000000000018	0.008388554061137426	True	True	17	1.4165090892754826	nan	nan
b04__roi_015	roi_015@x389_y142	roi_015	roi_010	1	4	Local standardization	389.057	142.057	2254	2300	0.41317251324653625	0.4208630280554294	4.601331442594528	-1.8139127790927887	22.622214846313	45.15753522515297	10.933085410048012	1.1	1.5	0.03756812990028529	-0.08676176092454392	5.872007493789379	4.7517668043424655	1.1202406894469137	8.190927894287404	0.2064351724830164	23	3.791880519129336	0.7825008648785298	nan	nan	CS-Parzen ICA	0.7867735124831318	0.7477894703018331	-0.5	2.696191246699139	True	True	17	1.4165090892754826	2.991241133526761	0.5860251601274775
b03__roi_new_001	roi_new_001@x428_y146	roi_new_001	roi_new_001	1	3	Raw	428.0	146.0	2122	2149	944.0	32.6172	709.0	109.0	12953.0	12953.0	21.73699765701112	0.6	2.0	0.7333065703197198	59.35714285714276	604.0	441.03409090909093	162.96590909090907	8.343713219216195	0.503525386871064	7	359.3295454545454	0.9802704655147284	0.0	0.0		nan	nan	nan	nan	False				nan	nan
b03__roi_new_001	roi_new_001@x428_y146	roi_new_001	roi_new_001	1	3	CS-Parzen ICA	428.0	146.0	2122	2149	1.6285579204559326	0.740551684141159	11.107879877090454	-0.7802555561065674	143.36709332466125	144.86682653427124	14.99946607369227	1.0	1.3	0.40644782043452776	0.3420713629041393	8.598989541714008	5.721810281276703	2.8771792604373054	8.289518990453878	0.6488180271768542	4	4.63214726576751	0.9657315812747165	nan	nan	Raw	0.8322097718399327	0.015666967386565284	0.4	0.01765509901101243	False				nan	nan
b03__roi_new_001	roi_new_001@x428_y146	roi_new_001	roi_new_001	1	3	Local standardization	428.0	146.0	2122	2149	-0.3961537480354309	0.9987548545718192	9.020533859729767	-0.8815082907676697	96.72032937430777	99.13634488009848	9.031779729937055	0.3	1.0	0.17757506619191116	0.5826047935656138	7.439171730039211	4.775363890807387	2.663807839231824	8.402490019715492	0.429702858972223	14	3.9460363803717136	0.9520047168519468	nan	nan	CS-Parzen ICA	0.8712075027669116	0.8120842103741294	-0.7	0.9258400666704057	False				2.5544060755780627	0.6639484266086657
b01__roi_new_002	roi_new_002@x437_y153	roi_new_002	roi_new_002	1	1	Raw	437.0	153.0	2003	2026	865.0	50.4084	508.0	145.0	7696.0	7696.0	10.077685464920972	0.3	2.2	0.7647328594357338	81.4285714285713	434.9230769230769	293.75	141.1730769230769	8.421864361259846	0.7298265771410407	20	219.0795454545455	0.9281797068794168	0.0	0.0		nan	nan	nan	nan	False				nan	nan
b01__roi_new_002	roi_new_002@x437_y153	roi_new_002	roi_new_002	1	1	CS-Parzen ICA	437.0	153.0	2003	2026	1.6480004787445068	0.4392594650030136	6.805519342422485	-0.20627665519714355	80.59689235687256	80.8031690120697	15.493164903988193	0.5	1.4	0.273859054894074	0.8948132736342297	5.5483707923155565	3.4646361768245697	2.083734615490987	8.381226362023495	0.9822167302605912	21	2.3660470315001225	0.906086986668682	nan	nan	Raw	0.7738095094714147	0.013396691618915529	0.2	0.014760141670721129	False				nan	nan
b01__roi_new_002	roi_new_002@x437_y153	roi_new_002	roi_new_002	1	1	Local standardization	437.0	153.0	2003	2026	-0.15755824744701385	0.6847335997492074	9.112681195139885	-0.8232461363077164	80.50476833991706	83.29853340797126	13.308359901090238	0.3	0.9	0.12441428109619775	1.3866606163127082	6.1763534640463496	3.5764946604084056	2.599858803637944	8.414450196314982	0.6525930847078689	20	2.413558391018093	0.9309839009759369	nan	nan	CS-Parzen ICA	0.9462032466137875	1.339013341273839	-0.2	1.2476919004283333	False				1.7707760279673057	0.8755498828858089
b03__roi_new_005	roi_new_005@x445_y172	roi_new_005	roi_new_005	1	3	Raw	445.0	172.0	2122	2149	732.0	45.9606	386.0	66.0	6037.0	6037.0	8.398497843622614	0.7	2.5	0.7855664004730004	24.214285714285623	333.84615384615387	232.77272727272728	101.07342657342659	8.261552434135151	0.6001109603977429	22	158.68181818181813	0.8874258543989292	0.0	0.0		nan	nan	nan	nan	False				nan	nan
b03__roi_new_005	roi_new_005@x445_y172	roi_new_005	roi_new_005	1	3	CS-Parzen ICA	445.0	172.0	2122	2149	2.00711989402771	0.4275428605556488	4.6631505489349365	-1.0239794254302979	48.70628607273102	51.144065141677856	10.90686096820256	1.1	2.1	0.4027588541794031	0.7360553613730838	4.240009417900672	2.5590538931163875	1.6809555247842844	8.183617373258992	0.7247761414019885	25	1.4913055097514933	0.8569684975899964	nan	nan	Raw	0.6368732859749602	0.012080700903945222	0.40000000000000013	0.0166310333166205	False				nan	nan
b03__roi_new_005	roi_new_005@x445_y172	roi_new_005	roi_new_005	1	3	Local standardization	445.0	172.0	2122	2149	0.722069263458252	0.7082747745037078	6.264178276062012	-1.9278901815414429	52.1121101975441	58.48161745071411	8.84427695678853	0.6	0.9	0.19533109666178725	1.357233902173383	5.83024316911514	3.3084300092887133	2.5218131598264266	8.21246653479828	0.4242636236158564	32	1.9647705406598768	0.8563030854196464	nan	nan	CS-Parzen ICA	0.9642199466668259	1.3433360576680102	-0.5000000000000001	1.500225985247184	False				1.4055028852785774	0.8153280794234031
b02__roi_013	roi_013@x447_y146	roi_013	roi_013	1	2	Raw	446.659	146.354	2040	2063	1243.0	213.49439999999998	480.0	-100.0	3701.0	3969.0	2.24830253157812	0.2	0.8	0.12819783968160087	480.96428571428544	396.53846153846155	247.11363636363637	149.42482517482517	8.223513737743138	0.5154505780575208	29	207.2045454545455	0.9362368493644894	0.0	0.0		nan	nan	nan	nan	True	True	4	3.402880691414267	nan	nan
b02__roi_013	roi_013@x447_y146	roi_013	roi_013	1	2	CS-Parzen ICA	446.659	146.354	2040	2063	4.099394798278809	2.183780443239212	6.83843994140625	-1.9505765438079834	50.252650022506714	56.29019212722778	3.1314686233435127	0.2	1.9	0.542909863397136	3.6164684976850237	5.562649781887348	3.2768463018265637	2.2858034800607845	8.141191383256372	0.4939021538818919	26	2.2213144038211214	0.8733402856199162	nan	nan	Raw	0.6082895988132693	0.014246749877900007	0.0	0.015297347528237868	True	True	4	3.402880691414267	nan	nan
b02__roi_013	roi_013@x447_y146	roi_013	roi_013	1	2	Local standardization	446.659	146.354	2040	2063	1.060093879699707	1.682969491352141	5.399932384490967	-1.6097049713134766	34.201122879981995	39.65861463546753	3.2085741357937203	0.2	0.6	0.4292114315701656	2.8474295753985643	4.305493313532609	2.2013022613510573	2.1041910521815517	8.44265282052344	0.6560300949125435	21	1.5176029677121814	0.879119310113672	nan	nan	CS-Parzen ICA	0.9961675955460483	0.7896438997738549	0.0	0.9205476628310361	True	True	4	3.402880691414267	2.523646669828601	1.693156126494363
b03__roi_015	roi_015@x389_y142	roi_015	roi_010	1	3	Raw	389.057	142.057	2122	2149	1003.0	65.2344	449.0	104.0	7622.0	7622.0	6.882871613644292	0.8	2.1	0.710886644219818	66.89285714285697	472.2307692307692	425.0681818181818	47.16258741258741	8.165657824774502	0.05499294654824298	13	346.51136363636374	0.9201425441093141	0.0	0.0		nan	nan	nan	nan	True	True	15	3.1991401969904545	nan	nan
b03__roi_015	roi_015@x389_y142	roi_015	roi_010	1	3	CS-Parzen ICA	389.057	142.057	2122	2149	2.0129950046539307	0.687384496307373	6.701220273971558	-0.9116734266281128	66.43707644939423	68.5941264629364	9.748867337307754	0.8	1.1	0.3375350832845563	-0.3565268005643573	6.093046445112962	5.4155780063434085	0.6774684387695533	8.068999786913231	0.19972344659568728	18	4.400011610578407	0.8388878180118775	nan	nan	Raw	0.6773921389174453	0.014924766757141722	0.0	0.01436453078429655	True	True	15	3.1991401969904545	nan	nan
b03__roi_015	roi_015@x389_y142	roi_015	roi_010	1	3	Local standardization	389.057	142.057	2122	2149	0.14199882745742798	0.9864204565286636	5.587260186672211	-1.3777561783790588	42.82489858241752	49.614082634449005	5.664177120444458	0.8	0.8	0.0683077908458543	-0.47251875326037385	6.0489821170385065	4.798542967656183	1.2504391493823235	8.19229844921507	0.16829635500258108	25	3.8857302820331165	0.8280886486559916	nan	nan	CS-Parzen ICA	0.8620860130698406	0.8337675762637015	0.0	1.8457526225246317	True	True	15	3.1991401969904545	2.381665193745055	0.8912111151864361
b04__roi_new_010	roi_new_010@x423_y138	roi_new_010	roi_new_010	1	4	Raw	423.0	138.0	2254	2300	989.0	41.5128	676.0	-42.0	14657.0	14751.0	16.28413404982839	1.2	3.1	0.6713120326307873	13.96428571428566	605.3846153846154	486.54545454545456	118.8391608391608	8.219192095963498	1.3230437815393143	2	396.69318181818176	0.9475706564994139	0.0	0.0		nan	nan	nan	nan	False				nan	nan
b04__roi_new_010	roi_new_010@x423_y138	roi_new_010	roi_new_010	1	4	CS-Parzen ICA	423.0	138.0	2254	2300	1.4647024869918823	0.5158600384712219	8.585172772407532	-0.6430402398109436	163.9375620484352	165.2039407491684	16.642445848698987	1.4	2.8	0.48275485612310376	-0.09237747745854552	8.001351237297058	6.24173191325231	1.7596193240447482	8.132049217676418	1.618624797758437	6	5.077838540754534	0.9520116044262092	nan	nan	Raw	0.8418875207520573	0.012699959722477562	0.19999999999999996	0.014806729630239008	False				nan	nan
b04__roi_new_010	roi_new_010@x423_y138	roi_new_010	roi_new_010	1	4	Local standardization	423.0	138.0	2254	2300	-0.593795895576477	0.7269621691703796	7.347486138343811	-0.9038136005401611	89.7813863568008	92.80854306742549	10.107109337782688	0.9	1.2	0.16618210461418903	-0.12012055303369248	6.7636275466244955	4.952563306856477	1.8110642397680188	8.211203613053735	1.3026107443176156	7	4.045252491709438	0.9253460414443939	nan	nan	CS-Parzen ICA	0.8457994337515569	0.8558343940500021	-0.4999999999999999	1.0292363887978795	False				4.524946491359334	0.5486488304612853
b04__roi_011	roi_011@x420_y143	roi_011	roi_011	1	4	Raw	419.847	143.3	2254	2300	915.0	50.4084	694.0	-24.0	14567.0	14591.0	13.767546678455028	1.2	2.3	0.7796072691790731	11.785714285714151	609.3846153846154	549.4886363636364	59.895979020978984	8.07313651780206	0.8449656306785414	3	468.5340909090909	0.9368749054476713	0.0	0.0		nan	nan	nan	nan	True	False	16	6.404639646381378	nan	nan
b04__roi_011	roi_011@x420_y143	roi_011	roi_011	1	4	CS-Parzen ICA	419.847	143.3	2254	2300	1.7511942386627197	0.8038100014686584	9.548988103866577	-0.6278359889984131	141.93909645080566	143.18722915649414	11.879658220897673	1.3	1.0	0.46413978911687676	0.5978968526635853	8.512293687233559	7.088770858266137	1.423522828967422	7.95958192951004	1.0562557842661253	7	6.0669053440744225	0.906558951338824	nan	nan	Raw	0.8146475022640224	0.013759348852813859	0.10000000000000009	0.02376658420501077	True	False	16	6.404639646381378	nan	nan
b04__roi_011	roi_011@x420_y143	roi_011	roi_011	1	4	Local standardization	419.847	143.3	2254	2300	-0.17017602920532227	1.1368087028861045	5.300957679748535	-1.2886509895324707	53.19610862340778	59.23573355283588	4.66301644386392	1.2	1.2	0.06223685467370958	0.8846390974109197	6.108256596498764	5.5481885643887585	0.5600680321100056	8.116529802614016	0.9859748894413342	9	4.658385827608237	0.8788573695708636	nan	nan	CS-Parzen ICA	0.8003611619048491	0.5551329231467926	-0.10000000000000009	0.3934380399946399	True	False	16	6.404639646381378	5.560137755385973	0.7700415917677936
b03__roi_014	roi_014@x483_y139	roi_014	roi_014	1	3	Raw	483.114	138.552	2122	2149	1041.0	109.71239999999999	546.0	135.0	10031.0	10031.0	4.976648036092761	0.4	2.7	0.8819887429641872	209.39285714285694	510.7692307692308	397.15909090909093	113.61013986013984	8.045710673830492	0.3736526096874772	17	324.19318181818176	0.9265747548672911	0.0	0.0		nan	nan	nan	nan	True	False	18	8.037269436817478	nan	nan
b03__roi_014	roi_014@x483_y139	roi_014	roi_014	1	3	CS-Parzen ICA	483.114	138.552	2122	2149	3.029634475708008	0.9459723406791687	6.554661750793457	-2.008986711502075	48.38238835334778	54.22792339324951	6.929020503029151	0.5	0.8	0.10975443359068543	0.15556034445762554	6.761497873526353	5.010645657777786	1.7508522157485666	7.857727257535919	0.4361121282141282	18	3.938604115423831	0.8297571103797687	nan	nan	Raw	0.5028910862514868	0.012004875001431232	0.09999999999999998	0.015411055895966225	True	False	18	8.037269436817478	nan	nan
b03__roi_014	roi_014@x483_y139	roi_014	roi_014	1	3	Local standardization	483.114	138.552	2122	2149	1.3816114664077759	1.2477039346933365	6.864901900291443	-2.7020751237869263	18.794916659593582	40.67131555080414	5.502027928185291	0.5	0.7	0.0	0.35308576109153844	6.229923955594691	4.480750873782778	1.7491730818119127	7.971874961271567	0.17714601247372455	20	3.584627603604035	0.8760685844759935	nan	nan	CS-Parzen ICA	0.9112128028227372	1.0473312216931865	0.0	0.9990409613555093	True	False	18	8.037269436817478	2.77550074248405	0.7729459160472403
b03__roi_011	roi_011@x420_y143	roi_011	roi_011	1	3	Raw	419.847	143.3	2122	2149	957.0	62.2692	539.0	202.0	9922.0	9922.0	8.655964746477297	1.2	2.4	0.7787737540335642	97.35714285714253	530.4615384615385	480.47727272727275	49.984265734265705	8.118477578495652	0.5329371017742459	4	404.4090909090909	0.9466345794861898	0.0	0.0		nan	nan	nan	nan	True	False	13	9.87255838169622	nan	nan
b03__roi_011	roi_011@x420_y143	roi_011	roi_011	1	3	CS-Parzen ICA	419.847	143.3	2122	2149	2.1556169986724854	0.46602315666675564	7.542700529098511	-0.3280073404312134	81.35419261455536	81.80155181884766	16.185248318694395	0.7	1.3	0.32690477730641637	0.1595607229641498	7.351153171979464	6.211083164269274	1.1400700077101895	7.998201114465771	0.8079439331296492	6	5.0517942783507435	0.8935165388356218	nan	nan	Raw	0.7404118673083757	0.013993878532624337	-0.5	0.02280857767819182	True	False	13	9.87255838169622	nan	nan
b03__roi_011	roi_011@x420_y143	roi_011	roi_011	1	3	Local standardization	419.847	143.3	2122	2149	0.16249611973762512	0.6238109637379646	6.216856449842453	-0.9992391765117645	44.558536402881145	50.96682330965996	9.965930067378471	0.3	0.7	0.0633390789408494	0.3548765916909491	5.916185626903405	5.246386319615836	0.669799307287569	8.088315810531766	0.7330857803851601	9	4.385729315256785	0.8781932178989891	nan	nan	CS-Parzen ICA	0.8204273914690673	0.8242215669354247	-0.39999999999999997	0.5875071725159596	True	False	13	9.87255838169622	3.4995423481857726	1.0928022055304722
b01__roi_new_001	roi_new_001@x428_y146	roi_new_001	roi_new_001	1	1	Raw	428.0	146.0	2003	2026	904.0	59.303999999999995	460.0	81.0	6081.0	6081.0	7.756643733850051	0.8	1.8	0.7600578871198957	57.4642857142859	411.46153846153845	290.6136363636364	120.84790209790208	8.434794456349884	0.15565938168142676	21	215.81818181818176	0.8930231739242791	0.0	0.0		nan	nan	nan	nan	False				nan	nan
b01__roi_new_001	roi_new_001@x428_y146	roi_new_001	roi_new_001	1	1	CS-Parzen ICA	428.0	146.0	2003	2026	2.6071221828460693	0.5265153210639953	6.585637331008911	-1.4689223766326904	44.40601849555969	46.23755216598511	12.507969008750822	0.8	0.6	0.37661388971350684	-0.14386041249547735	5.356496985142048	3.429311267354272	1.927185717787776	8.392992561402357	0.13010891356373983	14	2.4816900843923744	0.8032180617755939	nan	nan	Raw	0.6726313960623702	0.01431660289346651	0.0	0.015947200442177015	False				nan	nan
b01__roi_new_001	roi_new_001@x428_y146	roi_new_001	roi_new_001	1	1	Local standardization	428.0	146.0	2003	2026	1.2805094718933105	0.8106265863060951	5.8234734535217285	-2.491194009780884	25.678085070103407	35.18208587169647	7.183916176342693	0.8	0.6	0.12472112365126305	-0.20992081505911694	5.475630750736365	3.628291281125381	1.8473394696109842	8.452728878575515	0.16776420637119754	20	2.526388807370412	0.7584775906654503	nan	nan	CS-Parzen ICA	0.9109937701041866	0.8842687745979038	0.0	0.9585684719441485	False				1.8658546334884245	0.9401283575248873
b04__roi_new_012	roi_new_012@x388_y146	roi_new_012	roi_new_012	1	4	Raw	388.0	146.0	2254	2300	901.0	56.3388	563.0	-79.0	9966.0	10045.0	9.993113094173232	1.3	1.6	0.7028309883029831	-23.000000000000256	477.61538461538464	414.8068181818182	62.808566433566455	8.277089222818454	0.6922530826397335	12	343.52272727272714	0.901965172672783	0.0	0.0		nan	nan	nan	nan	False				nan	nan
b04__roi_new_012	roi_new_012@x388_y146	roi_new_012	roi_new_012	1	4	CS-Parzen ICA	388.0	146.0	2254	2300	2.07550311088562	0.4883317708969116	6.950853586196899	-0.7943600416183472	87.10844504833221	90.07734656333923	14.23387538188739	1.3	1.1	0.3660751614141764	1.1647393533161705	6.012457948464614	5.165344266728922	0.8471136817356921	8.161441463312833	0.8358619410566933	15	4.153837907720695	0.8854582063701558	nan	nan	Raw	0.7370240486777581	0.012346098732121764	0.0	0.013487231596317512	False				nan	nan
b04__roi_new_012	roi_new_012@x388_y146	roi_new_012	roi_new_012	1	4	Local standardization	388.0	146.0	2254	2300	0.3020968437194824	0.6824578773736953	5.604371547698975	-1.4478635787963867	30.31713603902608	48.60639759898186	8.212040222986735	1.1	0.9	0.03698848633866901	1.6727202539997443	5.117791667294044	4.676454179258806	0.44133748803523787	8.206401519144688	0.6262278402986893	20	3.71874413953893	0.8675930683574207	nan	nan	CS-Parzen ICA	0.861495328337164	0.8062853687526849	-0.19999999999999996	0.5209896818216541	False				4.07207760879176	1.2610182191085775
b03__roi_new_006	roi_new_006@x408_y168	roi_new_006	roi_new_006	2	3	Raw	408.0	168.0	2122	2149	827.0	47.4432	452.0	22.0	5930.0	5930.0	9.527181977406096	0.8	1.6	0.7888386123677862	63.85714285714275	368.38461538461536	279.95454545454544	88.43006993006992	8.299218107758328	0.26288457687124994	28	197.22727272727275	0.8810156682114968	0.0	0.0		nan	nan	nan	nan	False				nan	nan
b03__roi_new_006	roi_new_006@x408_y168	roi_new_006	roi_new_006	2	3	CS-Parzen ICA	408.0	168.0	2122	2149	1.3867499828338623	0.4055583869218826	5.314490556716919	0.6023545265197754	70.3914566040039	70.3914566040039	13.104131772366594	1.0	2.0	0.6513697792911702	0.18817436269351398	4.645715172474201	3.165939588438381	1.4797755840358202	8.243791184616818	0.2737341605641832	28	2.0725095847790893	0.8420643189171914	nan	nan	Raw	0.7325737482949218	0.01175772247058664	0.19999999999999996	0.01673385065950175	False				nan	nan
b03__roi_new_006	roi_new_006@x408_y168	roi_new_006	roi_new_006	2	3	Local standardization	408.0	168.0	2122	2149	-0.5927384495735168	0.612464098727703	5.866641819477081	0.15596404671669006	71.77074298262596	71.77074298262596	9.578752162102802	0.9	2.2	0.38996833999980646	0.3141323523595934	5.695372821476597	3.533064518420195	2.1623083030564016	8.258834299726576	0.045211715030330404	35	2.3751740496055307	0.8171851817817328	nan	nan	CS-Parzen ICA	0.949291588412052	1.103895426243332	-0.09999999999999998	1.4612406941448892	False				2.256264208157475	1.113427687020265
b03__roi_016	roi_016@x388_y285	roi_016	roi_016	1	3	Raw	388.203	285.11	2122	2149	1288.0	38.547599999999996	616.0	38.0	9011.0	9011.0	15.980242608723238	0.7	1.8	0.7040468986382934	-22.35714285714319	554.2307692307693	425.4318181818182	128.7989510489511	7.7733224423825655	0.2935579533628871	4	333.59090909090924	0.9444723535629532	0.0	0.0		nan	nan	nan	nan	True	True	16	2.4668419081894806	nan	nan
b03__roi_016	roi_016@x388_y285	roi_016	roi_016	1	3	CS-Parzen ICA	388.203	285.11	2122	2149	1.867792010307312	0.9756723855972289	8.556093335151672	-0.06755948066711426	113.97509372234344	114.04265320301056	8.769432703729624	0.9	2.3	0.6233611490341805	-0.6790965582643239	7.5361054218732395	5.287745981053873	2.2483594408193666	7.5513965660904026	0.32229069203174243	8	4.045885614373468	0.9344090777602987	nan	nan	Raw	0.8761412717799536	0.013889761907691206	0.20000000000000007	0.017456349003552078	True	True	16	2.4668419081894806	nan	nan
b03__roi_016	roi_016@x388_y285	roi_016	roi_016	1	3	Local standardization	388.203	285.11	2122	2149	-0.42529845237731934	1.1394167621612548	7.686780214309692	-0.23107653856277466	78.98205754160881	79.50408291816711	6.746241114605954	0.7	0.8	0.36315667063050544	-0.8016222289630344	6.81834083623611	4.504242075474891	2.314098760761219	7.70561071883323	0.27784447275867896	16	3.5367231721968646	0.868155577371955	nan	nan	CS-Parzen ICA	0.9462921736602071	0.8983983591940365	-0.20000000000000007	1.0292387941710317	True	True	16	2.4668419081894806	3.1864349518759267	1.2963523360346796
b01__b004_c03	b004_c03@x275_y227	b004_c03	roi_new_015	1	1	Raw	275.0	227.0	2003	2026	3290.0	112.6776	800.0	-187.0	1709.0	2834.0	7.0999027312695695	2.3	0.2	16.82389937096337	-17.107142857143476	662.8461538461538	404.82954545454544	258.0166083916084	7.338911102755332	2.129102531615891	9	354.193181818182	0.8630111233713751	0.20914006628292342	0.0		nan	nan	nan	nan	False				nan	nan
b01__b004_c03	b004_c03@x275_y227	b004_c03	roi_new_015	1	1	CS-Parzen ICA	275.0	227.0	2003	2026	4.178262710571289	0.7178031648159027	7.9132232666015625	-1.7997536659240723	27.258349180221558	36.64572620391846	11.024224527634772	2.3	0.4	4.312311411204016	-0.5826347299984541	7.633267164230347	4.459472466598857	3.1737946976314895	7.485529714299425	1.5424194307017975	20	3.122073936191472	0.773763250294132	nan	nan	Raw	0.5751547167327511	0.009891529083239588	0.0	0.01230073799281214	False				nan	nan
b01__b004_c03	b004_c03@x275_y227	b004_c03	roi_new_015	1	1	Local standardization	275.0	227.0	2003	2026	-0.035488151013851166	0.5369863193884492	5.129262946546078	-1.133183814585209	21.02423947583884	26.334895978681743	9.551943414192811	2.3	0.4	3.890300343235406	-0.1484220421739987	5.009163807647733	3.1172936983421096	1.8918701093056232	7.670568528201436	1.4667772375664758	19	1.9686012913291715	0.7568518853979381	nan	nan	CS-Parzen ICA	0.9970406344343126	0.6481888319196532	0.0	0.5960908908573638	False				4.325153277968298	2.035222097764533
b01__roi_002	roi_002@x438_y208	roi_002	roi_002	1	1	Raw	437.687	207.713	2003	2026	767.0	91.9212	429.0	155.0	6667.0	6667.0	4.667040900198572	0.8	2.2	0.8087357569178489	96.89285714285704	437.2307692307692	354.3181818181818	82.91258741258741	8.03237192900156	1.2555255706048487	3	286.2954545454545	0.9151343737216955	0.0	0.0		nan	nan	nan	nan	True	True	5	2.4042333497395836	nan	nan
b01__roi_002	roi_002@x438_y208	roi_002	roi_002	1	1	CS-Parzen ICA	437.687	207.713	2003	2026	2.0185015201568604	0.5466571066617966	5.4600441455841064	-0.8452020883560181	56.391456723213196	58.22511529922485	9.988060283233532	1.2	1.0	0.44270933782396066	0.5545071320874344	5.580156757281377	4.429474924098361	1.1506818331830155	7.905524176356267	1.4770203503859667	4	3.5144344178790394	0.8728377294398822	nan	nan	Raw	0.7031676122611135	0.012727375630702515	0.3999999999999999	0.013878252616133482	True	True	5	2.4042333497395836	nan	nan
b01__roi_002	roi_002@x438_y208	roi_002	roi_002	1	1	Local standardization	437.687	207.713	2003	2026	0.6348774433135986	0.8932820075824857	6.798855543136597	-1.7603460550308228	36.4313248693943	44.137955129146576	7.611096471007443	0.4	0.6	0.1339248815531735	0.9191132211791616	5.680332238141161	4.7212886510189325	0.9590435871222285	7.946878891468642	1.0056588309052203	21	3.563680904028429	0.873757777042273	nan	nan	CS-Parzen ICA	0.8467135222965566	1.2452015699158903	-0.7999999999999999	0.8334567893853557	True	True	5	2.4042333497395836	2.026078178532821	0.9876882563490493
b01__roi_new_003	roi_new_003@x468_y143	roi_new_003	roi_new_003	1	1	Raw	468.0	143.0	2003	2026	892.0	44.477999999999994	361.0	22.0	4478.0	4478.0	8.11637213885255	0.3	1.9	0.7091603053432408	65.785714285714	333.6923076923077	240.63636363636363	93.05594405594405	8.351944532958075	0.5682734618178034	29	160.47727272727275	0.8740026169525923	0.0	0.0		nan	nan	nan	nan	False				nan	nan
b01__roi_new_003	roi_new_003@x468_y143	roi_new_003	roi_new_003	1	1	CS-Parzen ICA	468.0	143.0	2003	2026	1.7143007516860962	0.42239814484119415	4.491190791130066	-0.32468974590301514	42.46061635017395	43.25501608848572	10.632600628930282	0.4	1.0	0.23638241424824574	-0.28184100559779596	4.062929144272437	2.7089810371398926	1.3539481071325445	8.253515197159157	0.579531815466597	36	1.5421657731587235	0.9053004936768261	nan	nan	Raw	0.6499280199598383	0.012440971720547438	0.10000000000000003	0.014549829361830108	False				nan	nan
b01__roi_new_003	roi_new_003@x468_y143	roi_new_003	roi_new_003	1	1	Local standardization	468.0	143.0	2003	2026	-0.1393449455499649	0.634009617242217	6.208578839898109	-0.8561659902334213	46.04049630463123	49.641666546463966	9.792562543627191	0.4	0.6	0.12794904513987193	-0.40977637868906763	5.258916470866937	3.1814406305453633	2.0774758403215734	8.201145499441191	0.4512108093161427	36	1.8594505817957476	0.9253531549905765	nan	nan	CS-Parzen ICA	0.9793809602605402	1.3823903564233857	0.0	1.5343836501880168	False				1.7552992742560605	1.0224503830944003
b03__roi_024	roi_024@x355_y153	roi_024	roi_024	1	3	Raw	355.289	152.658	2122	2149	922.0	44.477999999999994	405.0	42.0	7273.0	7273.0	9.105625252729315	1.2	2.3	1.148596750368937	64.53571428571433	403.6923076923077	296.40909090909093	107.28321678321674	8.23945391617534	0.6644563006539416	21	214.5454545454545	0.8744728333222735	0.0	0.0		nan	nan	nan	nan	True	True	28	1.5187116250296016	nan	nan
b03__roi_024	roi_024@x355_y153	roi_024	roi_024	1	3	CS-Parzen ICA	355.289	152.658	2122	2149	2.21804141998291	0.6007792190551757	4.491365909576416	-1.3725444078445435	41.94650483131409	46.91408658027649	7.475900896112765	1.4	1.4	0.6490061334954372	0.8387347630092071	5.082048718745892	3.415806619958444	1.6662420987874476	8.16673352719968	0.8742723614045115	21	2.193675867535851	0.8039571071601475	nan	nan	Raw	0.6250787677741309	0.011089792369297103	0.19999999999999996	0.015531246626756453	True	True	28	1.5187116250296016	nan	nan
b03__roi_024	roi_024@x355_y153	roi_024	roi_024	1	3	Local standardization	355.289	152.658	2122	2149	0.44524210691452026	0.846831844907999	4.58282071352005	-2.032202899456024	32.35535690188408	42.906148076057434	5.411724577511855	0.7	1.3	0.36107921121642833	1.1848506680024526	5.235735727044252	3.56380238708913	1.6719333399551224	8.21734658622619	0.7220079544965492	35	2.3438781338045374	0.8340411550779074	nan	nan	CS-Parzen ICA	0.9483321105068149	1.0203623585262276	-0.7	1.0034156141946005	True	True	28	1.5187116250296016	2.098733968474737	0.532777169628206
b02__roi_new_002	roi_new_002@x437_y153	roi_new_002	roi_new_002	1	2	Raw	437.0	153.0	2040	2063	1167.0	167.53379999999999	534.0	-5.0	5243.0	5248.0	3.187416509365947	0.0	1.0	0.34014300306426454	390.1428571428569	365.46153846153845	226.02272727272728	139.43881118881117	8.471310057375668	0.7399653823040112	27	176.55681818181813	0.9391960096857376	0.0	0.0		nan	nan	nan	nan	False				nan	nan
b02__roi_new_002	roi_new_002@x437_y153	roi_new_002	roi_new_002	1	2	CS-Parzen ICA	437.0	153.0	2040	2063	2.789844512939453	1.6642947667121886	8.227377891540527	-0.48351573944091797	65.19430828094482	65.8646228313446	4.943461970291619	0.2	0.9	0.3524919887948417	3.508536739008768	5.003547466718233	2.8243221166458996	2.1792253500723335	8.415145289203059	0.8563137067964772	27	1.8363367542624474	0.9192074559413697	nan	nan	Raw	0.8288261323146073	0.015407074703230562	0.2	0.015628542236392578	False				nan	nan
b02__roi_new_002	roi_new_002@x437_y153	roi_new_002	roi_new_002	1	2	Local standardization	437.0	153.0	2040	2063	0.009076028130948544	1.3905731871088967	7.176638693548739	-0.38602328207343817	55.313895012950525	55.8918188996613	5.1609212337169925	0.2	0.7	0.3229783825224446	2.884181101823093	4.310461757919536	2.173720793634526	2.13674096428501	8.492026064675246	0.3805535680882668	29	1.4506795033600859	0.9209727005951281	nan	nan	CS-Parzen ICA	0.9992806900611756	0.8722874757042026	0.0	0.9805048216943612	False				3.0580156554930493	1.533211559043511
b04__roi_024	roi_024@x355_y153	roi_024	roi_024	1	4	Raw	355.289	152.658	2254	2300	887.0	54.856199999999994	515.0	-31.0	12698.0	12759.0	9.388182192543631	1.9	3.5	0.9218255761408461	-13.892857142857348	475.7692307692308	351.2613636363636	124.50786713286715	8.206355046174885	0.7449342140872909	15	261.72727272727286	0.9313786352984678	0.0	0.0		nan	nan	nan	nan	True	True	29	2.6736650874782213	nan	nan
b04__roi_024	roi_024@x355_y153	roi_024	roi_024	1	4	CS-Parzen ICA	355.289	152.658	2254	2300	1.6444467306137085	0.39376401700973507	7.330883622169495	-0.9724299907684326	113.06643617153168	116.20719802379608	18.617454330192892	1.5	1.1	0.4825857352413751	0.19459927507809172	5.796532429181612	4.186292403123596	1.6102400260580163	8.1433377027748	0.8261661225523546	14	2.967451559549028	0.9179467061703731	nan	nan	Raw	0.8176901124399535	0.014234725479913127	-0.3999999999999999	0.01293283760396228	True	True	29	2.6736650874782213	nan	nan
b04__roi_024	roi_024@x355_y153	roi_024	roi_024	1	4	Local standardization	355.289	152.658	2254	2300	-0.3392055332660675	0.5733575697004795	7.476552277803421	-1.3830396831035614	85.88962826412171	93.53224349301308	13.039946902016496	1.5	1.2	0.21282511364272141	0.2842165931527104	5.762693518199599	3.9939374196745288	1.7687560985250705	8.185283104151042	0.575028732037538	24	2.912767652295191	0.9021930675248085	nan	nan	CS-Parzen ICA	0.9356782169160816	1.0198705452332562	0.0	1.098442510932156	True	True	29	2.6736650874782213	2.2144880094921846	0.3901978320276638
b02__roi_005	roi_005@x386_y193	roi_005	roi_005	1	2	Raw	386.203	193.23	2040	2063	1124.0	191.25539999999998	415.0	34.0	4935.0	4935.0	2.1698733734986315	0.3	1.1	0.364013266998241	354.2142857142856	407.53846153846155	225.63636363636363	181.90209790209792	7.848520126400655	0.1279786992930889	20	172.19318181818176	0.9151172962540629	0.0	0.0		nan	nan	nan	nan	True	True	8	0.30677190223354056	nan	nan
b02__roi_005	roi_005@x386_y193	roi_005	roi_005	1	2	CS-Parzen ICA	386.203	193.23	2040	2063	3.8962481021881104	1.20951561255455	5.818669080734253	-1.8388798236846924	31.924454927444458	38.31664228439331	4.810743255834644	0.5	0.8	0.12631390291193842	2.356093713215419	4.665241663272564	2.6883958794853906	1.9768457837871733	7.8208322471281	0.025074459243485753	27	1.5802345330064949	0.8523024722430557	nan	nan	Raw	0.7689187969070196	0.01402088935113309	0.2	0.010867635978779475	True	True	8	0.30677190223354056	nan	nan
b02__roi_005	roi_005@x386_y193	roi_005	roi_005	1	2	Local standardization	386.203	193.23	2040	2063	1.4574413299560547	1.070598655951023	5.643016815185547	-1.7710936963558197	29.73295757174492	36.390196204185486	5.270898462787535	0.5	0.8	0.09992092763133628	2.2575614707810536	4.353973153692025	2.188602720588361	2.1653704331036643	8.192959477283564	0.34196010232487767	28	1.3115522795467933	0.8664645896309856	nan	nan	CS-Parzen ICA	0.9990068244256829	0.9698122948596429	0.0	1.0953663911303972	True	True	8	0.30677190223354056	2.2384713224237114	1.3680564627668164
b03__b006_c09	b006_c09@x404_y139	b006_c09	roi_new_030	1	3	Raw	404.0	139.0	2122	2149	944.0	60.7866	487.0	36.0	6930.0	6930.0	8.011634142919466	0.7	2.2	0.7196029776673153	-14.071428571428857	446.2307692307692	345.28409090909093	100.94667832167829	8.378357324391187	0.2670502469792821	27	263.5340909090909	0.9190731280967737	0.0	0.0		nan	nan	nan	nan	False				nan	nan
b03__b006_c09	b006_c09@x404_y139	b006_c09	roi_new_030	1	3	CS-Parzen ICA	404.0	139.0	2122	2149	1.727535605430603	0.5910244251966477	6.940085053443909	-0.1885310411453247	85.21012878417969	85.39865982532501	11.742467393614591	0.9	1.9	0.638273563941805	-0.8259517167295737	5.525310488847586	4.150387066331777	1.374923422515809	8.30996697520062	0.2994633829360492	22	3.0877103913914077	0.9195804876973147	nan	nan	Raw	0.7859133899165794	0.014250687994722091	0.20000000000000007	0.013620293855740708	False				nan	nan
b03__b006_c09	b006_c09@x404_y139	b006_c09	roi_new_030	1	3	Local standardization	404.0	139.0	2122	2149	-0.28245770931243896	0.9490846824824809	6.641564249992371	-0.20285654067993164	70.95610090717673	71.3662720285356	6.997862641321371	0.9	1.0	0.3117633803719862	-1.1493499827172078	6.027862676634238	4.097794090715152	1.930068585919086	8.234899655207359	0.1915292236452985	30	3.0496814564632424	0.8773706619934986	nan	nan	CS-Parzen ICA	0.9117983029743889	0.9569860020288385	0.0	1.4037644227368813	False				2.7234300665149256	1.0591849345517657
b04__b006_c14	b006_c14@x400_y49	b006_c14	roi_new_020	1	4	Raw	400.0	49.0	2254	2300	1184.0	66.717	445.0	-87.0	5511.0	5890.0	6.669964176946356	1.0	1.3	0.3349954669083556	-4.17857142857175	386.6923076923077	332.1136363636364	54.578671328671305	8.389859207254844	1.0024917207655786	17	252.68181818181824	0.8660344787042206	0.0	0.0		nan	nan	nan	nan	False				nan	nan
b04__b006_c14	b006_c14@x400_y49	b006_c14	roi_new_020	1	4	CS-Parzen ICA	400.0	49.0	2254	2300	1.8818985223770142	0.5755627066612243	7.779252409934998	-1.1610876321792603	86.84437900781631	91.3905029296875	13.515907661122927	1.1	1.1	0.5252690901611295	0.9446683270590643	5.013640174498925	4.040272216905247	0.9733679575936778	8.339108663167217	1.204425944902379	21	2.818030271679163	0.8429408298026462	nan	nan	Raw	0.6482235782152507	0.017481466089702285	0.10000000000000009	0.017834218640359487	False				nan	nan
b04__b006_c14	b006_c14@x400_y49	b006_c14	roi_new_020	1	4	Local standardization	400.0	49.0	2254	2300	-0.3772730827331543	0.7125805068969726	7.368903636932373	-1.42124342918396	55.62950092134997	63.13426684914157	10.341152410525654	1.1	0.7	0.21203463024015826	1.165089624268668	4.623530760694009	3.6762869591105054	0.9472438015835034	8.377190527529631	1.0548255699141285	27	2.399550474650989	0.8484269082759971	nan	nan	CS-Parzen ICA	0.9436800231425715	0.9472508729211803	0.0	0.9731610674262192	False				3.613661499727531	0.4182660951829342
b03__roi_010	roi_010@x389_y139	roi_010	roi_010	1	3	Raw	388.694	138.907	2122	2149	978.0	40.0302	429.0	-11.0	4988.0	4999.0	10.716908733638181	0.8	1.7	0.687141410732134	-9.535714285714361	420.0769230769231	421.375	-1.2980769230769056	8.247723488823544	0.47291215528683694	11	351.44318181818187	0.8848535714041592	0.0	0.0		nan	nan	nan	nan	True	False	15	4.900029081546354	nan	nan
b03__roi_010	roi_010@x389_y139	roi_010	roi_010	1	3	CS-Parzen ICA	388.694	138.907	2122	2149	1.2770252227783203	0.38530702271461487	6.375211715698242	-0.3877052068710327	69.63153231143951	70.26556646823883	16.545796788849003	1.0	1.9	0.7685474616149375	-0.1993105368954796	5.216005609585689	5.3311984254555265	-0.11519281586983787	8.152027352658672	0.6451526517983309	16	4.276045207950202	0.8536374823205457	nan	nan	Raw	0.7101943905590541	0.014860633369891333	0.19999999999999996	0.08874113229401762	True	False	15	4.900029081546354	nan	nan
b03__roi_010	roi_010@x389_y139	roi_010	roi_010	1	3	Local standardization	388.694	138.907	2122	2149	-0.890412449836731	0.5236081298589707	4.678560137748718	-0.43367302417755127	46.001680871937424	46.769229433033615	8.935232021843543	0.6	0.8	0.4128422509725479	-0.25791121886244817	4.93087023210067	4.75884267308654	0.17202755901413003	8.213791668441228	0.44858305608194887	22	3.8169312245762823	0.7518903072394317	nan	nan	CS-Parzen ICA	0.9012921111283315	0.7338674142373064	-0.4	-1.4933879270900063	True	False	15	4.900029081546354	3.8575049916748414	0.6716479877716015
b01__b004_c08	b004_c08@x398_y80	b004_c08	roi_new_019	1	1	Raw	398.0	80.0	2003	2026	1792.0	143.8122	471.0	11.0	5137.0	5137.0	3.2751046155800756	0.2	1.7	0.5135533294046808	71.42857142857085	404.2307692307692	307.14772727272725	97.08304195804197	8.24522696769572	0.1085024038152201	31	199.125	0.7830321261682236	0.0	0.0		nan	nan	nan	nan	False				nan	nan
b01__b004_c08	b004_c08@x398_y80	b004_c08	roi_new_019	1	1	CS-Parzen ICA	398.0	80.0	2003	2026	2.8695755004882812	1.145657794189453	5.29827880859375	-1.3059191703796387	44.98947477340698	48.09388065338135	4.624660898604189	0.3	0.9	0.28205273796374214	1.8446860057967047	5.067904518200801	3.488868022506887	1.5790364956939138	8.148920691372071	0.17925861673674895	35	1.8497701815583492	0.7074053744426837	nan	nan	Raw	0.524632269588199	0.01124899959359342	0.09999999999999998	0.016264802418944475	False				nan	nan
b01__b004_c08	b004_c08@x398_y80	b004_c08	roi_new_019	1	1	Local standardization	398.0	80.0	2003	2026	0.1388988345861435	1.1304835206717252	5.120532050728798	-1.541266307234764	32.45031100511551	36.89767384529114	4.52950613836167	0.3	0.9	0.14360644377711973	1.814815061699067	4.4671813149291735	2.824279530249028	1.6429017846801455	8.222139918308658	0.28560831760917493	40	1.3852096101459623	0.7070706784585686	nan	nan	CS-Parzen ICA	0.9838212635440234	0.9664519808691266	0.0	1.0404457326476928	False				3.071853702044824	1.1150110406827682
b04__roi_021	roi_021@x369_y218	roi_021	roi_021	1	4	Raw	368.639	217.816	2254	2300	798.0	31.1346	392.0	3.0	10339.0	10339.0	12.590494176492054	1.5	3.8	1.017365853658338	54.57142857142837	406.9230769230769	344.53409090909093	62.38898601398597	8.14258396290698	0.3015060999961142	13	253.875	0.9023271389977862	0.0	0.0		nan	nan	nan	nan	True	True	20	2.7306001171903627	nan	nan
b04__roi_021	roi_021@x369_y218	roi_021	roi_021	1	4	CS-Parzen ICA	368.639	217.816	2254	2300	1.6889839172363281	0.45181222493648526	4.179352283477783	-0.6498610973358154	58.8810019493103	63.1554993391037	9.250197412907784	1.6	2.3	0.46523446392610884	0.10174752186451588	5.18953263759613	4.013163195414976	1.1763694421811541	7.966452233259034	0.4294229472970865	14	2.8257138888266957	0.8365866478465794	nan	nan	Raw	0.666194464550896	0.010661612968028372	0.10000000000000009	0.018855402488807682	True	True	20	2.7306001171903627	nan	nan
b04__roi_021	roi_021@x369_y218	roi_021	roi_021	1	4	Local standardization	368.639	217.816	2254	2300	-0.1768566071987152	0.674004462057352	4.494613736867905	-1.2309379875659943	39.9902985394001	50.542661622166634	6.668522217909189	1.3	1.3	0.14103846208958218	0.1554775458893607	5.67409622683548	4.32347793123071	1.3506182956047699	7.969539926398086	0.395030888865794	26	3.205889746885408	0.857272986703311	nan	nan	CS-Parzen ICA	0.9143755258106153	1.075433088892987	-0.30000000000000004	1.148124259290865	True	True	20	2.7306001171903627	2.647818686982283	0.7504893505455874
b04__roi_026	roi_026@x338_y203	roi_026	roi_026	1	4	Raw	338.5	202.845	2254	2300	1095.0	71.1648	434.0	-23.0	8741.0	8764.0	6.098520616848519	2.0	1.9	0.701086956521603	-31.60714285714343	414.46153846153845	305.79545454545456	108.66608391608389	8.107172617846949	0.5033861587241821	17	209.6363636363635	0.8981107707049234	0.0	0.0		nan	nan	nan	nan	True	True	21	5.432681198082583	nan	nan
b04__roi_026	roi_026@x338_y203	roi_026	roi_026	1	4	CS-Parzen ICA	338.5	202.845	2254	2300	2.3957042694091797	1.0876228417396545	4.245457649230957	-0.8771847486495972	53.295626401901245	58.042824268341064	3.9034281760181795	1.4	2.6	0.44233959968956926	-0.6540506503411709	4.794104466071496	3.5083616958423094	1.2857427702291866	7.954679778680367	0.5739306177674011	31	2.1692715300755068	0.7820465957992265	nan	nan	Raw	0.7001545580548425	0.00978216048207644	-0.6000000000000001	0.011832052135146917	True	True	21	5.432681198082583	nan	nan
b04__roi_026	roi_026@x338_y203	roi_026	roi_026	1	4	Local standardization	338.5	202.845	2254	2300	0.5494090914726257	1.497291752064228	4.868395149707794	-1.4547019004821777	30.91301760263741	46.007874488830566	3.2514672840109866	1.4	1.2	0.11798112357550812	-0.8919669365776445	5.195798322271842	3.543116191206288	1.652682131065554	8.030700980408783	0.6101210134717175	31	2.293660699548499	0.7847146154788148	nan	nan	CS-Parzen ICA	0.9336556768017006	1.1467303529556934	0.0	1.2853909569217865	True	True	21	5.432681198082583	3.216053611868611	1.198869128247172
b01__roi_014	roi_014@x483_y139	roi_014	roi_014	1	1	Raw	483.114	138.552	2003	2026	1016.0	78.5778	340.0	86.0	5020.0	5020.0	4.326921853191017	0.5	1.9	0.751570132588712	130.89285714285697	353.0769230769231	292.8863636363636	60.19055944055947	8.059159270155247	0.7258299676213906	16	201.14772727272725	0.9078061907248951	0.0	0.0		nan	nan	nan	nan	True	True	21	5.126568052801036	nan	nan
b01__roi_014	roi_014@x483_y139	roi_014	roi_014	1	1	CS-Parzen ICA	483.114	138.552	2003	2026	1.5860947370529175	0.37868847470283507	4.722808480262756	-0.2937864065170288	45.32460415363312	45.91290056705475	12.471487207254874	0.6	1.1	0.2802399402455561	0.7384861154215677	4.119053391309885	3.248902024870569	0.8701513664393161	8.019787043782568	0.7784068207402486	19	2.165678975934332	0.8705649699643803	nan	nan	Raw	0.6735132013999755	0.013890613177202547	0.09999999999999998	0.014456608719248873	True	True	21	5.126568052801036	nan	nan
b01__roi_014	roi_014@x483_y139	roi_014	roi_014	1	1	Local standardization	483.114	138.552	2003	2026	-0.45854273438453674	0.5128259039819241	5.320713430643082	-0.6447188556194305	44.66610496491194	46.45314114540815	10.375282096622293	0.6	0.9	0.14436402948576132	1.045703132237707	4.523784384417993	3.3720257302047685	1.151758654213224	8.119189091998733	0.4198246508336349	31	2.2633979423103896	0.8883994639428606	nan	nan	CS-Parzen ICA	0.9678283249504008	1.12659944855957	0.0	1.3236302295342277	True	True	21	5.126568052801036	2.0431072474630594	1.1713515370182557
b02__roi_004	roi_004@x391_y223	roi_004	roi_004	1	2	Raw	390.839	223.178	2040	2063	1122.0	134.9166	395.0	14.0	4055.0	4055.0	2.9277346152887955	0.3	1.1	0.3208469055373548	224.035714285714	376.15384615384613	212.88636363636363	163.2674825174825	8.185347797139919	1.0156809243803213	27	155.64772727272714	0.8732713981080649	0.0	0.0		nan	nan	nan	nan	True	True	5	2.1839425358740527	nan	nan
b02__roi_004	roi_004@x391_y223	roi_004	roi_004	1	2	CS-Parzen ICA	390.839	223.178	2040	2063	2.5941851139068604	0.6857588446140289	5.237969636917114	-0.1781449317932129	45.551401138305664	45.72954607009888	7.638209365315635	0.5	2.0	0.2311923541741487	0.8355173170566557	4.789703653408931	2.6800773726268248	2.109626280782106	8.088620706009692	0.9944148881979926	27	1.6953806355595589	0.8247748998301299	nan	nan	Raw	0.708246965723365	0.013260682625073048	0.2	0.012921288723511054	True	True	5	2.1839425358740527	nan	nan
b02__roi_004	roi_004@x391_y223	roi_004	roi_004	1	2	Local standardization	390.839	223.178	2040	2063	0.4418577551841736	0.7549996348455548	5.196260988712311	-0.5676378458738327	38.300408609211445	39.8985341489315	6.882468205289672	0.1	0.8	0.1286047121518377	0.9273715580680539	4.773848919341197	2.5997489837278738	2.1740999356133233	7.936729756964685	0.3568225853027553	29	1.725077926498753	0.8124219679071604	nan	nan	CS-Parzen ICA	0.9865432704521321	0.9920372487646971	-0.4	1.0305616470499945	True	True	5	2.1839425358740527	3.0001023424427764	1.2954089687586468
b04__roi_new_011	roi_new_011@x338_y103	roi_new_011	roi_new_011	2	4	Raw	338.0	103.0	2254	2300	3511.0	123.05579999999999	497.0	-369.0	1597.0	3630.0	4.038818162134261	1.2	0.2	0.10468654899570765	-208.35714285714448	281.84615384615387	351.72727272727275	-69.88111888111888	8.599478261376536	0.4892250451558738	31	222.9886363636365	0.5901574629816629	0.019896130495208837	0.0		nan	nan	nan	nan	False				nan	nan
b04__roi_new_011	roi_new_011@x338_y103	roi_new_011	roi_new_011	2	4	CS-Parzen ICA	338.0	103.0	2254	2300	5.1503167152404785	1.9381165121555328	4.8499369621276855	-3.2477080821990967	23.59763479232788	55.91084051132202	2.5023970072012283	2.8	4.6	0.6535211486690101	-4.410695953028544	4.147911933752207	4.124622792005539	0.023289141746667852	8.535948689290596	0.5197969548321849	38	2.1326390694488175	0.2776200202770009	nan	nan	Raw	-0.017771476185784833	0.009758424471062227	1.5999999999999999	-0.00033326801459233066	False				nan	nan
b04__roi_new_011	roi_new_011@x338_y103	roi_new_011	roi_new_011	2	4	Local standardization	338.0	103.0	2254	2300	1.0889073610305786	1.3968502754151821	2.9406861066818237	-2.2969151735305786	-3.077762983739376	28.54533338546753	2.105226419991609	1.3	3.7	0.3684859032876783	-3.2439526191779557	2.4230133331595707	2.537683739046439	-0.11467040588686839	8.707203184364769	0.13041609309411908	49	1.2100885245441035	0.39693180964579744	nan	nan	CS-Parzen ICA	0.9789238141437725	0.6063349130182094	-1.4999999999999998	-4.923771009273199	False				4.363490405626753	1.5749956567815866
b01__roi_004	roi_004@x391_y223	roi_004	roi_004	1	1	Raw	390.839	223.178	2003	2026	980.0	80.0604	210.0	-66.0	2297.0	2363.0	2.623019620153996	0.8	1.9	0.6559215136645719	-55.46428571428599	252.0	200.7159090909091	51.28409090909091	8.464574197452315	0.8338695399046331	29	104.125	0.6667144430626715	0.0	0.0		nan	nan	nan	nan	True	True	31	0.8576741805604251	nan	nan
b01__roi_004	roi_004@x391_y223	roi_004	roi_004	1	1	CS-Parzen ICA	390.839	223.178	2003	2026	2.0845420360565186	0.5430122039794921	2.7433688640594482	-0.6346442699432373	17.321718215942383	18.455004453659058	5.052131128734127	1.2	1.5	0.7858321307002141	0.6698674815041672	3.0191777577767005	2.137932128526948	0.8812456292497526	8.515027279761936	1.1005045520269525	36	0.9845555837858808	0.48577377686868783	nan	nan	Raw	0.20743434009194203	0.013063661257363737	0.3999999999999999	0.017183606331146926	True	True	31	0.8576741805604251	nan	nan
b01__roi_004	roi_004@x391_y223	roi_004	roi_004	1	1	Local standardization	390.839	223.178	2003	2026	0.28153520822525024	0.7820992092490195	3.105566680431366	-1.1267756819725037	17.073006875813007	21.003801584243774	3.9708091246410504	1.2	1.5	0.6093565200475923	0.9517051880913123	3.700267176502026	2.6097283104053615	1.0905388660966646	8.365042077737385	0.34915817698229945	36	1.1619143310870805	0.4373060386020943	nan	nan	CS-Parzen ICA	0.9839919434358074	1.132026655250412	0.0	1.237497048113131	True	True	31	0.8576741805604251	3.4305533488454767	1.4164957460428473
b04__roi_010	roi_010@x389_y139	roi_010	roi_010	1	4	Raw	388.694	138.907	2254	2300	925.0	53.373599999999996	417.0	-43.0	9013.0	9056.0	7.8128512971241815	1.0	2.0	0.6185880250222308	81.42857142857116	400.61538461538464	439.90909090909093	-39.29370629370629	8.278643685805035	0.18650837488216007	10	364.02272727272737	0.9230573005048904	0.0	0.0		nan	nan	nan	nan	True	False	17	4.151419636702599	nan	nan
b04__roi_010	roi_010@x389_y139	roi_010	roi_010	1	4	CS-Parzen ICA	388.694	138.907	2254	2300	1.5382585525512695	0.5176120590448379	5.327945709228516	-0.8158563375473022	79.88454675674438	81.28236627578735	10.293318337225346	1.6	2.5	0.4963462509864541	0.1060575885432098	4.723247931553767	5.52938649193807	-0.8061385603843032	8.23932686605106	0.2962199319788394	10	4.371169189837846	0.8438886061049293	nan	nan	Raw	0.6886373197411513	0.012776848223538943	0.6000000000000001	0.02051571705604006	True	False	17	4.151419636702599	nan	nan
b04__roi_010	roi_010@x389_y139	roi_010	roi_010	1	4	Local standardization	388.694	138.907	2254	2300	-0.44443920254707336	0.7569624506413937	5.311315804719925	-1.2794758975505829	41.46693433076143	48.586733259260654	7.016617261797985	1.0	1.1	0.06938458831916865	0.15423934993201083	4.369020758913114	5.015649950556425	-0.6466291916433118	8.247367588695795	0.3189491211543949	21	4.031805192205039	0.8657648641682032	nan	nan	CS-Parzen ICA	0.8142381420428696	0.9968787396844783	-0.6000000000000001	0.8021315741765058	True	False	17	4.151419636702599	3.3887941758880844	0.419047200129429
b04__roi_006	roi_006@x407_y243	roi_006	roi_006	2	4	Raw	406.843	242.863	2254	2300	1122.0	72.64739999999999	258.0	-158.0	4012.0	4495.0	3.5514003253584936	1.0	2.2	0.2093085821898818	145.0714285714283	314.53846153846155	285.70454545454544	28.833916083916108	8.465072217208773	0.7258717404053474	34	192.2613636363635	0.7933036869102468	0.0	0.0		nan	nan	nan	nan	True	True	42	4.792224744312409	nan	nan
b04__roi_006	roi_006@x407_y243	roi_006	roi_006	2	4	CS-Parzen ICA	406.843	242.863	2254	2300	2.8723137378692627	1.5227435933589935	3.4526984691619873	-2.3974287807941437	-17.86354038119316	13.562841415405273	2.2674194670412766	0.8	0.1	0.734958081555577	1.5111331897122526	3.7219883662003737	3.1054299690506677	0.616558397149706	8.471834817624586	0.8338448337865313	34	1.7081859924576497	0.18387539521845622	nan	nan	Raw	0.14381546921735813	0.013382552206002344	-0.19999999999999996	0.021383096050288024	True	True	42	4.792224744312409	nan	nan
b04__roi_006	roi_006@x407_y243	roi_006	roi_006	2	4	Local standardization	406.843	242.863	2254	2300	1.1392968893051147	1.9421219638109206	3.204682946205139	-3.075754761695862	-52.44883275585016	7.370062589645386	1.6500935596581534	0.8	0.1	0.08595143291228603	1.9465829333556555	3.6386274380179553	2.9586161150364205	0.6800113229815348	8.456937139270094	0.5428206520853756	41	1.6321744456336917	0.46467111778248515	nan	nan	CS-Parzen ICA	0.9498586032980144	0.9281676271182718	0.0	1.1029147036554061	True	True	42	4.792224744312409	3.028375132983508	0.24523369116991744
b01__roi_012	roi_012@x441_y158	roi_012	roi_012	1	1	Raw	441.314	157.951	2003	2026	876.0	91.9212	371.0	95.0	4852.0	4852.0	4.036065673598299	0.8	1.9	0.8683095879858035	91.78571428571405	334.7692307692308	302.2613636363636	32.50786713286715	8.29938341736576	1.0331743563780003	18	225.61363636363637	0.8550149273602206	0.0	0.0		nan	nan	nan	nan	True	False	6	6.566810260697359	nan	nan
b01__roi_012	roi_012@x441_y158	roi_012	roi_012	1	1	CS-Parzen ICA	441.314	157.951	2003	2026	2.216647148132324	0.4994925290107727	4.589023590087891	-1.3359012603759766	34.42524313926697	36.107874393463135	9.187371811123818	1.0	0.6	0.4914655978123034	0.9930728290762216	4.182695535513071	3.5104147764769467	0.6722807590361244	8.284481393340977	1.415283352820332	17	2.4200997227294883	0.749398480978835	nan	nan	Raw	0.6576553045022725	0.012369335822305988	0.19999999999999996	0.020680555764168638	True	False	6	6.566810260697359	nan	nan
b01__roi_012	roi_012@x441_y158	roi_012	roi_012	1	1	Local standardization	441.314	157.951	2003	2026	0.831550657749176	0.8373899244904518	3.2119287848472595	-2.1296951174736023	15.689343422651291	23.68383026123047	3.835642974765981	1.0	1.0	0.11135046297349516	1.6156875182475365	4.317816092704351	3.8647997230503033	0.4530163696540481	8.324403345114435	0.9296721159541759	22	2.6370520818534056	0.6690546388728235	nan	nan	CS-Parzen ICA	0.8462336151111751	0.6999155094963955	0.0	0.6738499695122998	True	False	6	6.566810260697359	2.7455587689299126	0.6784647137642917
b04__b006_c16	b006_c16@x404_y136	b006_c16	roi_new_030	1	4	Raw	404.0	136.0	2254	2300	897.0	44.477999999999994	451.0	-41.0	7420.0	7496.0	10.139844417236842	1.3	2.7	0.5542193655400053	8.85714285714279	401.6923076923077	362.40909090909093	39.283216783216744	8.467926281733373	0.3329450440524596	25	274.60227272727263	0.8790720989501276	0.0	0.0		nan	nan	nan	nan	False				nan	nan
b04__b006_c16	b006_c16@x404_y136	b006_c16	roi_new_030	1	4	CS-Parzen ICA	404.0	136.0	2254	2300	1.6940544843673706	0.6679252794027328	5.787768483161926	-1.230471819639206	80.96643087267876	85.06869089603424	8.665293338907802	1.4	2.0	0.7031900771519168	-0.037786947829382654	5.022280280406658	4.384285700592128	0.6379945798145306	8.44238374338913	0.4120327085689344	35	3.3042267439040267	0.8261013390028679	nan	nan	Raw	0.6257808638051273	0.012833189541350539	0.09999999999999987	0.01624089451021905	False				nan	nan
b04__b006_c16	b006_c16@x404_y136	b006_c16	roi_new_030	1	4	Local standardization	404.0	136.0	2254	2300	-0.14928321540355682	0.9933759808570146	4.760110184550285	-1.5709312707185745	40.32204304821789	48.940774040296674	4.791851495796936	1.4	0.7	0.20934178872841352	-0.044889003836682755	4.481806111163818	4.184091643959453	0.297714467204365	8.359571375153601	0.20339822695194548	39	3.215016512766438	0.7545535634672083	nan	nan	CS-Parzen ICA	0.8856895976795186	0.8224430879666662	0.0	0.46664105959061847	False				4.585974320410976	0.2694910425281751
b01__roi_010	roi_010@x389_y139	roi_010	roi_010	1	1	Raw	388.694	138.907	2003	2026	941.0	35.5824	274.0	-12.0	2534.0	2546.0	7.700436170474718	0.6	2.0	0.6950732356852896	3.3928571428571135	238.92307692307693	225.7159090909091	13.20716783216784	8.316166416170608	0.22908176955817694	47	153.10227272727263	0.7196128620456042	0.0	0.0		nan	nan	nan	nan	True	True	18	2.5519179062030775	nan	nan
b01__roi_010	roi_010@x389_y139	roi_010	roi_010	1	1	CS-Parzen ICA	388.694	138.907	2003	2026	1.9135171175003052	0.6472384285926819	3.201743006706238	-0.9861788749694824	18.360400795936584	21.378248691558838	4.946775191827143	0.8	1.9	0.3517351803519432	-0.6595643141439982	2.942145971151499	2.563339890404181	0.3788060807473177	8.233085330409088	0.16105849454403565	46	1.4046960439194331	0.5646126181695684	nan	nan	Raw	0.21492609556377412	0.011685193455089608	0.20000000000000007	0.02868185560540864	True	True	18	2.5519179062030775	nan	nan
b01__roi_010	roi_010@x389_y139	roi_010	roi_010	1	1	Local standardization	388.694	138.907	2003	2026	0.12998433411121368	0.9855392545133829	3.639259859919548	-1.6188714057207108	14.663265462964773	21.834048196673393	3.692658450244887	0.8	1.9	0.20624226912704963	-1.0174398832023144	3.5459627360105515	3.0681149776745853	0.47784775833596616	8.266953964574807	0.09518831640822815	41	1.7893276871317623	0.5518799309542504	nan	nan	CS-Parzen ICA	0.9729834601954505	1.1366495846669318	0.0	1.2614574616431689	True	True	18	2.5519179062030775	2.2665186868233924	0.6228394600061269
b02__roi_new_001	roi_new_001@x428_y146	roi_new_001	roi_new_001	1	2	Raw	428.0	146.0	2040	2063	1107.0	180.8772	457.0	-10.0	5152.0	5162.0	2.5265760416319663	0.1	2.3	0.3865162503356469	395.39285714285677	382.38461538461536	254.79545454545453	127.58916083916083	8.327699110695399	0.30685077454327125	28	195.23863636363626	0.9137182233543222	0.0	0.0		nan	nan	nan	nan	False				nan	nan
b02__roi_new_001	roi_new_001@x428_y146	roi_new_001	roi_new_001	1	2	CS-Parzen ICA	428.0	146.0	2040	2063	4.782751083374023	2.5963488565921784	3.4974679946899414	-3.1477415561676025	10.395105123519897	26.706438064575195	1.3470716712289001	0.1	0.8	0.09303975905674337	1.989065093653542	4.768996660525982	3.347303119572726	1.4216935409532558	8.307070614297269	0.34008638487715515	19	2.3403828265992077	0.821320726834581	nan	nan	Raw	0.649455709711264	0.007653102833002819	0.0	0.011142745446333823	False				nan	nan
b02__roi_new_001	roi_new_001@x428_y146	roi_new_001	roi_new_001	1	2	Local standardization	428.0	146.0	2040	2063	1.8067290782928467	2.2368162692964075	3.077451467514038	-2.7041733860969543	2.9280468891374767	19.78886604309082	1.3758177228862143	0.1	0.8	0.02864607700118494	1.725149420223066	3.89909154122758	2.5616043370841495	1.3374872041434305	8.494151911528762	0.2724383034460002	18	1.8395022120464337	0.8475085650983603	nan	nan	CS-Parzen ICA	0.9939344647053313	0.8799083998213836	0.0	0.9407704014086363	False				2.9712114312744164	1.6953135341933818
b01__roi_new_007	roi_new_007@x422_y68	roi_new_007	roi_new_007	1	1	Raw	422.0	68.0	2003	2026	1462.0	103.782	398.0	64.0	5016.0	5016.0	3.834961746701403	0.8	2.3	0.5979611341189557	21.28571428571413	333.61538461538464	257.0	76.61538461538464	8.375200021240612	0.43522260298919946	48	166.19318181818176	0.793811084047091	0.0	0.0		nan	nan	nan	nan	False				nan	nan
b01__roi_new_007	roi_new_007@x422_y68	roi_new_007	roi_new_007	1	1	CS-Parzen ICA	422.0	68.0	2003	2026	2.769674777984619	0.6804750347614288	4.8023176193237305	-1.328558325767517	33.82751154899597	37.99958562850952	7.057301689179674	0.2	1.3	0.19701809647384133	0.08776894637516475	4.1750754209665155	2.925178187814626	1.2498972331518896	8.349198397076682	0.38082966371543975	49	1.5617105547677386	0.7471505443793871	nan	nan	Raw	0.6368143359231057	0.012066124671637347	-0.6000000000000001	0.01631391970960088	False				nan	nan
b01__roi_new_007	roi_new_007@x422_y68	roi_new_007	roi_new_007	1	1	Local standardization	422.0	68.0	2003	2026	0.42252683639526367	0.7634048002257943	5.274126052856445	-1.7279638051986694	24.109415522776544	32.59300696849823	6.908688607129291	0.2	0.9	0.12876618636822149	0.09536244480737568	4.141185512909522	2.76853079568553	1.372654717223992	8.391013524410921	0.3958483146180265	52	1.4781028521670536	0.7426837514648144	nan	nan	CS-Parzen ICA	0.9776234353868366	1.0982459865911387	0.0	1.0982140608986934	False				2.1719715874286023	1.1039333056461216
b02__roi_002	roi_002@x438_y208	roi_002	roi_002	1	2	Raw	437.687	207.713	2040	2063	1190.0	274.281	383.0	-94.0	2843.0	3200.0	1.3963781669113196	0.2	0.9	0.07816711590293862	386.60714285714243	423.7692307692308	337.79545454545456	85.97377622377621	7.909940703132849	1.155706764610473	20	275.3863636363636	0.9544679374523933	0.0	0.0		nan	nan	nan	nan	True	True	18	1.845626722823441	nan	nan
b02__roi_002	roi_002@x438_y208	roi_002	roi_002	1	2	CS-Parzen ICA	437.687	207.713	2040	2063	3.7143750190734863	1.322492219352722	5.764743328094482	-1.6763787269592285	46.288551568984985	49.88652467727661	4.358999803081614	0.3	1.9	0.3584380871573898	3.3107894999640335	5.546178542650663	4.3698395761576565	1.1763389664930068	7.846239726008281	1.1561948384087013	14	3.729159437797286	0.9046155495502869	nan	nan	Raw	0.7013876325411322	0.015051549159476322	0.09999999999999998	0.013682532257481618	True	True	18	1.845626722823441	nan	nan
b02__roi_002	roi_002@x438_y208	roi_002	roi_002	1	2	Local standardization	437.687	207.713	2040	2063	0.515741765499115	0.8804926594778895	3.6801963448524475	-1.255467176437378	22.926142174750566	26.906227588653564	4.179701330906055	0.3	0.8	0.2052426795583897	2.2408279326877434	3.506807629090662	2.8128741907633166	0.6939334383273454	8.028995339423723	0.61247531653609	23	2.4115898853739384	0.9109060469639386	nan	nan	CS-Parzen ICA	0.9860673424413687	0.6383972598187693	0.0	0.5899094202466524	True	True	18	1.845626722823441	4.6588841949128454	2.259117231654429
b02__roi_016	roi_016@x388_y285	roi_016	roi_016	1	2	Raw	388.203	285.11	2040	2063	1390.0	87.4734	283.0	-108.0	2150.0	2328.0	3.235269236096513	0.1	1.8	0.48091603053404525	160.92857142857133	301.7692307692308	217.54545454545453	84.22377622377624	8.08587195528465	0.22422073982147905	30	160.18181818181824	0.7653433724119291	0.0	0.0		nan	nan	nan	nan	True	True	43	1.6368594930536857	nan	nan
b02__roi_016	roi_016@x388_y285	roi_016	roi_016	1	2	CS-Parzen ICA	388.203	285.11	2040	2063	2.059570074081421	0.9416356788396835	3.5718019008636475	-0.41557514667510986	28.799606680870056	30.134081840515137	3.793188785573374	0.3	1.8	0.48265140719445637	1.0938106945582793	3.96742438353025	2.7213159758936274	1.2461084076366227	8.037131332281719	0.12664490322583175	32	1.6507232920690016	0.8300949619564452	nan	nan	Raw	0.5201259978458348	0.01262120813021564	0.19999999999999998	0.01479520942294265	True	True	43	1.6368594930536857	nan	nan
b02__roi_016	roi_016@x388_y285	roi_016	roi_016	1	2	Local standardization	388.203	285.11	2040	2063	-0.46247968077659607	0.990246208101511	3.5265117585659027	-0.4532487690448761	26.3016964122653	27.81487589329481	3.561247421250564	0.3	1.8	0.4070625654691675	1.1395731648164136	3.8612850411580157	2.581728888231076	1.27955615292694	8.176613204901619	0.09627133886886506	32	1.6720645257208329	0.8335014315234127	nan	nan	CS-Parzen ICA	0.9961849876502848	0.9873200853400873	0.0	1.0268417611649958	True	True	43	1.6368594930536857	3.592770132260596	1.79528454362456
b03__roi_021	roi_021@x369_y218	roi_021	roi_021	1	3	Raw	368.639	217.816	2122	2149	856.0	54.856199999999994	346.0	-23.0	5555.0	5578.0	6.307400074990478	1.0	2.1	1.1789062499995395	-28.535714285714512	383.46153846153845	317.17045454545456	66.29108391608389	8.143537921669493	0.30077063996563164	16	228.8295454545455	0.8793698111581318	0.0	0.0		nan	nan	nan	nan	True	True	25	1.6492959103811637	nan	nan
b03__roi_021	roi_021@x369_y218	roi_021	roi_021	1	3	CS-Parzen ICA	368.639	217.816	2122	2149	1.7941306829452515	0.8967924003124237	4.947667717933655	-0.8168243169784546	47.070464730262756	48.84708869457245	5.517071409941609	1.2	2.0	0.8952188030423582	0.09305237872259892	4.654627992556645	3.8020577159794895	0.8525702765771559	7.986450133879328	0.3347353583356016	19	2.642258140851151	0.8324774886443501	nan	nan	Raw	0.6600229376324898	0.014299617681847848	0.19999999999999996	0.0128610097497205	True	True	25	1.6492959103811637	nan	nan
b03__roi_021	roi_021@x369_y218	roi_021	roi_021	1	3	Local standardization	368.639	217.816	2122	2149	-0.07138414680957794	1.2967805486172437	4.3883387595415115	-1.2361368387937546	37.90562364459038	41.901223227381706	3.384025740389743	1.2	1.4	0.4766493951552003	0.18701869116297773	4.637930397230845	4.211789545920593	0.4261408513102527	8.033919149664452	0.39043487699014984	18	2.9581555404954334	0.7861754920722094	nan	nan	CS-Parzen ICA	0.9276070125436928	0.8869509855620028	0.0	0.4998307617775097	True	True	25	1.6492959103811637	2.266122954650262	0.7474492794213602
b01__roi_new_006	roi_new_006@x407_y170	roi_new_006	roi_new_006	1	1	Raw	407.0	170.0	2003	2026	816.0	37.065	320.0	-38.0	3207.0	3245.0	8.633481721067492	0.6	1.7	0.8291995490412463	72.75000000000001	259.0769230769231	199.98863636363637	59.08828671328672	8.336091932685308	0.5356255739126883	35	117.625	0.7718781479033848	0.0	0.0		nan	nan	nan	nan	False				nan	nan
b01__roi_new_006	roi_new_006@x407_y170	roi_new_006	roi_new_006	1	1	CS-Parzen ICA	407.0	170.0	2003	2026	1.5350849628448486	0.5554184467077254	3.8966867923736572	-0.41619396209716797	28.67563784122467	29.744715571403503	7.015767676525192	0.7	1.8	0.38607906910961204	0.32826223969459506	3.1473083587793202	2.1056704317981545	1.0416379269811658	8.296491283644059	0.5366191710218584	40	0.9279759025031868	0.6183404675264547	nan	nan	Raw	0.4988213853866305	0.012177146226129625	0.09999999999999998	0.017628501093928526	False				nan	nan
b01__roi_new_006	roi_new_006@x407_y170	roi_new_006	roi_new_006	1	1	Local standardization	407.0	170.0	2003	2026	-0.2308165729045868	0.8978303483426571	5.6907298266887665	-0.8915673792362213	35.749741315841675	38.71796825528145	6.338313057533878	0.7	1.8	0.272917593967811	0.5026428369539124	4.43385570241998	2.7844809123039753	1.649374790116005	8.336440725855761	0.28373400875922317	41	1.3008613502395086	0.5815898844138098	nan	nan	CS-Parzen ICA	0.9894615335047653	1.4604021643119718	0.0	1.5834434843522978	False				1.9218944514996519	0.9948456152866927
b04__roi_012	roi_012@x441_y158	roi_012	roi_012	1	4	Raw	441.314	157.951	2254	2300	862.0	62.2692	345.0	-86.0	6709.0	6917.0	5.540459809897342	1.7	3.2	0.694512493875381	-40.71428571428568	404.61538461538464	413.85227272727275	-9.236888111888106	8.409551222263165	1.527105032232617	5	332.6363636363636	0.8374159898492547	0.0	0.0		nan	nan	nan	nan	True	True	9	5.957767786679846	nan	nan
b04__roi_012	roi_012@x441_y158	roi_012	roi_012	1	4	CS-Parzen ICA	441.314	157.951	2254	2300	1.9193031787872314	0.7855948552608489	4.770869970321655	-1.0015870928764343	63.11201232671738	65.60240030288696	6.072939419472899	1.9	1.2	0.3792312038018907	1.010757850749152	4.698939580183763	5.211571822112257	-0.5126322419284941	8.377015730773419	1.8202114815170352	6	4.189913777803833	0.804735042750175	nan	nan	Raw	0.5734155549919216	0.013828608609587904	0.19999999999999996	0.05549837085546397	True	True	9	5.957767786679846	nan	nan
b04__roi_012	roi_012@x441_y158	roi_012	roi_012	1	4	Local standardization	441.314	157.951	2254	2300	0.3595634698867798	1.2665815012693404	3.902500033378601	-1.451995611190796	12.8341418877244	30.772231698036194	3.0811282387959023	0.8	1.0	0.002830680368780614	1.647309370338917	4.28696203761949	4.91932166096839	-0.6323596233489006	8.389444877488065	0.9905248809530712	24	3.938530663652769	0.8028861903127628	nan	nan	CS-Parzen ICA	0.7293141149436572	0.8179849915921115	-1.0999999999999999	1.2335541404956365	True	True	9	5.957767786679846	4.145935634292849	0.8400661342215757
b01__roi_new_005	roi_new_005@x445_y172	roi_new_005	roi_new_005	1	1	Raw	445.0	172.0	2003	2026	665.0	57.8214	276.0	68.0	4049.0	4049.0	4.7733192208287365	1.0	2.1	0.7164052564643	31.000000000000057	232.53846153846155	173.79545454545453	58.743006993007015	8.373215935362065	1.142179521383849	19	108.4545454545455	0.8493054011732497	0.0	0.0		nan	nan	nan	nan	False				nan	nan
b01__roi_new_005	roi_new_005@x445_y172	roi_new_005	roi_new_005	1	1	CS-Parzen ICA	445.0	172.0	2003	2026	1.2753472328186035	0.226519664311409	3.5555472373962402	0.16433382034301758	43.10792946815491	43.10792946815491	15.69641749429673	1.2	1.2	0.6417872584054563	0.3556572816201613	2.461911494915302	1.7935558076609264	0.6683556872543754	8.344267652457336	1.2007832214459466	30	0.8402674360708757	0.7547143406060461	nan	nan	Raw	0.8119705234018648	0.012882417526751297	0.19999999999999996	0.011377621294098231	False				nan	nan
b01__roi_new_005	roi_new_005@x445_y172	roi_new_005	roi_new_005	1	1	Local standardization	445.0	172.0	2003	2026	-0.4461652934551239	0.3926957581222057	5.167431086301804	-0.07323989272117615	61.58164433389902	61.6548842266202	13.158866543027052	0.5	1.2	0.4908883067950503	0.6213736033865382	3.82296906125087	2.52623877489135	1.2967302863595203	8.351271409138231	0.5495726493562462	41	1.082572727226017	0.6558453784533659	nan	nan	CS-Parzen ICA	0.9856543910532415	1.4533433926847832	-0.7	1.940179920883663	False				1.5351709437831849	0.9163842951356188
b02__roi_new_005	roi_new_005@x445_y172	roi_new_005	roi_new_005	1	2	Raw	445.0	172.0	2040	2063	889.0	123.05579999999999	155.0	-81.0	497.0	1058.0	1.2595911773255744	0.8	1.8	0.16777041942586338	176.7499999999998	201.6153846153846	143.88636363636363	57.72902097902099	8.35139486900707	0.8324311010845433	38	82.97727272727275	0.8154889018660922	0.0	0.0		nan	nan	nan	nan	False				nan	nan
b02__roi_new_005	roi_new_005@x445_y172	roi_new_005	roi_new_005	1	2	CS-Parzen ICA	445.0	172.0	2040	2063	2.4297187328338623	0.4803905030250549	1.7890903949737549	-0.8962349891662598	13.144838094711304	15.75380253791809	3.7242417990852794	0.5	2.1	0.6111108265848819	1.1610544664519165	2.4527536905728855	1.8458785888823597	0.6068751016905258	8.25033279191879	0.6643578008583993	31	0.8225581971081819	0.6026963476567565	nan	nan	Raw	0.2933504757356071	0.011542518677175564	-0.30000000000000004	0.010512478669966616	False				nan	nan
b02__roi_new_005	roi_new_005@x445_y172	roi_new_005	roi_new_005	1	2	Local standardization	445.0	172.0	2040	2063	0.8303505182266235	0.7218014585137367	2.4193345308303833	-1.2807391583919525	15.467369548976421	19.603701949119568	3.3518005525511696	0.5	1.7	0.4918846047122526	1.5685055064303535	3.3324297746786704	2.367191794217268	0.9652379804614024	8.277602803572199	0.07472648264923676	43	1.1029887699193999	0.5997267389190923	nan	nan	CS-Parzen ICA	0.997982334746493	1.3522707048648612	0.0	1.5905051569624578	False				2.173159989516445	1.2982205247278673
b02__roi_018	roi_018@x472_y202	roi_018	roi_018	1	2	Raw	471.878	201.522	2040	2063	1307.0	126.02099999999999	319.0	-68.0	2257.0	2376.0	2.5313241443685475	0.1	1.6	0.5037974683541115	175.39285714285666	265.0	195.4318181818182	69.56818181818181	7.962919626911652	0.4039154112640595	18	128.034090909091	0.7362176172045238	0.0	0.0		nan	nan	nan	nan	True	True	9	2.3898468570182425	nan	nan
b02__roi_018	roi_018@x472_y202	roi_018	roi_018	1	2	CS-Parzen ICA	471.878	201.522	2040	2063	3.3142082691192627	1.176410500717163	2.825528383255005	-2.2425551414489746	8.25838851928711	21.106020212173462	2.401821795309278	0.3	2.1	0.31707098147685686	1.1899518072605122	3.3054119531924906	2.42991301688281	0.8754989363096808	7.856994725248058	0.5070493154733138	25	1.1519481759857046	0.6409621622437307	nan	nan	Raw	0.2642517696217459	0.008857455746853126	0.19999999999999998	0.012584760926844896	True	True	9	2.3898468570182425	nan	nan
b02__roi_018	roi_018@x472_y202	roi_018	roi_018	1	2	Local standardization	471.878	201.522	2040	2063	1.48651123046875	1.4914237291574477	3.1188902854919434	-2.8216484785079956	1.3205325230956078	20.067912936210632	2.091216749758089	0.3	2.1	0.21707511542442176	1.4000490361026352	3.529884443976558	2.5276064830584137	1.0022779609181445	8.04499380972001	0.5430602838492321	33	1.2114109497051686	0.6751846896651401	nan	nan	CS-Parzen ICA	0.9906030770849287	1.1038255014076908	0.0	1.1448077412841218	True	True	9	2.3898468570182425	1.7598454395649528	0.8026533051870053
b02__roi_new_003	roi_new_003@x468_y143	roi_new_003	roi_new_003	1	2	Raw	468.0	143.0	2040	2063	1157.0	210.52919999999997	219.0	-123.0	1270.0	1864.0	1.040235748765301	0.1	1.4	0.11951951951944774	316.24999999999983	240.6153846153846	196.10227272727272	44.513111888111894	8.40782595048486	0.4399721028920727	40	150.94318181818176	0.8998853524078065	0.0	0.0		nan	nan	nan	nan	False				nan	nan
b02__roi_new_003	roi_new_003@x468_y143	roi_new_003	roi_new_003	1	2	CS-Parzen ICA	468.0	143.0	2040	2063	3.1250414848327637	0.7751877151966095	4.142895698547363	-2.2038710713386536	21.272525250911713	28.22202157974243	5.344377383679553	0.1	0.6	0.30063376862818797	1.3116673060825894	3.132699783031757	2.4602620804851707	0.6724377025465862	8.308764703199529	0.4763223376579935	31	1.3812913786281236	0.7832978978635817	nan	nan	Raw	0.4993402253847978	0.018917331956750896	0.0	0.015106508487245698	False				nan	nan
b02__roi_new_003	roi_new_003@x468_y143	roi_new_003	roi_new_003	1	2	Local standardization	468.0	143.0	2040	2063	0.7276723980903625	0.8260805282950401	4.443671405315399	-2.2835078835487366	19.85398180782795	27.8793243765831	5.379223026969944	0.1	0.6	0.225693281918154	1.3518671753616733	3.2708420134507694	2.418321869764689	0.8525201436860805	8.327313350737047	0.2551537628328678	40	1.3847841684050348	0.7969729828941432	nan	nan	CS-Parzen ICA	0.9975122980255803	1.0726003567506894	0.0	1.2678053880526026	False				3.0392588729583814	0.5920740528351338
b02__b005_c02	b005_c02@x367_y220	b005_c02	roi_021	2	2	Raw	367.0	220.0	2040	2063	922.0	60.7866	245.0	-69.0	2477.0	2590.0	4.03049356265969	0.0	1.8	0.4825414997135189	120.57142857142854	199.92307692307693	153.60227272727272	46.320804195804214	8.398857795834797	0.41658240283512493	42	93.39772727272725	0.7812813411375195	0.0	0.0		nan	nan	nan	nan	False				nan	nan
b02__b005_c02	b005_c02@x367_y220	b005_c02	roi_021	2	2	CS-Parzen ICA	367.0	220.0	2040	2063	1.6469570398330688	0.6371681543827057	2.978216052055359	-0.801063597202301	31.36100286245346	32.62084376811981	4.674144536094302	0.8	2.4	0.31560051746691165	0.6381757387093133	2.5057784685721765	1.7368451424620368	0.7689333261101396	8.43145697684875	0.27317419185139374	54	0.5002095577391714	0.5405898148977002	nan	nan	Raw	0.5798248499850991	0.012155983885890625	0.8	0.016600172200015265	False				nan	nan
b02__b005_c02	b005_c02@x367_y220	b005_c02	roi_021	2	2	Local standardization	367.0	220.0	2040	2063	-0.3582899272441864	0.9608903195500373	3.8765346705913544	-1.2091460525989532	39.50016275793314	41.6402368620038	4.034315454829778	0.8	2.4	0.2746797789295248	0.8863408166382999	3.3588028091650743	2.2171150548621714	1.141687754302903	8.435201875245944	0.26755758989443745	51	0.6079617497717581	0.4750128458108494	nan	nan	CS-Parzen ICA	0.9981569643055812	1.3016297681339835	0.0	1.484768202977592	False				1.8953283819174	0.5396666363680026
b01__roi_015	roi_015@x389_y142	roi_015	roi_010	1	1	Raw	389.057	142.057	2003	2026	996.0	51.891	211.0	-23.0	2645.0	2668.0	4.066215721337685	0.4	2.2	0.6111111111107421	116.17857142857098	230.3846153846154	216.625	13.759615384615387	8.380385738357626	0.2609381904675644	51	138.65909090909088	0.705693474966927	0.0	0.0		nan	nan	nan	nan	True	False	18	2.8295755865500194	nan	nan
b01__roi_015	roi_015@x389_y142	roi_015	roi_010	1	1	CS-Parzen ICA	389.057	142.057	2003	2026	2.1384098529815674	0.8687920610189437	3.8165314197540283	-0.8721233606338501	10.14613938331604	15.71937346458435	4.39291700120392	0.8	0.9	0.10964325748855647	0.7508424094745091	2.7072660739605245	2.4790487641637977	0.22821730979672683	8.30907593905233	0.206074249106379	40	1.1659093336625532	0.496309494544268	nan	nan	Raw	0.43543887891784105	0.018087826633819623	0.4	0.016586023911344963	True	False	18	2.8295755865500194	nan	nan
b01__roi_015	roi_015@x389_y142	roi_015	roi_010	1	1	Local standardization	389.057	142.057	2003	2026	0.4663013219833374	1.2784656107604504	4.430084824562073	-1.5381218194961548	5.695036590099335	17.558070302009583	3.4651575950187934	0.8	0.9	0.03785276685657051	1.09025078659345	3.497064085390705	2.9260675829242575	0.5709965024664476	8.34397122684932	0.11427713011759844	42	1.4605119279850358	0.6038084014983679	nan	nan	CS-Parzen ICA	0.9799111687698822	1.1607620470439688	0.0	2.5019859381965737	True	False	18	2.8295755865500194	2.1478455441131743	1.1814341243258881
b03__roi_022	roi_022@x351_y224	roi_022	roi_022	2	3	Raw	350.773	223.843	2122	2149	1102.0	37.065	252.0	-96.0	2634.0	2788.0	6.798866855340649	1.3	2.0	0.7998708844410588	6.142857142856833	245.3846153846154	206.45454545454547	38.93006993006992	8.547648113491688	0.14934071533334664	52	112.68181818181824	0.6418338911021938	0.0	0.0		nan	nan	nan	nan	True	False	25	17.246917927560247	nan	nan
b03__roi_022	roi_022@x351_y224	roi_022	roi_022	2	3	CS-Parzen ICA	350.773	223.843	2122	2149	2.1567466259002686	0.44097578415870664	1.931520700454712	-1.111316204071045	18.11741816997528	20.97616982460022	4.380106040878322	0.9	2.5	0.7476388715891051	0.11676994391850047	2.7870885592240553	2.1660106398842554	0.6210779193397999	8.587151590965117	0.13351455907403514	53	0.7819061441854998	0.49974697684488967	nan	nan	Raw	0.23978996936501884	0.00766476468431368	-0.4	0.01595368106041136	True	False	25	17.246917927560247	nan	nan
b03__roi_022	roi_022@x351_y224	roi_022	roi_022	2	3	Local standardization	350.773	223.843	2122	2149	0.2685370147228241	0.5968996502459049	2.3607392609119415	-1.5426542460918427	16.484924022108316	22.02117508649826	3.955001910261441	0.9	1.5	0.49785956789423	0.16866348710443282	3.3692500413610387	2.5645876222141935	0.8046624191468452	8.506287442553207	0.46438483335084163	54	0.9674427220174535	0.44741137437331724	nan	nan	CS-Parzen ICA	0.9784988901307182	1.2222179442001146	0.0	1.2955901229053575	True	False	25	17.246917927560247	2.7978015471486537	0.8205128818429404
b01__roi_011	roi_011@x420_y143	roi_011	roi_011	1	1	Raw	419.847	143.3	2003	2026	911.0	54.856199999999994	342.0	122.0	4821.0	4821.0	6.234482155048392	0.5	2.2	0.840778923252829	71.32142857142847	323.38461538461536	310.39772727272725	12.986888111888106	8.20002718653253	0.6479057337910035	15	228.715909090909	0.851331203531364	0.0	0.0		nan	nan	nan	nan	True	True	22	5.367253394428111	nan	nan
b01__roi_011	roi_011@x420_y143	roi_011	roi_011	1	1	CS-Parzen ICA	419.847	143.3	2003	2026	1.6913537979125977	0.8685363186836242	3.709043502807617	-0.4906259775161743	35.36387646198273	36.08564579486847	4.270452966386812	0.7	1.1	0.3217316796390066	0.793642256941114	4.116102163608257	3.642283768816428	0.4738183947918295	8.09357829930359	0.8905082291924467	15	2.639772930267182	0.855955057380808	nan	nan	Raw	0.6175158044639911	0.010845156440926235	0.19999999999999996	0.03648436720738474	True	True	22	5.367253394428111	nan	nan
b01__roi_011	roi_011@x420_y143	roi_011	roi_011	1	1	Local standardization	419.847	143.3	2003	2026	-0.24402053654193878	1.2554434321135282	3.610518768429756	-0.9717114418745041	28.2719699293375	31.976643681526184	2.8758912374694474	0.7	1.3	0.13067839913181664	1.1454890221357348	4.05828148785692	3.8540979752274738	0.20418351262944645	8.170911093473611	0.7613208768685039	15	2.8457343252613843	0.8463747259154119	nan	nan	CS-Parzen ICA	0.9339203417204384	0.9734366190968863	0.0	0.4309320077964085	True	True	22	5.367253394428111	2.3389466950431297	0.9876575216051435
b04__roi_new_004	roi_new_004@x338_y238	roi_new_004	roi_new_004	2	4	Raw	338.0	238.0	2254	2300	1825.0	105.26459999999999	486.0	-132.0	4419.0	5453.0	4.616936747922693	0.8	1.5	0.10518848804213514	54.60714285714241	437.9230769230769	341.4886363636364	96.43444055944053	8.274523783085511	0.744580907449495	16	232.80681818181802	0.7357173242523519	0.01108185209567698	0.0		nan	nan	nan	nan	False				nan	nan
b04__roi_new_004	roi_new_004@x338_y238	roi_new_004	roi_new_004	2	4	CS-Parzen ICA	338.0	238.0	2254	2300	3.730034589767456	1.5124463853836059	5.891103982925415	-2.5831220149993896	21.638516426086426	44.316553592681885	3.895082851175683	1.1	0.5	0.4405772411992155	1.4300085391317094	4.643663461391743	3.7855395918542687	0.858123869537474	8.224561282369857	0.7655084071485282	24	2.043252174827186	0.5132251847229273	nan	nan	Raw	0.44770846157873434	0.012121613133566448	0.30000000000000004	0.00889852074166016	False				nan	nan
b04__roi_new_004	roi_new_004@x338_y238	roi_new_004	roi_new_004	2	4	Local standardization	338.0	238.0	2254	2300	0.6740204691886902	1.19368424295187	4.25889664888382	-2.183161675930023	-2.275444229133427	24.689869225025177	3.5678586447485525	1.1	0.7	0.17134100213453193	1.1227154803595376	3.291460009721609	2.5601181328106164	0.7313418769109927	8.316172310066321	0.39206136339178016	46	1.3354484487526035	0.6152907321976981	nan	nan	CS-Parzen ICA	0.9751804180800866	0.7229369334686216	0.0	0.8522567685396363	False				4.858373456115762	0.7599764751425094
b04__roi_007	roi_007@x479_y229	roi_007	roi_007	1	4	Raw	479.364	229.223	2254	2300	950.0	51.891	309.0	-21.0	7097.0	7132.0	5.954789847835756	1.1	3.4	0.6209090909089497	45.67857142857123	327.38461538461536	299.27272727272725	28.111888111888106	8.292592475743904	0.29208612794669603	39	204.73863636363626	0.7750920760306593	0.0	0.0		nan	nan	nan	nan	True	False	35	6.27106250965499	nan	nan
b04__roi_007	roi_007@x479_y229	roi_007	roi_007	1	4	CS-Parzen ICA	479.364	229.223	2254	2300	1.777873158454895	0.5696458152294158	3.199382185935974	-0.8393324017524719	46.02893191576004	48.493329644203186	5.616441119700024	1.3	3.9	0.6538315930540997	-0.0416096917220525	3.9720581586544332	3.315292630683292	0.6567655279711411	8.211272291545802	0.3070536563518773	37	2.2295749302614816	0.578294493850803	nan	nan	Raw	0.2621030524849941	0.010353987656717217	0.19999999999999996	0.023362554849883668	True	False	35	6.27106250965499	nan	nan
b04__roi_007	roi_007@x479_y229	roi_007	roi_007	1	4	Local standardization	479.364	229.223	2254	2300	-0.16343963146209717	0.791449976170063	3.7644656896591187	-1.3112342357635498	29.100585359730758	37.85337926784996	4.756416448604216	0.6	0.9	0.22238205643293868	-0.061091811130089234	4.12670080908216	3.5239626897858796	0.6027381192962804	8.26748942814062	0.14970390679889853	39	2.210872927151451	0.6545105352541573	nan	nan	CS-Parzen ICA	0.9171793020253127	1.176622694541011	-0.7000000000000001	0.9177371416561745	True	False	35	6.27106250965499	3.144916212749369	0.6364391077391384
b02__roi_new_006	roi_new_006@x408_y168	roi_new_006	roi_new_006	2	2	Raw	408.0	168.0	2040	2063	953.0	103.782	241.0	-131.0	1375.0	1772.0	2.3221753290327594	0.2	0.9	0.21038251366105848	198.3214285714285	206.07692307692307	165.77272727272728	40.304195804195786	8.350910468662885	0.31932287277166266	47	103.97727272727275	0.8415228584649819	0.0	0.0		nan	nan	nan	nan	False				nan	nan
b02__roi_new_006	roi_new_006@x408_y168	roi_new_006	roi_new_006	2	2	CS-Parzen ICA	408.0	168.0	2040	2063	2.3687286376953125	1.3007274331569671	2.3850584030151367	-1.3278801441192627	13.09708833694458	19.011910676956177	1.833634272933553	0.2	2.1	0.6186402612527913	1.2609686063868657	2.5815024284216075	2.114371199499477	0.4671312289221303	8.29745243727449	0.2589928395400552	47	0.8907910741188307	0.6048327185947736	nan	nan	Raw	0.1916905316032161	0.009896507896287304	0.0	0.011590138931934984	False				nan	nan
b02__roi_new_006	roi_new_006@x408_y168	roi_new_006	roi_new_006	2	2	Local standardization	408.0	168.0	2040	2063	0.4277132749557495	1.6353904038906097	2.976934790611267	-1.7057580947875977	13.608982514590025	21.49309504032135	1.8203205679260375	0.2	2.1	0.5241947788199492	1.5866770829473227	3.1614362574540653	2.447378463376398	0.7140577940776671	8.379032247088846	0.1406857312151398	54	1.0899421922556278	0.6248220514058038	nan	nan	CS-Parzen ICA	0.998025520922272	1.2481601228715127	0.0	1.5286021322031902	False				1.9354386726285833	0.814406242268367
b02__roi_009	roi_009@x351_y170	roi_009	roi_009	1	2	Raw	350.8	170.027	2040	2063	1086.0	69.6822	217.0	-77.0	1732.0	1862.0	3.114138187325972	0.1	1.6	0.33668341708518545	71.82142857142857	227.46153846153845	155.23863636363637	72.22290209790208	8.246964572640701	0.34390237402587087	46	100.59090909090912	0.6593389270143062	0.0	0.0		nan	nan	nan	nan	True	True	31	2.179157864864307	nan	nan
b02__roi_009	roi_009@x351_y170	roi_009	roi_009	1	2	CS-Parzen ICA	350.8	170.027	2040	2063	2.6380178928375244	0.9666959533452987	1.6749980449676514	-1.426096796989441	-5.688214540481567	6.733263731002808	1.7327041014690654	0.4	0.4	0.26908632904469704	-0.1708503259079806	2.70934037061838	1.8860602907159112	0.8232800799024689	8.238358849596171	0.38011890318162	51	0.7405321421948345	0.2740705609579488	nan	nan	Raw	0.22521039266213919	0.007718884999815358	0.30000000000000004	0.011399155336835796	True	True	31	2.179157864864307	nan	nan
b02__roi_009	roi_009@x351_y170	roi_009	roi_009	1	2	Local standardization	350.8	170.027	2040	2063	0.9836423397064209	1.3469890587642788	2.18735408782959	-2.0996758937835693	-11.384966544806957	8.069349646568298	1.6238840783253086	0.4	0.4	0.18797739466366092	-0.21877674997917196	3.545598668189576	2.3581785024805204	1.1874201657090557	8.28828524661639	0.2159341572013429	49	0.9665809791873802	0.34191244330216375	nan	nan	CS-Parzen ICA	0.9969221106932717	1.3058845609374718	0.0	1.4423040144581432	True	True	31	2.179157864864307	2.3668795372396425	1.0859171800914569
b03__roi_019	roi_019@x491_y213	roi_019	roi_019	1	3	Raw	490.975	213.45	2122	2149	684.0	45.9606	249.0	-16.0	3317.0	3333.0	5.417683842129614	0.3	2.1	0.8798646362093177	55.535714285714214	234.76923076923077	218.0909090909091	16.67832167832168	8.327469166760665	0.24641345837873363	23	151.01136363636374	0.7688758661966484	0.0	0.0		nan	nan	nan	nan	True	True	40	4.231208456221479	nan	nan
b03__roi_019	roi_019@x491_y213	roi_019	roi_019	1	3	CS-Parzen ICA	490.975	213.45	2122	2149	1.108946442604065	0.5049207351922989	3.43465793132782	-0.2220315933227539	34.44678032398224	34.66881191730499	6.802370521023189	0.5	0.9	0.499671044768134	-0.6355845672743667	2.6499727139106164	2.4417206211523577	0.20825209275825873	8.29719104424738	0.2347581634917221	38	1.3408500843427398	0.7084301336118379	nan	nan	Raw	0.37739657661136194	0.013793806953068378	0.2	0.012486393820815699	True	True	40	4.231208456221479	nan	nan
b03__roi_019	roi_019@x491_y213	roi_019	roi_019	1	3	Local standardization	490.975	213.45	2122	2149	-0.8644237518310547	0.8829761283159255	5.32670259475708	-0.5317394733428955	42.613723861053586	43.297651873901486	6.032668854687923	0.5	0.5	0.30862464602364204	-1.0858021457430105	3.638996470092724	3.366717782665298	0.2722786874274261	8.267343922990332	0.060739113585349086	34	1.737349801696837	0.7052930830871577	nan	nan	CS-Parzen ICA	0.9702277933437962	1.5508684415472307	0.0	1.307447538767558	True	True	40	4.231208456221479	3.5062720778157224	0.6352510924499652
b04__b006_c13	b006_c13@x336_y119	b006_c13	roi_new_032	1	4	Raw	336.0	119.0	2254	2300	2240.0	81.54299999999999	579.0	-139.0	6222.0	7000.0	7.100548176948352	1.2	1.0	0.2587664089192126	-0.8571428571428328	492.7692307692308	429.15909090909093	63.61013986013984	8.33271238754307	0.5806772798206611	22	304.0227272727275	0.8312159086974925	0.017006802721088437	0.0		nan	nan	nan	nan	False				nan	nan
b04__b006_c13	b006_c13@x336_y119	b006_c13	roi_new_032	1	4	CS-Parzen ICA	336.0	119.0	2254	2300	3.5116071701049805	1.1100875171184539	5.806169509887695	-2.2163033485412598	59.70631182193756	76.42182302474976	5.2303709528496265	1.3	2.4	0.5988168580792269	-0.9069653494017483	6.216799736022949	5.086339416829023	1.1304603191939266	8.239740779897522	0.587253404779387	28	3.1870356953956867	0.7126452446502701	nan	nan	Raw	0.29171100639115055	0.010027926614641913	0.10000000000000009	0.01777169994692211	False				nan	nan
b04__b006_c13	b006_c13@x336_y119	b006_c13	roi_new_032	1	4	Local standardization	336.0	119.0	2254	2300	0.15888667106628418	0.8944361067295074	3.582009792327881	-1.8154257535934448	14.9883504062891	34.576285153627396	4.004768771489648	1.3	2.4	0.31888577960357484	-0.7281710050467939	4.015950498887553	3.017794797951038	0.9981557009365147	8.31974759527801	0.1525790940355593	33	1.935999762081668	0.7203852478036833	nan	nan	CS-Parzen ICA	0.9500301592047439	0.6169316596098197	0.0	0.8829639423038612	False				5.0273935445060856	0.7819332808341406
b01__b004_c07	b004_c07@x456_y127	b004_c07	roi_new_008	1	1	Raw	456.0	127.0	2003	2026	962.0	80.0604	240.0	-10.0	2517.0	2527.0	2.9977367087474236	0.4	2.2	0.8431801604661976	50.60714285714278	226.46153846153845	215.11363636363637	11.347902097902079	8.472567599241358	0.2911896133024552	36	124.84090909090912	0.6609322905090931	0.0	0.0		nan	nan	nan	nan	False				nan	nan
b01__b004_c07	b004_c07@x456_y127	b004_c07	roi_new_008	1	1	CS-Parzen ICA	456.0	127.0	2003	2026	1.543299913406372	0.7444991651773453	3.067539930343628	-0.5314772129058838	22.98360788822174	23.729791402816772	4.12027315771757	0.8	1.8	0.5658870492250004	1.0054765386240818	2.5662783842820387	2.335316590287469	0.23096179399456984	8.462338873172547	0.3907780046585189	41	1.132275816391815	0.5637096331114799	nan	nan	Raw	0.3175437732052702	0.012781416376378528	0.4	0.02035281869561737	False				nan	nan
b01__b004_c07	b004_c07@x456_y127	b004_c07	roi_new_008	1	1	Local standardization	456.0	127.0	2003	2026	-0.4616074860095978	1.1021624651134014	3.7489159405231476	-0.8861992061138153	24.57214092463255	26.513299994170666	3.401418625461903	0.8	0.8	0.3756516511158347	1.4988866594420487	3.163561194275434	2.845000203582458	0.31856099069297583	8.413827655427216	0.37007144237893524	50	1.2418919566764752	0.5694369548420525	nan	nan	CS-Parzen ICA	0.9753055666986647	1.2221245768367446	0.0	1.3792800263804044	False				3.582135930480618	0.750717410513072
b03__roi_012	roi_012@x441_y158	roi_012	roi_012	1	3	Raw	441.314	157.951	2122	2149	897.0	41.5128	347.0	36.0	4858.0	4858.0	8.358867626169307	0.7	2.0	0.7226950354607367	37.03571428571404	328.3076923076923	356.42045454545456	-28.11276223776224	8.50228588321727	1.538566668543618	8	278.72727272727286	0.8750363158311896	0.0	0.0		nan	nan	nan	nan	True	True	7	5.957767786679846	nan	nan
b03__roi_012	roi_012@x441_y158	roi_012	roi_012	1	3	CS-Parzen ICA	441.314	157.951	2122	2149	1.5935958623886108	0.8647500242471694	5.467200875282288	-1.2406054735183716	42.63359236717224	44.86924135684967	6.322290506692511	0.9	0.8	0.45526953341235465	0.0812257336718694	4.215549661562993	4.388596712188288	-0.17304705062529457	8.497870027255928	1.9498311514370026	15	3.2604192735796627	0.7263536209542814	nan	nan	Raw	0.5851741806507956	0.015755622118923725	0.20000000000000007	0.006155462389925028	True	True	7	5.957767786679846	nan	nan
b03__roi_012	roi_012@x441_y158	roi_012	roi_012	1	3	Local standardization	441.314	157.951	2122	2149	-0.37071606516838074	1.1008318361520766	3.9066579043865204	-1.1101987659931183	25.177148416638374	28.740302100777626	3.5488235101314816	0.9	0.7	0.18642180004467443	0.2338224446866662	3.8908917032038937	4.498363392253933	-0.6074716890500391	8.492411591483592	1.203588088141888	17	3.321571173336865	0.6282288384703141	nan	nan	CS-Parzen ICA	0.9018460668898843	0.7145627155084631	0.0	3.510442335569551	True	True	7	5.957767786679846	3.031509521894728	0.23835952148163947
b02__b006_c05	b006_c05@x273_y160	b006_c05	roi_new_028	2	2	Raw	273.0	160.0	2040	2063	2962.0	174.9468	470.0	-249.0	617.0	2012.0	2.686530991120235	0.2	0.5	0.12590934527133413	321.3214285714281	439.38461538461536	289.42045454545456	149.9641608391608	7.412917041470312	1.2355329703787234	23	193.52272727272748	0.7804114312453926	0.1843130414558986	0.0		nan	nan	nan	nan	False				nan	nan
b02__b006_c05	b006_c05@x273_y160	b006_c05	roi_new_028	2	2	CS-Parzen ICA	273.0	160.0	2040	2063	4.910884380340576	1.148636211490631	5.388523578643799	-1.717376947402954	43.02059459686279	48.29256296157837	4.691236024119125	0.4	2.1	0.6000920934572872	2.13454325710024	6.178574397013738	4.531297572634437	1.6472768243793006	7.449683118117646	0.675941604849487	21	3.083707655018026	0.6244802095701611	nan	nan	Raw	0.49854708414194515	0.011464943784324114	0.2	0.010984469990366896	False				nan	nan
b02__b006_c05	b006_c05@x273_y160	b006_c05	roi_new_028	2	2	Local standardization	273.0	160.0	2040	2063	0.537495493888855	0.7241955191597342	1.8631974458694458	-1.3110343217849731	4.736187241622247	12.970740258693695	2.572782341236362	0.3	2.1	0.3733382748304782	1.0689243889812912	2.4101610061927485	1.7942608229098946	0.6159001832828539	7.81826363755793	1.6871311035312337	28	1.20277031279296	0.5705888314682128	nan	nan	CS-Parzen ICA	0.9388550766724763	0.34577141926371785	-0.10000000000000003	0.37388990957305385	False				6.275215748515778	4.128433104244105
b01__roi_006	roi_006@x407_y243	roi_006	roi_006	2	1	Raw	406.843	242.863	2003	2026	1060.0	77.09519999999999	246.0	91.0	3835.0	3835.0	3.190860131328658	1.8	2.2	0.8464130958108588	139.1071428571427	226.6153846153846	238.47727272727272	-11.861888111888106	8.336396682278906	0.48855621986102055	30	144.76136363636374	0.7940789412679944	0.0	0.0		nan	nan	nan	nan	True	True	11	4.007669896585813	nan	nan
b01__roi_006	roi_006@x407_y243	roi_006	roi_006	2	1	CS-Parzen ICA	406.843	242.863	2003	2026	2.8102033138275146	0.8449617180347442	2.69586443901062	-2.150630295276642	-9.713157176971436	9.366163492202759	3.190516656885101	0.6	0.4	0.021934960205016802	1.4009665846824646	2.409336814513573	2.782283341342753	-0.3729465268291796	8.285352135659553	0.6783860743133928	35	1.4964290857315063	0.5561717848317034	nan	nan	Raw	0.1514149592265724	0.01095879853251895	-1.2000000000000002	0.03144073888935519	True	True	11	4.007669896585813	nan	nan
b01__roi_006	roi_006@x407_y243	roi_006	roi_006	2	1	Local standardization	406.843	242.863	2003	2026	1.236447811126709	1.169771583455801	2.1256895065307617	-2.951696753501892	-26.46064890921116	6.425452947616577	1.8171834012532209	0.6	0.5	0.0	1.8164725261075163	2.3875735768905053	2.854880610390947	-0.4673070335004419	8.373297978425859	0.38176028676201174	43	1.6019489115675571	0.6614412046371098	nan	nan	CS-Parzen ICA	0.9765406110976314	0.7885001467367505	0.0	1.2530135049829696	True	True	11	4.007669896585813	2.0267578744400954	0.3858598079530962
b02__roi_014	roi_014@x483_y139	roi_014	roi_014	1	2	Raw	483.114	138.552	2040	2063	1241.0	197.1858	363.0	-65.0	2674.0	2803.0	1.8409033510433261	0.0	1.1	0.2024882024881156	284.7142857142854	279.15384615384613	222.54545454545453	56.6083916083916	8.155242890599217	0.4238676046797206	32	157.75	0.8468647611307176	0.0	0.0		nan	nan	nan	nan	True	False	83	7.523410131050925	nan	nan
b02__roi_014	roi_014@x483_y139	roi_014	roi_014	1	2	CS-Parzen ICA	483.114	138.552	2040	2063	2.8340888023376465	1.6429124452114103	4.542505264282227	-0.7230067253112793	31.872636556625366	32.95222043991089	2.7649101294212826	0.2	2.4	0.3715487908605934	2.254194114889417	3.2811439037323	2.866835129531947	0.41430877420035284	8.106248135080035	0.3688835602387336	35	1.6075960553505206	0.7230168769471491	nan	nan	Raw	0.6023464727280395	0.012513788606803617	0.2	0.007318857901124629	True	False	83	7.523410131050925	nan	nan
b02__roi_014	roi_014@x483_y139	roi_014	roi_014	1	2	Local standardization	483.114	138.552	2040	2063	0.17824523150920868	1.4281557574242352	4.342911079525948	-0.6405754536390305	30.649374440312386	31.61693176627159	3.0409225701808085	0.2	1.7	0.3485373470502837	2.0130743277924403	3.1203658764178934	2.699222093217858	0.4211437832000353	8.248238640865477	0.12711346557771575	39	1.5449691123371436	0.7371166238882015	nan	nan	CS-Parzen ICA	0.998988291609818	0.9560607695313528	0.0	1.0164973768570968	True	False	83	7.523410131050925	3.9944536105665085	1.6168244115731174
b01__roi_009	roi_009@x351_y170	roi_009	roi_009	1	1	Raw	350.8	170.027	2003	2026	981.0	57.8214	269.0	-40.0	2427.0	2486.0	4.6522567768222105	0.6	1.8	0.7859195402293204	-7.750000000000204	206.07692307692307	155.26136363636363	50.81555944055944	8.416984974099398	0.32247912298713877	54	73.0	0.603809134918229	0.0	0.0		nan	nan	nan	nan	True	False	67	11.055981593689442	nan	nan
b01__roi_009	roi_009@x351_y170	roi_009	roi_009	1	1	CS-Parzen ICA	350.8	170.027	2003	2026	1.825943112373352	0.501462999844551	3.1463435888290405	-1.2269846200942993	19.54716867208481	23.022819757461548	6.274328481921997	0.7	1.7	0.47089422131663045	0.8236868338925497	2.275327178148123	1.4902354018254713	0.7850917763226515	8.504755523605288	0.46808666302607616	51	0.3346338624303993	0.2859921932129466	nan	nan	Raw	0.43758485183129164	0.011696444568094216	0.09999999999999998	0.015449830424981315	True	False	67	11.055981593689442	nan	nan
b01__roi_009	roi_009@x351_y170	roi_009	roi_009	1	1	Local standardization	350.8	170.027	2003	2026	-0.05629449710249901	0.7121141736947	4.3943248353898525	-1.8023310340940952	25.70777403563261	30.948928277939558	6.170815006278737	0.7	1.7	0.4346741711595878	1.156195731567485	3.102906727948441	1.9994984475620599	1.1034082803863812	8.545458888525074	0.29787883683957556	51	0.4082070360044864	0.22900498567384464	nan	nan	CS-Parzen ICA	0.9992654024773138	1.3966449340100908	0.0	1.405451327167461	True	False	67	11.055981593689442	1.9441378164083996	0.32225865832951384
b04__roi_027	roi_027@x385_y205	roi_027	roi_027	1	4	Raw	384.548	204.929	2254	2300	1008.0	29.651999999999997	299.0	-88.0	3855.0	4153.0	10.083636853835033	1.2	1.8	0.6159533073927564	71.21428571428544	276.3076923076923	255.51136363636363	20.796328671328695	8.612141778644922	0.04915085061878895	30	169.43181818181813	0.6644971182928738	0.0	0.0		nan	nan	nan	nan	True	False	52	10.947207178088851	nan	nan
b04__roi_027	roi_027@x385_y205	roi_027	roi_027	1	4	CS-Parzen ICA	384.548	204.929	2254	2300	1.9091435670852661	0.8213696201562881	3.439156413078308	-1.2637439966201782	34.234777092933655	39.84112358093262	4.187099601074623	1.3	2.4	0.974805380813457	0.11119274795055314	3.185249007665194	2.8223724988373844	0.36287650882780964	8.60195663286937	0.19746771630097767	31	1.4272188341075724	0.45621085951049906	nan	nan	Raw	0.2025883478465882	0.011502195361427445	0.10000000000000009	0.01744906586856593	True	False	52	10.947207178088851	nan	nan
b04__roi_027	roi_027@x385_y205	roi_027	roi_027	1	4	Local standardization	384.548	204.929	2254	2300	0.08735661208629608	1.1913262040644883	3.931392624974251	-1.849588319659233	16.638339482073206	30.88504981994629	3.300013554861272	1.3	0.2	0.44824862978288266	0.15183451345988638	3.44980419989532	2.835454901360208	0.614349298535112	8.571485176427204	0.31328568702766	43	1.47539713932995	0.4463995829850721	nan	nan	CS-Parzen ICA	0.9356313766266474	1.143127020591723	0.0	1.6929982566979327	True	False	52	10.947207178088851	3.118776459149069	0.3662396956381401
b02__roi_015	roi_015@x389_y142	roi_015	roi_010	1	2	Raw	389.057	142.057	2040	2063	1122.0	112.6776	274.0	-160.0	1138.0	1637.0	2.4317166854598278	0.2	0.7	0.026976160602241547	179.64285714285722	212.92307692307693	203.5681818181818	9.354895104895121	8.330650357749057	0.18424548148041145	41	142.26136363636374	0.812428393445109	0.0	0.0		nan	nan	nan	nan	True	True	15	4.165152818324936	nan	nan
b02__roi_015	roi_015@x389_y142	roi_015	roi_010	1	2	CS-Parzen ICA	389.057	142.057	2040	2063	2.228482484817505	0.6074939134597778	3.284008741378784	-0.6403322219848633	33.93009686470032	34.88415312767029	5.4058298580639015	0.4	2.3	0.7459555042057983	0.4182904192379531	2.855192652115455	2.6261963749473747	0.22899627716808046	8.29214735804871	0.13085511105130238	36	1.3849282169883899	0.723666565566456	nan	nan	Raw	0.31269497020440995	0.01198543336265255	0.2	0.024478764815200886	True	True	15	4.165152818324936	nan	nan
b02__roi_015	roi_015@x389_y142	roi_015	roi_010	1	2	Local standardization	389.057	142.057	2040	2063	-0.10471503436565399	0.6859897329300642	3.517620727419853	-0.7533407360315323	32.997574880719185	34.25979842245579	5.127803746081236	0.4	2.2	0.6320993699193014	0.4313119990485052	3.0300136356113048	2.7493701740591363	0.28064346155216846	8.37255863658448	0.2425353916626545	43	1.5316193901182322	0.7102867874641916	nan	nan	CS-Parzen ICA	0.9926452740478439	1.0711362250734604	0.0	1.2255372174484844	True	True	15	4.165152818324936	3.104668779371308	1.6151895501318785
b03__roi_007	roi_007@x479_y229	roi_007	roi_007	1	3	Raw	479.364	229.223	2122	2149	1009.0	40.0302	282.0	34.0	4194.0	4194.0	7.044681265468455	0.7	2.1	0.8573959255974946	61.9642857142855	317.6923076923077	298.89772727272725	18.794580419580427	8.263751665047753	0.4022704656819583	33	211.85227272727275	0.8605997684721371	0.0	0.0		nan	nan	nan	nan	True	False	100	8.39584569891565	nan	nan
b03__roi_007	roi_007@x479_y229	roi_007	roi_007	1	3	CS-Parzen ICA	479.364	229.223	2122	2149	1.6581544876098633	0.3473502295732498	2.741703987121582	0.21461915969848633	34.11094343662262	34.11094343662262	7.893197544728293	1.1	1.7	0.5123084747138322	-0.1664975775139677	3.709008996303265	3.4121602421457116	0.2968487541575535	8.127908292903943	0.34236223272642136	23	2.193985608829694	0.795762523939657	nan	nan	Raw	0.685641293570006	0.009722354564226453	0.40000000000000013	0.01579438048175305	True	False	100	8.39584569891565	nan	nan
b03__roi_007	roi_007@x479_y229	roi_007	roi_007	1	3	Local standardization	479.364	229.223	2122	2149	-0.3972618281841278	0.4830195501387119	2.5515362918376923	-0.2889631688594818	24.632691842969507	25.29741389816627	5.282470007316434	0.8	1.2	0.16848354972101828	-0.19275095074304516	3.6995722581274233	3.5120429443274834	0.18752931379993987	8.211747925012284	0.21788891013875955	41	2.1123927410226315	0.7324393000431213	nan	nan	CS-Parzen ICA	0.9242463842444364	0.930638866519584	-0.30000000000000004	0.631733536158533	True	False	100	8.39584569891565	4.281162751134543	1.9810101430131375
b02__roi_011	roi_011@x420_y143	roi_011	roi_011	1	2	Raw	419.847	143.3	2040	2063	1183.0	143.8122	238.0	-106.0	1198.0	1567.0	1.654936090250654	0.3	0.7	0.10352112676049048	154.64285714285663	270.6923076923077	254.85227272727272	15.84003496503496	8.216759362067178	0.7636726665539936	22	190.25	0.7336173317164347	0.0	0.0		nan	nan	nan	nan	True	False	29	7.645613709833909	nan	nan
b02__roi_011	roi_011@x420_y143	roi_011	roi_011	1	2	CS-Parzen ICA	419.847	143.3	2040	2063	2.9277760982513428	1.7794613550424574	3.523529291152954	-2.4523087441921234	6.883404523134232	15.978901863098145	1.9801100367750182	0.4	0.3	0.2796284171937258	2.005825643028531	3.7705946335425744	3.3106422166932714	0.459952416849303	8.172391631438835	0.844055742103452	21	2.340432068163698	0.5636238743885387	nan	nan	Raw	0.40081010369205944	0.014804744920748528	0.10000000000000003	0.029037335955100937	True	False	29	7.645613709833909	nan	nan
b02__roi_011	roi_011@x420_y143	roi_011	roi_011	1	2	Local standardization	419.847	143.3	2040	2063	0.06084428355097771	1.3988535148926078	2.7810045666992664	-1.8148844055831432	4.060055613517761	11.69801002368331	1.988059889833932	0.4	0.3	0.18620845731625307	1.5861513935295601	2.941171681078581	2.6910839477813253	0.25008773329725553	8.342574037756377	0.371519520583578	25	1.9469862419117072	0.5826915308017263	nan	nan	CS-Parzen ICA	0.9955940249099361	0.7892667652551318	0.0	0.5437252280717291	True	False	29	7.645613709833909	4.6565739392885135	0.2710696733884784
b04__roi_019	roi_019@x491_y213	roi_019	roi_019	1	4	Raw	490.975	213.45	2254	2300	663.0	26.686799999999998	288.0	2.0	5061.0	5061.0	10.791852151221134	1.6	2.2	0.8297180043380948	24.642857142856844	220.15384615384616	220.5568181818182	-0.4029720279720266	8.404690512518377	0.16980798455857896	26	145.64772727272725	0.7367064742367522	0.0	0.0		nan	nan	nan	nan	True	False	35	21.51169739932209	nan	nan
b04__roi_019	roi_019@x491_y213	roi_019	roi_019	1	4	CS-Parzen ICA	490.975	213.45	2254	2300	1.1327639818191528	0.4120447336435318	3.356000304222107	-0.2462427020072937	50.631737887859344	51.190123438835144	8.144747455941769	3.2	3.4	0.7940814930262152	0.4871908788170129	2.448489500926091	2.3165095543319527	0.13197994659413848	8.396930946167886	0.222038598502026	40	1.1550059321929107	0.4428390797392584	nan	nan	Raw	0.3413792014950392	0.011652778834064077	1.6	-0.32751639756697115	True	False	35	21.51169739932209	nan	nan
b04__roi_019	roi_019@x491_y213	roi_019	roi_019	1	4	Local standardization	490.975	213.45	2254	2300	-0.8087693452835083	0.7050036320865154	3.7579456567764282	-0.5823315382003784	56.87282028608024	59.2308535259217	5.330391902129769	3.2	3.4	0.6105557296558938	0.8216877600976399	3.2724141796620994	3.2861956170633095	-0.013781437401210184	8.34340428270729	0.15073125784523309	34	1.7282527004801358	0.33902719898165623	nan	nan	CS-Parzen ICA	0.9763057921892788	1.119769164182993	0.0	-0.1044206915704386	True	False	35	21.51169739932209	2.4686084064914415	0.641500280929019
b02__b006_c06	b006_c06@x496_y139	b006_c06	roi_new_029	2	2	Raw	496.0	139.0	2040	2063	849.0	66.717	198.0	-89.0	1123.0	1341.0	2.9677593416525356	0.0	1.5	0.30447470817091005	109.74999999999983	153.6153846153846	131.9318181818182	21.683566433566426	8.595392829786142	0.9504653669053823	29	54.511363636363626	0.6680215805159609	0.0	0.0		nan	nan	nan	nan	False				nan	nan
b02__b006_c06	b006_c06@x496_y139	b006_c06	roi_new_029	2	2	CS-Parzen ICA	496.0	139.0	2040	2063	1.4864596128463745	0.709425703382492	2.6155205965042114	-0.6583172082901001	19.119251370429993	20.214175939559937	3.686813968463193	0.2	2.3	0.6718883153963084	0.5386981559651234	1.9286732215147753	1.695754196156155	0.2329190253586202	8.520957723628415	0.9340933145401825	39	0.5121060237288473	0.4109574921656646	nan	nan	Raw	0.17338120490195555	0.013209699982277787	0.2	0.010741730428040516	False				nan	nan
b02__b006_c06	b006_c06@x496_y139	b006_c06	roi_new_029	2	2	Local standardization	496.0	139.0	2040	2063	-0.5070528388023376	0.9704678434967994	3.4346184134483337	-0.9101688265800476	23.05476935952902	24.863389812409878	3.5391367503054463	0.2	2.3	0.6134849997797011	0.6986154365752426	2.5054216008060255	2.15813727172843	0.34728432907759554	8.467767156944902	0.0957274410971602	54	0.6413509965429759	0.3910856427650793	nan	nan	CS-Parzen ICA	0.998739799032787	1.3131681764332974	0.0	1.4910088476107988	False				2.689885895065733	0.5843417726690328
b04__roi_025	roi_025@x364_y130	roi_025	roi_025	1	4	Raw	363.96	129.776	2254	2300	1017.0	31.1346	228.0	-105.0	3314.0	3713.0	7.323042531224971	1.5	3.6	0.7229698375866714	47.714285714285495	242.46153846153845	234.51136363636363	7.950174825174827	8.53227477046923	0.11191614859656696	63	145.96590909090912	0.6372898690117993	0.0	0.0		nan	nan	nan	nan	True	False	69	17.870975798763748	nan	nan
b04__roi_025	roi_025@x364_y130	roi_025	roi_025	1	4	CS-Parzen ICA	363.96	129.776	2254	2300	1.8319776058197021	0.6714386877536773	2.8441665172576904	-1.1343275904655457	31.197965621948242	37.78849649429321	4.235928856791117	2.0	3.6	0.4827104502896773	-0.517597387943949	2.826448816519517	2.4818738969889553	0.34457491953056163	8.490393785561858	0.25294152629133415	48	1.143879962915724	0.38574156678102095	nan	nan	Raw	0.3237886515038686	0.012474414549321123	0.5	0.04334180405644633	True	False	69	17.870975798763748	nan	nan
b04__roi_025	roi_025@x364_y130	roi_025	roi_025	1	4	Local standardization	363.96	129.776	2254	2300	-0.09539081156253815	0.9765140421062707	3.888542428612709	-1.7174198478460312	22.2346811927855	35.31365990266204	3.9820650364057615	0.8	1.3	0.2206480516070839	-0.7466291705412527	3.3276601135014343	2.909635112687035	0.4180250008143993	8.42723923339821	0.16701908407866095	52	1.4736431230928493	0.4250421280843196	nan	nan	CS-Parzen ICA	0.9657310301063445	1.367199284447942	-1.2	1.213161422690724	True	False	69	17.870975798763748	2.8553025335752555	0.3848441793350806
b01__b006_c03	b006_c03@x452_y87	b006_c03	roi_new_021	2	1	Raw	452.0	87.0	2003	2026	1205.0	56.3388	280.0	-29.0	2240.0	2271.0	4.969931911844592	0.5	0.6	0.41671865252625284	19.21428571428531	236.69230769230768	220.07954545454547	16.61276223776221	8.303318506596264	0.6834900806283696	30	137.31818181818176	0.7586538594479196	0.0	0.0		nan	nan	nan	nan	False				nan	nan
b01__b006_c03	b006_c03@x452_y87	b006_c03	roi_new_021	2	1	CS-Parzen ICA	452.0	87.0	2003	2026	2.650646924972534	1.049571139383316	2.6807048320770264	-1.2968412637710571	6.809930443763733	15.981133699417114	2.5540954099576334	0.5	2.2	0.19523315295721766	-1.0902004156793876	2.6929828295340905	2.602695577523925	0.09028725201016563	8.241901879845257	0.7171453393875665	37	1.00859845565124	0.3283038192748111	nan	nan	Raw	0.1657174234452825	0.00957394582881233	0.0	0.005434812748929872	False				nan	nan
b01__b006_c03	b006_c03@x452_y87	b006_c03	roi_new_021	2	1	Local standardization	452.0	87.0	2003	2026	0.7259498834609985	1.367673600912094	3.1028484106063843	-1.8226033449172974	0.7443457096815109	16.040697932243347	2.2687053448047885	0.5	2.2	0.1283454956528175	-1.4219076629129377	2.952016943349288	2.8692310658384073	0.08278587751088073	8.25994444133662	0.6124204301942048	37	1.1710715068276676	0.3742358814431139	nan	nan	CS-Parzen ICA	0.9855811010441172	1.1574748447947563	0.0	0.9169165607636739	False				2.326794894540135	1.2344869863600383
b02__roi_010	roi_010@x389_y139	roi_010	roi_010	1	2	Raw	388.694	138.907	2040	2063	1068.0	65.2344	156.0	-95.0	794.0	1120.0	2.3913763290167247	0.0	1.3	0.3461538461534301	147.3214285714286	198.92307692307693	197.77272727272728	1.1503496503496535	8.345152685822816	0.3988645237532778	39	153.5	0.7295600424327888	0.0	0.0		nan	nan	nan	nan	True	False	75	4.536770327005766	nan	nan
b02__roi_010	roi_010@x389_y139	roi_010	roi_010	1	2	CS-Parzen ICA	388.694	138.907	2040	2063	2.0805423259735107	0.5543571248531342	2.321666955947876	-1.0836202502250671	8.649889886379242	13.079492092132568	4.1880348383272255	0.1	1.5	0.5936643932190682	-0.18949013096945572	2.6003330212373	2.5187298343940214	0.0816031868432785	8.351410434074587	0.32310126473257456	36	1.5052314177155495	0.4056955038243873	nan	nan	Raw	0.1769151373499299	0.01488248048674996	0.1	0.07093772467139633	True	False	75	4.536770327005766	nan	nan
b02__roi_010	roi_010@x389_y139	roi_010	roi_010	1	2	Local standardization	388.694	138.907	2040	2063	-0.27691763639450073	0.6332969365239143	2.5912835001945496	-1.285397469997406	6.790862984955311	12.124840535223484	4.091735403499719	0.1	0.3	0.38004004617881987	-0.23439779026167706	2.713656710890623	2.6368335157590495	0.07682319513157365	8.430711374790647	0.35343869469538164	41	1.704505441588646	0.47572417006237977	nan	nan	CS-Parzen ICA	0.9935242180437255	1.11613058558628	0.0	0.9414239463183108	True	False	75	4.536770327005766	4.085200604448846	0.6381052283015803
b02__b006_c07	b006_c07@x404_y138	b006_c07	roi_new_030	2	2	Raw	404.0	138.0	2040	2063	1086.0	54.856199999999994	239.0	-87.0	761.0	1362.0	4.356845716539666	0.0	0.9	0.20318021201395478	90.96428571428567	217.07692307692307	166.6818181818182	50.39510489510488	8.469034140260073	0.38767810138711845	48	100.47727272727263	0.6676306343282118	0.0	0.0		nan	nan	nan	nan	False				nan	nan
b02__b006_c07	b006_c07@x404_y138	b006_c07	roi_new_030	2	2	CS-Parzen ICA	404.0	138.0	2040	2063	2.400402784347534	0.9004579815387725	2.839923620223999	-1.3506531715393066	22.202833890914917	26.26012349128723	3.1538657830730217	0.4	2.2	0.4570672714796119	0.25598304186548454	2.5342815197431126	2.1379829943180084	0.39629852542510413	8.470807381853865	0.22133776422127474	52	0.9187395914711733	0.48505191798799163	nan	nan	Raw	0.14618272613317604	0.011882525607582078	0.4	0.007863829755729603	False				nan	nan
b02__b006_c07	b006_c07@x404_y138	b006_c07	roi_new_030	2	2	Local standardization	404.0	138.0	2040	2063	0.20070266723632812	1.0650013982534408	3.286165714263916	-1.5793604850769043	23.35234844684601	28.764229148626328	3.0855975556158866	0.4	2.2	0.40495063199676495	0.257630640906947	2.892308919189068	2.3804810568948267	0.5118278622942412	8.41536193696813	0.10996217503383236	48	1.0681224993472411	0.4757316152040609	nan	nan	CS-Parzen ICA	0.9977876111063649	1.1571317234396563	0.0	1.2915209827078948	False				2.534172669945071	0.7614281352455814
b04__roi_023	roi_023@x337_y209	roi_023	roi_023	2	4	Raw	337.056	208.992	2254	2300	1010.0	56.3388	231.0	-53.0	4030.0	4127.0	4.100193827271788	2.3	4.0	0.993719806762805	-12.750000000000552	251.30769230769232	289.39772727272725	-38.09003496503493	8.359624392837564	0.6701138236266867	24	203.52272727272737	0.6098082037268775	0.0	0.0		nan	nan	nan	nan	True	False	21	15.634679401893743	nan	nan
b04__roi_023	roi_023@x337_y209	roi_023	roi_023	2	4	CS-Parzen ICA	337.056	208.992	2254	2300	2.7158167362213135	0.5061923772811889	2.1241867542266846	-1.9626907706260681	-12.744821608066559	11.208829402923584	4.196402090129265	4.3	2.1	7.724802019946673	-0.05566704698971387	2.37391067468203	3.312668777324937	-0.9387581026429066	8.295250667907638	0.928295323089034	36	2.0985773307355964	0.021811409621553684	nan	nan	Raw	-0.10176289632030018	0.009195613654621165	2.0	0.02464576636722159	True	False	21	15.634679401893743	nan	nan
b04__roi_023	roi_023@x337_y209	roi_023	roi_023	2	4	Local standardization	337.056	208.992	2254	2300	0.9637836813926697	0.7136583539128303	0.807208240032196	-2.6799020171165466	-45.661313343793154	1.5190773606300354	1.1310849715068387	1.1	3.3	0.694269227928939	-0.08355666590588451	2.3228961997307263	3.424871156907598	-1.1019749571768718	8.31417563933981	0.9456803894390563	37	2.1953000412798827	0.029977469689159663	nan	nan	CS-Parzen ICA	0.8711695235981313	0.3800081316042544	-3.1999999999999997	1.1738646571979743	True	False	21	15.634679401893743	4.8121380679978225	0.4388540761226078
b01__roi_008	roi_008@x401_y259	roi_008	roi_008	2	1	Raw	401.476	258.829	2003	2026	1154.0	83.0256	223.0	-79.0	1635.0	1740.0	2.685918560026234	0.5	2.2	0.7092337917478299	35.428571428571345	207.84615384615384	199.64772727272728	8.19842657342656	8.401378163571618	0.2199022784092254	50	117.7045454545455	0.41911609291451524	0.0	0.0		nan	nan	nan	nan	True	True	23	1.2828939940618564	nan	nan
b01__roi_008	roi_008@x401_y259	roi_008	roi_008	2	1	CS-Parzen ICA	401.476	258.829	2003	2026	2.7788240909576416	1.0503883837223051	1.2284376621246338	-1.759294867515564	-5.243340015411377	7.593516111373901	1.1695080410179899	1.4	2.2	0.6548763374048198	0.9449802509375963	2.2723563726131735	2.2074210115454416	0.0649353610677319	8.324816817049301	0.14530002044005053	47	0.9479298012500457	0.24993049822866042	nan	nan	Raw	0.20052918641958847	0.005508689067798767	0.8999999999999999	0.007920466259987675	True	True	23	1.2828939940618564	nan	nan
b01__roi_008	roi_008@x401_y259	roi_008	roi_008	2	1	Local standardization	401.476	258.829	2003	2026	0.9070211052894592	1.357915714108944	1.3971120715141296	-2.385006010532379	-12.775500893592834	6.284944951534271	1.0288650878468115	0.0	1.5	0.4699537259323517	1.2172774097749162	2.554668166459753	2.547388727829622	0.007279438630130919	8.300460343185943	0.08195147586516087	49	1.0096826508831576	0.34440595572438504	nan	nan	CS-Parzen ICA	0.9899235362368985	1.1373080730530993	-1.4	0.11210284193900359	True	True	23	1.2828939940618564	2.413628613832511	0.6898098417755271
b03__roi_023	roi_023@x337_y209	roi_023	roi_023	2	3	Raw	337.056	208.992	2122	2149	1024.0	78.5778	177.0	-89.0	1782.0	1877.0	2.252544611808265	0.9	2.6	0.7493010251623958	-18.17857142857158	198.53846153846155	234.72727272727272	-36.18881118881117	8.428814333291857	0.2141648392178349	37	151.5	0.341390576444836	0.0	0.0		nan	nan	nan	nan	True	False	53	16.14221793930439	nan	nan
b03__roi_023	roi_023@x337_y209	roi_023	roi_023	2	3	CS-Parzen ICA	337.056	208.992	2122	2149	2.0474929809570312	0.6377664182424545	1.388960838317871	-1.5354118943214417	-3.7537715435028076	7.694886684417725	2.177851947689082	0.9	1.7	0.16252598776540347	-0.4512367482696269	2.1204921740752	2.534058639949018	-0.41356646587381807	8.378108892762134	0.33195432951614245	42	1.377801898528229	-0.09451250411542887	nan	nan	Raw	0.03196109803029818	0.007847236374632903	0.0	0.011428020216732409	True	False	53	16.14221793930439	nan	nan
b03__roi_023	roi_023@x337_y209	roi_023	roi_023	2	3	Local standardization	337.056	208.992	2122	2149	0.09798148274421692	0.864374584954977	1.7238156497478485	-2.052148848772049	-10.45221945270896	8.106242001056671	1.9942923794356415	0.1	0.9	0.041880493527569757	-0.6358816501285353	2.4316001024383764	2.9062147227027295	-0.4746146202643531	8.370558551596515	0.5494716123212127	38	1.5042141963812437	0.0005610521141141301	nan	nan	CS-Parzen ICA	0.9882303075430399	1.2410829743727168	-0.8	1.1476138917819685	True	False	53	16.14221793930439	2.2381141193480802	0.26204553074230674
b02__roi_012	roi_012@x441_y158	roi_012	roi_012	1	2	Raw	441.314	157.951	2040	2063	1071.0	93.40379999999999	203.0	-100.0	1461.0	1776.0	2.1733591138457604	0.2	1.4	0.26585887384157814	119.75000000000009	251.76923076923077	227.73863636363637	24.0305944055944	8.40381055760265	1.1777766512844612	23	180.03409090909088	0.7974617690090078	0.0	0.0		nan	nan	nan	nan	True	False	7	6.566810260697359	nan	nan
b02__roi_012	roi_012@x441_y158	roi_012	roi_012	1	2	CS-Parzen ICA	441.314	157.951	2040	2063	2.1225600242614746	0.6612964804887771	2.144801139831543	-1.3526137471199036	12.479485750198364	18.42598271369934	3.2433276145715326	1.8	1.8	0.8680872176642808	-0.39327594637870844	2.8695883659216075	2.8315629092129795	0.038025456708628	8.452627914017425	1.404660131647877	22	1.7222014387900182	0.3119723504825673	nan	nan	Raw	-0.02155775011592732	0.010565522856260973	1.6	0.0015823768678061986	True	False	7	6.566810260697359	nan	nan
b02__roi_012	roi_012@x441_y158	roi_012	roi_012	1	2	Local standardization	441.314	157.951	2040	2063	-0.4287726581096649	0.5100570115864277	1.6373368203639984	-1.030339628458023	10.290714010596275	14.801493898034096	3.2101054979350105	1.8	1.8	0.7645659093574851	-0.3460961778182537	2.377797176201756	2.449038920421365	-0.07124174421960916	8.499575092090703	0.36367856755274935	32	1.4939054123682252	0.341553976260832	nan	nan	CS-Parzen ICA	0.997998456246265	0.7633979622601283	0.0	-1.8735275921069152	True	False	7	6.566810260697359	4.194965065147164	0.5276809444678122
